Symbol,Timeframe,RangeStartHour,RangeStartMinute,RangeStartHHMM,RangeDur,StratMode,RRR,RiskPct,MC_Seed,MC_Stress,MC_SpreadMult,MC_SlipPts,MC_DelayMs,MC_FailProb,MC_SignalsTotal,MC_SignalsSkipped,MC_SkipRate,Trades,WinTrades,WinRatePct,NetProfit,GrossProfit,GrossLoss,ProfitFactor,MaxDD_Pct,Sharpe,AvgSpreadPts_Exec,MC_EntryBufferPts_LastSignal,DeviationPts,RangeSizePts_Avg,RangeSizePts_Max,DaysWithRange,MC_SpreadMult_Min,MC_SpreadMult_Max,MC_SlipPts_Min,MC_SlipPts_Max,MC_DelayMs_Min,MC_DelayMs_Max,MC_FailProb_Min,MC_FailProb_Max,EntryFills,SlipFillVsRefPts_Avg,SlipFillVsReqPts_Avg,SlipFillVsRefPts_Max,SlipFillVsReqPts_Max,Profit_Long,Profit_Short,WinRate_Long,WinRate_Short,MaxConsecLosses
NDX100,PERIOD_H1,15,0,15:00,60,BREAKOUT,2.00,0.10,329,2.00,1.1697,61,11,0.067687,514,26,0.050584,487,233,47.84,2135.78,22794.02,-20658.24,1.10,16.33,1.71,185.80,94.94,250,8132.37,35462.00,510,1.0000,3.0000,0,200,0,600,0.000000,0.050000,487,0.00,61.00,0.00,61.00,0.00,0.00,0.00,0.00,0
NDX100,PERIOD_H1,15,0,15:00,60,BREAKOUT,2.00,0.10,333,1.00,1.0687,93,114,0.030714,511,21,0.041096,488,235,48.16,2360.88,23495.57,-21134.69,1.11,15.84,1.87,185.77,106.75,250,8132.37,35462.00,510,1.0000,3.0000,0,200,0,600,0.000000,0.050000,488,0.00,93.00,0.00,93.00,0.00,0.00,0.00,0.00,0
NDX100,PERIOD_H1,15,0,15:00,60,BREAKOUT,2.00,0.10,325,3.00,1.2683,504,1492,0.073946,514,31,0.060311,483,228,47.20,918.91,20069.80,-19150.89,1.05,16.95,0.81,185.99,557.66,250,8132.37,35462.00,510,1.0000,3.0000,0,200,0,600,0.000000,0.050000,483,0.00,504.00,0.00,504.00,0.00,0.00,0.00,0.00,0
NDX100,PERIOD_H1,15,0,15:00,60,BREAKOUT,2.00,0.10,1,1.00,1.0025,113,116,0.040437,510,22,0.043137,486,234,48.15,2832.15,23782.87,-20950.72,1.14,15.40,2.21,185.47,113.50,250,8132.37,35462.00,510,1.0000,3.0000,0,200,0,600,0.000000,0.050000,486,0.00,113.00,0.00,113.00,0.00,0.00,0.00,0.00,0
NDX100,PERIOD_H1,15,0,15:00,60,BREAKOUT,2.00,0.10,493,2.50,1.3269,474,626,0.011090,489,4,0.008180,485,228,47.01,1060.66,20320.26,-19259.60,1.06,15.19,0.91,186.01,539.38,250,8132.37,35462.00,510,1.0000,3.0000,0,200,0,600,0.000000,0.050000,485,0.00,474.00,0.00,474.00,0.00,0.00,0.00,0.00,0
NDX100,PERIOD_H1,15,0,15:00,60,BREAKOUT,2.00,0.10,331,1.50,1.1195,243,90,0.010916,495,6,0.012121,487,233,47.84,2497.25,23110.82,-20613.57,1.12,14.76,1.96,185.85,266.91,250,8132.37,35462.00,510,1.0000,3.0000,0,200,0,600,0.000000,0.050000,487,0.00,243.00,0.00,243.00,0.00,0.00,0.00,0.00,0
NDX100,PERIOD_H1,15,0,15:00,60,BREAKOUT,2.00,0.10,159,3.00,1.1360,234,595,0.083670,532,47,0.088346,484,227,46.90,1293.95,20532.42,-19238.47,1.07,13.49,1.11,185.99,261.20,250,8132.37,35462.00,510,1.0000,3.0000,0,200,0,600,0.000000,0.050000,484,0.00,234.00,0.00,234.00,0.00,0.00,0.00,0.00,0
NDX100,PERIOD_H1,15,0,15:00,60,BREAKOUT,2.00,0.10,499,1.00,1.1018,183,413,0.025852,505,17,0.033663,486,229,47.12,2645.01,23117.70,-20472.69,1.13,10.92,2.09,185.79,203.36,250,8132.37,35462.00,510,1.0000,3.0000,0,200,0,600,0.000000,0.050000,486,0.00,183.00,0.00,183.00,0.00,0.00,0.00,0.00,0
NDX100,PERIOD_H1,15,0,15:00,60,BREAKOUT,2.00,0.10,161,2.50,1.1119,23,631,0.030537,501,12,0.023952,487,229,47.02,1670.15,22131.59,-20461.44,1.08,15.79,1.38,185.98,45.38,250,8132.37,35462.00,510,1.0000,3.0000,0,200,0,600,0.000000,0.050000,487,0.00,23.00,0.00,23.00,0.00,0.00,0.00,0.00,0
NDX100,PERIOD_H1,15,0,15:00,60,BREAKOUT,2.00,0.10,167,1.00,1.0356,3,415,0.035575,505,15,0.029703,489,233,47.65,3515.32,24951.49,-21436.17,1.16,14.42,2.64,185.65,10.12,250,8132.37,35462.00,510,1.0000,3.0000,0,200,0,600,0.000000,0.050000,489,0.00,3.00,0.00,3.00,0.00,0.00,0.00,0.00,0
NDX100,PERIOD_H1,15,0,15:00,60,BREAKOUT,2.00,0.10,495,2.00,1.2525,241,610,0.057964,521,34,0.065259,485,226,46.60,131.98,19128.84,-18996.86,1.01,16.10,0.12,186.09,291.51,250,8132.37,35462.00,510,1.0000,3.0000,0,200,0,600,0.000000,0.050000,485,0.00,241.00,0.00,241.00,0.00,0.00,0.00,0.00,0
NDX100,PERIOD_H1,15,0,15:00,60,BREAKOUT,2.00,0.10,497,1.50,1.1774,78,538,0.003626,493,3,0.006085,488,232,47.54,2925.56,23746.02,-20820.46,1.14,12.64,2.25,185.67,113.48,250,8132.37,35462.00,510,1.0000,3.0000,0,200,0,600,0.000000,0.050000,488,0.00,78.00,0.00,78.00,0.00,0.00,0.00,0.00,0
NDX100,PERIOD_H1,15,0,15:00,60,BREAKOUT,2.00,0.10,327,2.50,1.2194,248,1379,0.020814,500,14,0.028000,484,228,47.11,1894.20,22048.61,-20154.41,1.09,12.67,1.57,186.54,291.88,250,8132.37,35462.00,510,1.0000,3.0000,0,200,0,600,0.000000,0.050000,484,0.00,248.00,0.00,248.00,0.00,0.00,0.00,0.00,0
NDX100,PERIOD_H1,15,0,15:00,60,BREAKOUT,2.00,0.10,165,1.50,1.0616,107,541,0.018208,496,6,0.012097,488,233,47.75,3022.84,23869.69,-20846.85,1.15,13.15,2.31,185.74,119.33,250,8132.37,35462.00,510,1.0000,3.0000,0,200,0,600,0.000000,0.050000,488,0.00,107.00,0.00,107.00,0.00,0.00,0.00,0.00,0
NDX100,PERIOD_H1,15,0,15:00,60,BREAKOUT,2.00,0.10,163,2.00,1.0870,281,613,0.077410,525,44,0.083810,479,230,48.02,1912.70,21210.76,-19298.06,1.10,12.98,1.59,186.18,298.40,250,8132.37,35462.00,510,1.0000,3.0000,0,200,0,600,0.000000,0.050000,479,0.00,281.00,0.00,281.00,0.00,0.00,0.00,0.00,0
NDX100,PERIOD_H1,15,0,15:00,60,BREAKOUT,2.00,0.10,494,2.50,1.3275,138,1444,0.084530,537,51,0.094972,484,228,47.11,2695.33,23015.70,-20320.37,1.13,12.54,2.18,185.65,203.50,250,8132.37,35462.00,510,1.0000,3.0000,0,200,0,600,0.000000,0.050000,484,0.00,138.00,0.00,138.00,0.00,0.00,0.00,0.00,0
NDX100,PERIOD_H1,15,0,15:00,60,BREAKOUT,2.00,0.10,2,1.00,1.0027,178,443,0.027154,513,24,0.046784,487,233,47.84,2711.21,23028.05,-20316.84,1.13,13.75,2.14,185.91,178.55,250,8132.37,35462.00,510,1.0000,3.0000,0,200,0,600,0.000000,0.050000,487,0.00,178.00,0.00,178.00,0.00,0.00,0.00,0.00,0
NDX100,PERIOD_H1,15,0,15:00,60,BREAKOUT,2.00,0.10,330,2.00,1.1703,192,666,0.041121,509,19,0.037328,488,234,47.95,3219.55,24202.88,-20983.33,1.15,10.08,2.48,185.93,226.06,250,8132.37,35462.00,510,1.0000,3.0000,0,200,0,600,0.000000,0.050000,488,0.00,192.00,0.00,192.00,0.00,0.00,0.00,0.00,0
NDX100,PERIOD_H1,15,0,15:00,60,BREAKOUT,2.00,0.10,334,1.00,1.0689,159,441,0.017431,497,7,0.014085,488,232,47.54,2781.27,23822.56,-21041.29,1.13,12.91,2.16,185.96,172.78,250,8132.37,35462.00,510,1.0000,3.0000,0,200,0,600,0.000000,0.050000,488,0.00,159.00,0.00,159.00,0.00,0.00,0.00,0.00,0
NDX100,PERIOD_H1,15,0,15:00,60,BREAKOUT,2.00,0.10,326,3.00,1.2693,101,673,0.047380,517,29,0.056093,486,231,47.53,3047.43,23445.21,-20397.78,1.15,13.16,2.34,185.83,154.86,250,8132.37,35462.00,510,1.0000,3.0000,0,200,0,600,0.000000,0.050000,486,0.00,101.00,0.00,101.00,0.00,0.00,0.00,0.00,0
NDX100,PERIOD_H1,15,0,15:00,60,BREAKOUT,2.00,0.10,160,3.00,1.1370,431,1576,0.057103,516,29,0.056202,486,225,46.30,1277.64,20653.50,-19375.86,1.07,14.34,1.10,185.69,458.39,250,8132.37,35462.00,510,1.0000,3.0000,0,200,0,600,0.000000,0.050000,486,0.00,431.00,0.00,431.00,0.00,0.00,0.00,0.00,0
NDX100,PERIOD_H1,15,0,15:00,60,BREAKOUT,2.00,0.10,496,2.00,1.2530,372,64,0.031397,500,12,0.024000,487,231,47.43,1000.60,20443.51,-19442.91,1.05,16.81,0.85,186.00,422.60,250,8132.37,35462.00,510,1.0000,3.0000,0,200,0,600,0.000000,0.050000,487,0.00,372.00,0.00,372.00,0.00,0.00,0.00,0.00,0
NDX100,PERIOD_H1,15,0,15:00,60,BREAKOUT,2.00,0.10,168,1.00,1.0358,68,142,0.022292,500,13,0.026000,485,236,48.66,3422.37,24577.80,-21155.43,1.16,16.32,2.59,186.17,75.17,250,8132.37,35462.00,510,1.0000,3.0000,0,200,0,600,0.000000,0.050000,485,0.00,68.00,0.00,68.00,0.00,0.00,0.00,0.00,0
NDX100,PERIOD_H1,15,0,15:00,60,BREAKOUT,2.00,0.10,332,1.50,1.1198,41,581,0.065996,522,35,0.067050,485,229,47.22,3248.14,24581.45,-21333.31,1.15,14.21,2.50,185.87,64.97,250,8132.37,35462.00,510,1.0000,3.0000,0,200,0,600,0.000000,0.050000,485,0.00,41.00,0.00,41.00,0.00,0.00,0.00,0.00,0
NDX100,PERIOD_H1,15,0,15:00,60,BREAKOUT,2.00,0.10,500,1.00,1.1020,49,140,0.012569,492,2,0.004065,488,235,48.16,3094.98,24591.25,-21496.27,1.14,15.93,2.36,186.17,69.40,250,8132.37,35462.00,510,1.0000,3.0000,0,200,0,600,0.000000,0.050000,488,0.00,49.00,0.00,49.00,0.00,0.00,0.00,0.00,0
NDX100,PERIOD_H1,15,0,15:00,60,BREAKOUT,2.00,0.10,162,2.50,1.1125,187,1449,0.003970,493,3,0.006085,488,230,47.13,2262.03,22757.28,-20495.25,1.11,11.92,1.81,185.91,209.50,250,8132.37,35462.00,510,1.0000,3.0000,0,200,0,600,0.000000,0.050000,488,0.00,187.00,0.00,187.00,0.00,0.00,0.00,0.00,0
NDX100,PERIOD_H1,15,0,15:00,60,BREAKOUT,2.00,0.10,498,1.50,1.1777,176,129,0.058703,518,28,0.054054,488,232,47.54,2329.71,22945.67,-20615.96,1.11,13.70,1.87,186.37,211.55,250,8132.37,35462.00,510,1.0000,3.0000,0,200,0,600,0.000000,0.050000,488,0.00,176.00,0.00,176.00,0.00,0.00,0.00,0.00,0
NDX100,PERIOD_H1,15,0,15:00,60,BREAKOUT,2.00,0.10,328,2.50,1.2200,412,696,0.094253,542,58,0.107011,483,227,47.00,713.43,18565.32,-17851.89,1.04,14.96,0.64,185.42,456.00,250,8132.37,35462.00,510,1.0000,3.0000,0,200,0,600,0.000000,0.050000,483,0.00,412.00,0.00,412.00,0.00,0.00,0.00,0.00,0
NDX100,PERIOD_H1,15,0,15:00,60,BREAKOUT,2.00,0.10,164,2.00,1.0876,12,67,0.050844,514,25,0.048638,488,233,47.75,2135.84,23414.83,-21278.99,1.10,15.86,1.69,185.99,29.52,250,8132.37,35462.00,510,1.0000,3.0000,0,200,0,600,0.000000,0.050000,488,0.00,12.00,0.00,12.00,0.00,0.00,0.00,0.00,0
NDX100,PERIOD_H1,15,0,15:00,60,BREAKOUT,2.00,0.10,166,1.50,1.0620,206,132,0.073288,541,54,0.099815,485,234,48.25,2715.04,22599.84,-19884.80,1.14,14.21,2.17,186.27,218.39,250,8132.37,35462.00,510,1.0000,3.0000,0,200,0,600,0.000000,0.050000,485,0.00,206.00,0.00,206.00,0.00,0.00,0.00,0.00,0
NDX100,PERIOD_H1,15,0,15:00,60,BREAKOUT,2.00,0.10,3,1.00,1.0029,44,170,0.013872,493,3,0.006085,488,235,48.16,2999.66,24451.59,-21451.93,1.14,15.89,2.29,186.50,44.59,250,8132.37,35462.00,510,1.0000,3.0000,0,200,0,600,0.000000,0.050000,488,0.00,44.00,0.00,44.00,0.00,0.00,0.00,0.00,0
NDX100,PERIOD_H1,15,0,15:00,60,BREAKOUT,2.00,0.10,335,1.00,1.0691,24,168,0.004149,492,2,0.004065,488,236,48.36,3169.17,24737.97,-21568.80,1.15,16.04,2.41,186.46,37.82,250,8132.37,35462.00,510,1.0000,3.0000,0,200,0,600,0.000000,0.050000,488,0.00,24.00,0.00,24.00,0.00,0.00,0.00,0.00,0
NDX100,PERIOD_H1,15,0,15:00,60,BREAKOUT,2.00,0.10,161,3.00,1.1377,28,757,0.030537,501,12,0.023952,487,229,47.02,1615.03,22028.03,-20413.00,1.08,15.85,1.33,185.75,55.54,250,8132.37,35462.00,510,1.0000,3.0000,0,200,0,600,0.000000,0.050000,487,0.00,28.00,0.00,28.00,0.00,0.00,0.00,0.00,0
NDX100,PERIOD_H1,15,0,15:00,60,BREAKOUT,2.00,0.10,331,2.00,1.1708,323,120,0.014554,497,9,0.018109,486,231,47.53,1900.19,22021.87,-20121.68,1.09,17.30,1.54,185.86,357.15,250,8132.37,35462.00,510,1.0000,3.0000,0,200,0,600,0.000000,0.050000,486,0.00,323.00,0.00,323.00,0.00,0.00,0.00,0.00,0
NDX100,PERIOD_H1,15,0,15:00,60,BREAKOUT,2.00,0.10,333,1.50,1.1203,139,171,0.046071,512,22,0.042969,488,236,48.36,2830.76,23843.51,-21012.75,1.13,15.02,2.22,186.60,163.05,250,8132.37,35462.00,510,1.0000,3.0000,0,200,0,600,0.000000,0.050000,488,0.00,139.00,0.00,139.00,0.00,0.00,0.00,0.00,0
NDX100,PERIOD_H1,15,0,15:00,60,BREAKOUT,2.00,0.10,495,2.50,1.3283,302,762,0.057964,522,35,0.067050,485,225,46.39,-125.98,18682.87,-18808.85,0.99,18.75,-0.12,185.78,367.66,250,8132.37,35462.00,510,1.0000,3.0000,0,200,0,600,0.000000,0.050000,485,0.00,302.00,0.00,302.00,0.00,0.00,0.00,0.00,0
NDX100,PERIOD_H1,15,0,15:00,60,BREAKOUT,2.00,0.10,327,3.00,1.2700,298,1654,0.020814,500,14,0.028000,484,225,46.49,1400.53,21127.51,-19726.98,1.07,14.88,1.20,185.80,352.01,250,8132.37,35462.00,510,1.0000,3.0000,0,200,0,600,0.000000,0.050000,484,0.00,298.00,0.00,298.00,0.00,0.00,0.00,0.00,0
NDX100,PERIOD_H1,15,0,15:00,60,BREAKOUT,2.00,0.10,1,1.50,1.0044,169,174,0.060656,517,29,0.056093,486,235,48.35,2767.64,23104.92,-20337.28,1.14,14.55,2.18,186.32,169.88,250,8132.37,35462.00,510,1.0000,3.0000,0,200,0,600,0.000000,0.050000,486,0.00,169.00,0.00,169.00,0.00,0.00,0.00,0.00,0
NDX100,PERIOD_H1,15,0,15:00,60,BREAKOUT,2.00,0.10,497,2.00,1.2535,104,718,0.004834,494,4,0.008097,488,232,47.54,2819.45,23601.08,-20781.63,1.14,12.70,2.18,185.98,154.69,250,8132.37,35462.00,510,1.0000,3.0000,0,200,0,600,0.000000,0.050000,488,0.00,104.00,0.00,104.00,0.00,0.00,0.00,0.00,0
NDX100,PERIOD_H1,15,0,15:00,60,BREAKOUT,2.00,0.10,499,1.50,1.1782,275,620,0.038778,511,25,0.048924,484,229,47.31,2083.78,21873.89,-19790.11,1.11,10.76,1.71,185.94,310.63,250,8132.37,35462.00,510,1.0000,3.0000,0,200,0,600,0.000000,0.050000,484,0.00,275.00,0.00,275.00,0.00,0.00,0.00,0.00,0
NDX100,PERIOD_H1,15,0,15:00,60,BREAKOUT,2.00,0.10,169,1.00,1.0360,134,469,0.009011,493,3,0.006085,488,231,47.34,2701.87,23366.29,-20664.42,1.13,12.55,2.11,185.85,141.20,250,8132.37,35462.00,510,1.0000,3.0000,0,200,0,600,0.000000,0.050000,488,0.00,134.00,0.00,134.00,0.00,0.00,0.00,0.00,0
NDX100,PERIOD_H1,15,0,15:00,60,BREAKOUT,2.00,0.10,329,2.50,1.2206,76,14,0.067687,514,26,0.050584,487,233,47.84,2321.99,22903.26,-20581.27,1.11,15.59,1.85,185.84,120.12,250,8132.37,35462.00,510,1.0000,3.0000,0,200,0,600,0.000000,0.050000,487,0.00,76.00,0.00,76.00,0.00,0.00,0.00,0.00,0
NDX100,PERIOD_H1,15,0,15:00,60,BREAKOUT,2.00,0.10,165,2.00,1.0880,143,722,0.024277,503,13,0.025845,488,234,47.95,2711.21,23093.36,-20382.15,1.13,13.21,2.12,185.79,160.61,250,8132.37,35462.00,510,1.0000,3.0000,0,200,0,600,0.000000,0.050000,488,0.00,143.00,0.00,143.00,0.00,0.00,0.00,0.00,0
NDX100,PERIOD_H1,15,0,15:00,60,BREAKOUT,2.00,0.10,163,2.50,1.1131,351,767,0.077410,526,45,0.085551,479,228,47.60,1355.38,20306.44,-18951.06,1.07,15.66,1.17,185.91,373.61,250,8132.37,35462.00,510,1.0000,3.0000,0,200,0,600,0.000000,0.050000,479,0.00,351.00,0.00,351.00,0.00,0.00,0.00,0.00,0
NDX100,PERIOD_H1,15,0,15:00,60,BREAKOUT,2.00,0.10,167,1.50,1.0623,4,623,0.053363,515,26,0.050485,487,232,47.64,2853.69,23632.11,-20778.42,1.14,13.61,2.22,185.85,16.45,250,8132.37,35462.00,510,1.0000,3.0000,0,200,0,600,0.000000,0.050000,487,0.00,4.00,0.00,4.00,0.00,0.00,0.00,0.00,0
NDX100,PERIOD_H1,15,0,15:00,60,BREAKOUT,2.00,0.10,4,1.00,1.0031,110,497,0.000589,490,0,0.000000,488,232,47.54,2708.65,23605.30,-20896.65,1.13,13.40,2.10,185.74,110.62,250,8132.37,35462.00,510,1.0000,3.0000,0,200,0,600,0.000000,0.050000,488,0.00,110.00,0.00,110.00,0.00,0.00,0.00,0.00,0
NDX100,PERIOD_H1,15,0,15:00,60,BREAKOUT,2.00,0.10,162,3.00,1.1384,224,1739,0.003970,492,3,0.006098,487,229,47.02,2350.85,22950.79,-20599.94,1.11,12.65,1.88,186.11,251.69,250,8132.37,35462.00,510,1.0000,3.0000,0,200,0,600,0.000000,0.050000,487,0.00,224.00,0.00,224.00,0.00,0.00,0.00,0.00,0
NDX100,PERIOD_H1,15,0,15:00,60,BREAKOUT,2.00,0.10,332,2.00,1.1712,55,774,0.087994,528,41,0.077652,485,230,47.42,3387.13,24641.98,-21254.85,1.16,13.23,2.58,185.86,89.24,250,8132.37,35462.00,510,1.0000,3.0000,0,200,0,600,0.000000,0.050000,485,0.00,55.00,0.00,55.00,0.00,0.00,0.00,0.00,0
NDX100,PERIOD_H1,15,0,15:00,60,BREAKOUT,2.00,0.10,334,1.50,1.1206,238,662,0.026146,497,9,0.018109,486,232,47.74,1901.77,21995.95,-20094.18,1.09,12.33,1.55,186.14,262.12,250,8132.37,35462.00,510,1.0000,3.0000,0,200,0,600,0.000000,0.050000,486,0.00,238.00,0.00,238.00,0.00,0.00,0.00,0.00,0
NDX100,PERIOD_H1,15,0,15:00,60,BREAKOUT,2.00,0.10,336,1.00,1.0693,90,495,0.040867,506,16,0.031621,488,233,47.75,2613.21,23323.87,-20710.66,1.13,12.65,2.05,185.72,103.86,250,8132.37,35462.00,510,1.0000,3.0000,0,200,0,600,0.000000,0.050000,488,0.00,90.00,0.00,90.00,0.00,0.00,0.00,0.00,0
NDX100,PERIOD_H1,15,0,15:00,60,BREAKOUT,2.00,0.10,328,3.00,1.2708,495,836,0.094253,540,58,0.107407,482,227,47.10,363.59,18124.80,-17761.21,1.02,15.85,0.33,185.70,549.15,250,8132.37,35462.00,510,1.0000,3.0000,0,200,0,600,0.000000,0.050000,482,0.00,495.00,0.00,495.00,0.00,0.00,0.00,0.00,0
NDX100,PERIOD_H1,15,0,15:00,60,BREAKOUT,2.00,0.10,2,1.50,1.0048,267,665,0.040731,520,32,0.061538,486,234,48.15,2006.81,21627.48,-19620.67,1.10,13.71,1.65,186.08,267.96,250,8132.37,35462.00,510,1.0000,3.0000,0,200,0,600,0.000000,0.050000,486,0.00,267.00,0.00,267.00,0.00,0.00,0.00,0.00,0
NDX100,PERIOD_H1,15,0,15:00,60,BREAKOUT,2.00,0.10,496,2.50,1.3289,466,80,0.031397,497,12,0.024145,485,230,47.42,786.11,20073.21,-19287.10,1.04,17.25,0.68,186.02,531.78,250,8132.37,35462.00,510,1.0000,3.0000,0,200,0,600,0.000000,0.050000,485,0.00,466.00,0.00,466.00,0.00,0.00,0.00,0.00,0
NDX100,PERIOD_H1,15,0,15:00,60,BREAKOUT,2.00,0.10,498,2.00,1.2539,235,172,0.078271,525,38,0.072381,485,233,48.04,1829.54,21795.48,-19965.94,1.09,15.26,1.52,186.85,285.78,250,8132.37,35462.00,510,1.0000,3.0000,0,200,0,600,0.000000,0.050000,485,0.00,235.00,0.00,235.00,0.00,0.00,0.00,0.00,0
NDX100,PERIOD_H1,15,0,15:00,60,BREAKOUT,2.00,0.10,500,1.50,1.1785,73,210,0.018854,494,4,0.008097,488,234,47.95,2999.27,24303.07,-21303.80,1.14,16.42,2.30,186.35,108.70,250,8132.37,35462.00,510,1.0000,3.0000,0,200,0,600,0.000000,0.050000,488,0.00,73.00,0.00,73.00,0.00,0.00,0.00,0.00,0
NDX100,PERIOD_H1,15,0,15:00,60,BREAKOUT,2.00,0.10,170,1.00,1.0362,200,196,0.045729,510,21,0.041176,488,235,48.16,2462.83,22553.64,-20090.81,1.12,14.04,1.95,186.44,207.24,250,8132.37,35462.00,510,1.0000,3.0000,0,200,0,600,0.000000,0.050000,488,0.00,200.00,0.00,200.00,0.00,0.00,0.00,0.00,0
NDX100,PERIOD_H1,15,0,15:00,60,BREAKOUT,2.00,0.10,166,2.00,1.0885,274,176,0.097717,550,65,0.118182,483,237,49.07,2577.29,22119.87,-19542.58,1.13,14.97,2.08,186.63,291.70,250,8132.37,35462.00,510,1.0000,3.0000,0,200,0,600,0.000000,0.050000,483,0.00,274.00,0.00,274.00,0.00,0.00,0.00,0.00,0
NDX100,PERIOD_H1,15,0,15:00,60,BREAKOUT,2.00,0.10,330,2.50,1.2214,240,832,0.041121,508,19,0.037402,487,235,48.25,2959.00,23554.66,-20595.66,1.14,10.10,2.32,185.72,284.28,250,8132.37,35462.00,510,1.0000,3.0000,0,200,0,600,0.000000,0.050000,487,0.00,240.00,0.00,240.00,0.00,0.00,0.00,0.00,0
NDX100,PERIOD_H1,15,0,15:00,60,BREAKOUT,2.00,0.10,164,2.50,1.1139,15,84,0.050844,514,25,0.048638,487,233,47.84,2137.48,23401.87,-21264.39,1.10,15.70,1.69,185.95,37.77,250,8132.37,35462.00,510,1.0000,3.0000,0,200,0,600,0.000000,0.050000,487,0.00,15.00,0.00,15.00,0.00,0.00,0.00,0.00,0
NDX100,PERIOD_H1,15,0,15:00,60,BREAKOUT,2.00,0.10,168,1.50,1.0627,103,213,0.033438,503,16,0.031809,485,236,48.66,3058.33,23831.11,-20772.78,1.15,16.66,2.35,186.30,115.54,250,8132.37,35462.00,510,1.0000,3.0000,0,200,0,600,0.000000,0.050000,485,0.00,103.00,0.00,103.00,0.00,0.00,0.00,0.00,0
NDX100,PERIOD_H1,15,0,15:00,60,BREAKOUT,2.00,0.10,5,1.00,1.0033,175,224,0.037307,506,16,0.031621,488,236,48.36,2694.35,23522.87,-20828.52,1.13,14.88,2.10,186.16,175.66,250,8132.37,35462.00,510,1.0000,3.0000,0,200,0,600,0.000000,0.050000,488,0.00,175.00,0.00,175.00,0.00,0.00,0.00,0.00,0
NDX100,PERIOD_H1,15,0,15:00,60,BREAKOUT,2.00,0.10,329,3.00,1.2715,92,17,0.067687,514,26,0.050584,487,233,47.84,2332.49,22911.80,-20579.31,1.11,15.59,1.85,185.84,146.30,250,8132.37,35462.00,510,1.0000,3.0000,0,200,0,600,0.000000,0.050000,487,0.00,92.00,0.00,92.00,0.00,0.00,0.00,0.00,0
NDX100,PERIOD_H1,15,0,15:00,60,BREAKOUT,2.00,0.10,171,1.00,1.0364,65,523,0.032446,502,12,0.023904,488,232,47.54,2615.82,23423.23,-20807.41,1.13,13.44,2.05,185.80,72.29,250,8132.37,35462.00,510,1.0000,3.0000,0,200,0,600,0.000000,0.050000,488,0.00,65.00,0.00,65.00,0.00,0.00,0.00,0.00,0
NDX100,PERIOD_H1,15,0,15:00,60,BREAKOUT,2.00,0.10,333,2.00,1.1718,186,228,0.061428,521,32,0.061420,487,234,48.05,2828.66,23224.26,-20395.60,1.14,14.91,2.24,186.19,220.36,250,8132.37,35462.00,510,1.0000,3.0000,0,200,0,600,0.000000,0.050000,487,0.00,186.00,0.00,186.00,0.00,0.00,0.00,0.00,0
NDX100,PERIOD_H1,15,0,15:00,60,BREAKOUT,2.00,0.10,3,1.50,1.0051,66,255,0.020808,496,6,0.012097,488,233,47.75,3029.88,24322.90,-21293.02,1.14,16.00,2.32,186.43,67.03,250,8132.37,35462.00,510,1.0000,3.0000,0,200,0,600,0.000000,0.050000,488,0.00,66.00,0.00,66.00,0.00,0.00,0.00,0.00,0
NDX100,PERIOD_H1,15,0,15:00,60,BREAKOUT,2.00,0.10,337,1.00,1.0695,155,223,0.027584,499,9,0.018036,488,234,47.95,2594.56,23333.20,-20738.64,1.13,14.61,2.04,186.21,168.90,250,8132.37,35462.00,510,1.0000,3.0000,0,200,0,600,0.000000,0.050000,488,0.00,155.00,0.00,155.00,0.00,0.00,0.00,0.00,0
NDX100,PERIOD_H1,15,0,15:00,60,BREAKOUT,2.00,0.10,335,1.50,1.1209,36,252,0.006223,492,2,0.004065,488,235,48.16,3210.33,24611.48,-21401.15,1.15,16.00,2.44,186.39,60.18,250,8132.37,35462.00,510,1.0000,3.0000,0,200,0,600,0.000000,0.050000,488,0.00,36.00,0.00,36.00,0.00,0.00,0.00,0.00,0
NDX100,PERIOD_H1,15,0,15:00,60,BREAKOUT,2.00,0.10,499,2.00,1.2545,366,826,0.051704,521,36,0.069098,483,227,47.00,551.67,19685.08,-19133.41,1.03,17.38,0.49,185.82,416.90,250,8132.37,35462.00,510,1.0000,3.0000,0,200,0,600,0.000000,0.050000,483,0.00,366.00,0.00,366.00,0.00,0.00,0.00,0.00,0
NDX100,PERIOD_H1,15,0,15:00,60,BREAKOUT,2.00,0.10,163,3.00,1.1392,421,920,0.077410,525,45,0.085714,479,228,47.60,1292.47,19994.66,-18702.19,1.07,14.84,1.12,186.37,448.83,250,8132.37,35462.00,510,1.0000,3.0000,0,200,0,600,0.000000,0.050000,479,0.00,421.00,0.00,421.00,0.00,0.00,0.00,0.00,0
NDX100,PERIOD_H1,15,0,15:00,60,BREAKOUT,2.00,0.10,167,2.00,1.0890,6,830,0.071151,518,29,0.055985,487,232,47.64,2804.37,23526.05,-20721.68,1.14,13.79,2.19,185.81,23.79,250,8132.37,35462.00,510,1.0000,3.0000,0,200,0,600,0.000000,0.050000,487,0.00,6.00,0.00,6.00,0.00,0.00,0.00,0.00,0
NDX100,PERIOD_H1,15,0,15:00,60,BREAKOUT,2.00,0.10,165,2.50,1.1145,179,902,0.024277,503,13,0.025845,488,233,47.75,2280.87,22217.67,-19936.80,1.11,12.16,1.82,186.00,201.89,250,8132.37,35462.00,510,1.0000,3.0000,0,200,0,600,0.000000,0.050000,488,0.00,179.00,0.00,179.00,0.00,0.00,0.00,0.00,0
NDX100,PERIOD_H1,15,0,15:00,60,BREAKOUT,2.00,0.10,497,2.50,1.3295,130,897,0.004834,494,4,0.008097,488,232,47.54,2732.16,23381.48,-20649.32,1.13,12.05,2.13,186.15,195.90,250,8132.37,35462.00,510,1.0000,3.0000,0,200,0,600,0.000000,0.050000,488,0.00,130.00,0.00,130.00,0.00,0.00,0.00,0.00,0
NDX100,PERIOD_H1,15,0,15:00,60,BREAKOUT,2.00,0.10,331,2.50,1.2220,404,150,0.014554,496,9,0.018145,486,231,47.53,2152.48,22057.59,-19905.11,1.11,17.06,1.75,186.40,448.40,250,8132.37,35462.00,510,1.0000,3.0000,0,200,0,600,0.000000,0.050000,486,0.00,404.00,0.00,404.00,0.00,0.00,0.00,0.00,0
NDX100,PERIOD_H1,15,0,15:00,60,BREAKOUT,2.00,0.10,1,2.00,1.0063,225,232,0.080874,534,47,0.088015,485,230,47.42,1989.58,21295.27,-19305.69,1.10,13.59,1.64,186.08,226.25,250,8132.37,35462.00,510,1.0000,3.0000,0,200,0,600,0.000000,0.050000,485,0.00,225.00,0.00,225.00,0.00,0.00,0.00,0.00,0
NDX100,PERIOD_H1,15,0,15:00,60,BREAKOUT,2.00,0.10,169,1.50,1.0630,201,704,0.013516,495,5,0.010101,488,230,47.13,2209.93,22357.16,-20147.23,1.11,11.44,1.77,185.73,213.60,250,8132.37,35462.00,510,1.0000,3.0000,0,200,0,600,0.000000,0.050000,488,0.00,201.00,0.00,201.00,0.00,0.00,0.00,0.00,0
NDX100,PERIOD_H1,15,0,15:00,60,BREAKOUT,2.00,0.10,172,1.00,1.0366,131,251,0.019164,497,7,0.014085,488,235,48.16,3199.70,24534.78,-21335.08,1.15,15.28,2.43,186.39,138.32,250,8132.37,35462.00,510,1.0000,3.0000,0,200,0,600,0.000000,0.050000,488,0.00,131.00,0.00,131.00,0.00,0.00,0.00,0.00,0
NDX100,PERIOD_H1,15,0,15:00,60,BREAKOUT,2.00,0.10,6,1.00,1.0035,41,552,0.024026,500,10,0.020000,488,232,47.54,2615.49,23997.69,-21382.20,1.12,13.71,2.04,185.75,41.71,250,8132.37,35462.00,510,1.0000,3.0000,0,200,0,600,0.000000,0.050000,488,0.00,41.00,0.00,41.00,0.00,0.00,0.00,0.00,0
NDX100,PERIOD_H1,15,0,15:00,60,BREAKOUT,2.00,0.10,330,3.00,1.2725,288,998,0.041121,507,19,0.037475,486,231,47.53,2336.42,22695.57,-20359.15,1.11,14.72,1.89,186.40,342.49,250,8132.37,35462.00,510,1.0000,3.0000,0,200,0,600,0.000000,0.050000,486,0.00,288.00,0.00,288.00,0.00,0.00,0.00,0.00,0
NDX100,PERIOD_H1,15,0,15:00,60,BREAKOUT,2.00,0.10,168,2.00,1.0896,137,284,0.044584,506,19,0.037549,485,236,48.66,3000.05,23686.37,-20686.32,1.15,15.94,2.31,186.43,154.91,250,8132.37,35462.00,510,1.0000,3.0000,0,200,0,600,0.000000,0.050000,485,0.00,137.00,0.00,137.00,0.00,0.00,0.00,0.00,0
NDX100,PERIOD_H1,15,0,15:00,60,BREAKOUT,2.00,0.10,334,2.00,1.1723,317,882,0.034861,500,13,0.026000,485,230,47.42,1536.83,21187.79,-19650.96,1.08,15.16,1.29,186.04,351.46,250,8132.37,35462.00,510,1.0000,3.0000,0,200,0,600,0.000000,0.050000,485,0.00,317.00,0.00,317.00,0.00,0.00,0.00,0.00,0
NDX100,PERIOD_H1,15,0,15:00,60,BREAKOUT,2.00,0.10,166,2.50,1.1151,343,220,0.097717,550,65,0.118182,483,235,48.65,2074.83,21303.26,-19228.43,1.11,17.75,1.73,186.26,366.01,250,8132.37,35462.00,510,1.0000,3.0000,0,200,0,600,0.000000,0.050000,483,0.00,343.00,0.00,343.00,0.00,0.00,0.00,0.00,0
NDX100,PERIOD_H1,15,0,15:00,60,BREAKOUT,2.00,0.10,498,2.50,1.3301,294,215,0.078271,524,40,0.076336,482,232,48.13,1935.07,21881.49,-19946.42,1.10,17.34,1.60,186.74,360.02,250,8132.37,35462.00,510,1.0000,3.0000,0,200,0,600,0.000000,0.050000,482,0.00,294.00,0.00,294.00,0.00,0.00,0.00,0.00,0
NDX100,PERIOD_H1,15,0,15:00,60,BREAKOUT,2.00,0.10,164,3.00,1.1401,18,101,0.050844,514,25,0.048638,487,233,47.84,2220.34,23401.41,-21181.07,1.10,15.78,1.75,186.15,46.03,250,8132.37,35462.00,510,1.0000,3.0000,0,200,0,600,0.000000,0.050000,487,0.00,18.00,0.00,18.00,0.00,0.00,0.00,0.00,0
NDX100,PERIOD_H1,15,0,15:00,60,BREAKOUT,2.00,0.10,336,1.50,1.1212,135,743,0.061301,518,28,0.054054,488,233,47.75,2426.06,22938.31,-20512.25,1.12,11.69,1.94,185.68,159.25,250,8132.37,35462.00,510,1.0000,3.0000,0,200,0,600,0.000000,0.050000,488,0.00,135.00,0.00,135.00,0.00,0.00,0.00,0.00,0
NDX100,PERIOD_H1,15,0,15:00,60,BREAKOUT,2.00,0.10,500,2.00,1.2550,97,281,0.025138,496,6,0.012097,488,234,47.95,3236.18,24516.69,-21280.51,1.15,14.35,2.45,186.42,148.00,250,8132.37,35462.00,510,1.0000,3.0000,0,200,0,600,0.000000,0.050000,488,0.00,97.00,0.00,97.00,0.00,0.00,0.00,0.00,0
NDX100,PERIOD_H1,15,0,15:00,60,BREAKOUT,2.00,0.10,338,1.00,1.0697,21,550,0.014302,494,4,0.008097,488,231,47.34,2571.89,23739.55,-21167.66,1.12,13.40,2.00,185.72,34.94,250,8132.37,35462.00,510,1.0000,3.0000,0,200,0,600,0.000000,0.050000,488,0.00,21.00,0.00,21.00,0.00,0.00,0.00,0.00,0
NDX100,PERIOD_H1,15,0,15:00,60,BREAKOUT,2.00,0.10,4,1.50,1.0054,164,746,0.000884,490,0,0.000000,488,232,47.54,2737.25,23514.47,-20777.22,1.13,12.61,2.12,185.70,165.09,250,8132.37,35462.00,510,1.0000,3.0000,0,200,0,600,0.000000,0.050000,488,0.00,164.00,0.00,164.00,0.00,0.00,0.00,0.00,0
NDX100,PERIOD_H1,15,0,15:00,60,BREAKOUT,2.00,0.10,2,2.00,1.0069,357,886,0.054308,527,41,0.077799,484,232,47.93,1672.59,21011.43,-19338.84,1.09,15.99,1.41,186.04,358.37,250,8132.37,35462.00,510,1.0000,3.0000,0,200,0,600,0.000000,0.050000,484,0.00,357.00,0.00,357.00,0.00,0.00,0.00,0.00,0
NDX100,PERIOD_H1,15,0,15:00,60,BREAKOUT,2.00,0.10,170,1.50,1.0633,299,295,0.068593,519,33,0.063584,485,234,48.25,2131.32,21829.61,-19698.29,1.11,14.95,1.73,186.31,311.67,250,8132.37,35462.00,510,1.0000,3.0000,0,200,0,600,0.000000,0.050000,485,0.00,299.00,0.00,299.00,0.00,0.00,0.00,0.00,0
NDX100,PERIOD_H1,15,0,15:00,60,BREAKOUT,2.00,0.10,332,2.50,1.2226,68,968,0.087994,529,42,0.079395,485,229,47.22,3121.88,23955.30,-20833.42,1.15,15.05,2.41,186.34,112.51,250,8132.37,35462.00,510,1.0000,3.0000,0,200,0,600,0.000000,0.050000,485,0.00,68.00,0.00,68.00,0.00,0.00,0.00,0.00,0
NDX100,PERIOD_H1,15,0,15:00,60,BREAKOUT,2.00,0.10,331,3.00,1.2732,485,180,0.014554,494,9,0.018219,485,231,47.63,1826.52,21610.63,-19784.11,1.09,17.42,1.51,186.81,539.64,250,8132.37,35462.00,510,1.0000,3.0000,0,200,0,600,0.000000,0.050000,485,0.00,485.00,0.00,485.00,0.00,0.00,0.00,0.00,0
NDX100,PERIOD_H1,15,0,15:00,60,BREAKOUT,2.00,0.10,173,1.00,1.0368,196,578,0.005881,491,1,0.002037,488,231,47.34,2407.65,22708.72,-20301.07,1.12,11.60,1.91,185.76,203.36,250,8132.37,35462.00,510,1.0000,3.0000,0,200,0,600,0.000000,0.050000,488,0.00,196.00,0.00,196.00,0.00,0.00,0.00,0.00,0
NDX100,PERIOD_H1,15,0,15:00,60,BREAKOUT,2.00,0.10,7,1.00,1.0037,106,279,0.010743,492,3,0.006098,487,235,48.25,2896.87,24111.53,-21214.66,1.14,15.73,2.22,186.23,106.74,250,8132.37,35462.00,510,1.0000,3.0000,0,200,0,600,0.000000,0.050000,487,0.00,106.00,0.00,106.00,0.00,0.00,0.00,0.00,0
NDX100,PERIOD_H1,15,0,15:00,60,BREAKOUT,2.00,0.10,167,2.50,1.1156,7,1038,0.071151,518,29,0.055985,487,231,47.43,2537.45,23174.07,-20636.62,1.12,13.87,2.01,185.74,30.13,250,8132.37,35462.00,510,1.0000,3.0000,0,200,0,600,0.000000,0.050000,487,0.00,7.00,0.00,7.00,0.00,0.00,0.00,0.00,0
NDX100,PERIOD_H1,15,0,15:00,60,BREAKOUT,2.00,0.10,165,3.00,1.1409,215,1083,0.024277,503,14,0.027833,487,232,47.64,1983.09,21763.48,-19780.39,1.10,13.02,1.62,185.92,243.17,250,8132.37,35462.00,510,1.0000,3.0000,0,200,0,600,0.000000,0.050000,487,0.00,215.00,0.00,215.00,0.00,0.00,0.00,0.00,0
NDX100,PERIOD_H1,15,0,15:00,60,BREAKOUT,2.00,0.10,335,2.00,1.1727,48,337,0.008298,492,2,0.004065,488,234,47.95,3193.11,24654.72,-21461.61,1.15,15.95,2.43,186.29,82.55,250,8132.37,35462.00,510,1.0000,3.0000,0,200,0,600,0.000000,0.050000,488,0.00,48.00,0.00,48.00,0.00,0.00,0.00,0.00,0
NDX100,PERIOD_H1,15,0,15:00,60,BREAKOUT,2.00,0.10,499,2.50,1.3309,458,1033,0.051704,518,35,0.067568,483,224,46.38,-35.96,18831.70,-18867.66,1.00,20.75,-0.03,185.93,524.18,250,8132.37,35462.00,510,1.0000,3.0000,0,200,0,600,0.000000,0.050000,483,0.00,458.00,0.00,458.00,0.00,0.00,0.00,0.00,0
NDX100,PERIOD_H1,15,0,15:00,60,BREAKOUT,2.00,0.10,169,2.00,1.0900,268,939,0.018021,493,5,0.010142,486,231,47.53,2010.40,21963.02,-19952.62,1.10,12.35,1.63,186.20,286.01,250,8132.37,35462.00,510,1.0000,3.0000,0,200,0,600,0.000000,0.050000,486,0.00,268.00,0.00,268.00,0.00,0.00,0.00,0.00,0
NDX100,PERIOD_H1,15,0,15:00,60,BREAKOUT,2.00,0.10,1,2.50,1.0081,282,290,0.080874,533,47,0.088180,484,231,47.73,1693.19,20763.15,-19069.96,1.09,14.37,1.42,186.11,283.63,250,8132.37,35462.00,510,1.0000,3.0000,0,200,0,600,0.000000,0.050000,484,0.00,282.00,0.00,282.00,0.00,0.00,0.00,0.00,0
NDX100,PERIOD_H1,15,0,15:00,60,BREAKOUT,2.00,0.10,337,1.50,1.1217,233,334,0.041376,501,12,0.023952,487,233,47.84,2144.48,22266.74,-20122.26,1.11,13.47,1.73,186.42,257.33,250,8132.37,35462.00,510,1.0000,3.0000,0,200,0,600,0.000000,0.050000,487,0.00,233.00,0.00,233.00,0.00,0.00,0.00,0.00,0
NDX100,PERIOD_H1,15,0,15:00,60,BREAKOUT,2.00,0.10,339,1.00,1.0699,87,277,0.001019,490,0,0.000000,488,234,47.95,2763.67,23887.35,-21123.68,1.13,15.59,2.14,186.65,100.98,250,8132.37,35462.00,510,1.0000,3.0000,0,200,0,600,0.000000,0.050000,488,0.00,87.00,0.00,87.00,0.00,0.00,0.00,0.00,0
NDX100,PERIOD_H1,15,0,15:00,60,BREAKOUT,2.00,0.10,5,1.50,1.0058,263,337,0.055961,519,30,0.057803,487,232,47.64,2217.27,22254.57,-20037.30,1.11,15.09,1.78,186.18,264.15,250,8132.37,35462.00,510,1.0000,3.0000,0,200,0,600,0.000000,0.050000,487,0.00,263.00,0.00,263.00,0.00,0.00,0.00,0.00,0
NDX100,PERIOD_H1,15,0,15:00,60,BREAKOUT,2.00,0.10,171,1.50,1.0638,98,785,0.048669,511,22,0.043053,487,233,47.84,2662.64,23476.45,-20813.81,1.13,13.56,2.09,185.72,110.75,250,8132.37,35462.00,510,1.0000,3.0000,0,200,0,600,0.000000,0.050000,487,0.00,98.00,0.00,98.00,0.00,0.00,0.00,0.00,0
NDX100,PERIOD_H1,15,0,15:00,60,BREAKOUT,2.00,0.10,3,2.00,1.0073,88,340,0.027744,497,7,0.014085,488,232,47.54,2936.22,24141.50,-21205.28,1.14,15.93,2.25,186.17,89.46,250,8132.37,35462.00,510,1.0000,3.0000,0,200,0,600,0.000000,0.050000,488,0.00,88.00,0.00,88.00,0.00,0.00,0.00,0.00,0
NDX100,PERIOD_H1,15,0,15:00,60,BREAKOUT,2.00,0.10,333,2.50,1.2234,232,285,0.061428,520,32,0.061538,486,235,48.35,2579.59,22683.74,-20104.15,1.13,15.53,2.07,186.28,276.67,250,8132.37,35462.00,510,1.0000,3.0000,0,200,0,600,0.000000,0.050000,486,0.00,232.00,0.00,232.00,0.00,0.00,0.00,0.00,0
NDX100,PERIOD_H1,15,0,15:00,60,BREAKOUT,2.00,0.10,332,3.00,1.2739,82,1161,0.087994,528,41,0.077652,485,229,47.22,3361.30,24423.82,-21062.52,1.16,12.64,2.57,186.57,136.79,250,8132.37,35462.00,510,1.0000,3.0000,0,200,0,600,0.000000,0.050000,485,0.00,82.00,0.00,82.00,0.00,0.00,0.00,0.00,0
NDX100,PERIOD_H1,15,0,15:00,60,BREAKOUT,2.00,0.10,174,1.00,1.0370,62,305,0.042599,505,15,0.029703,488,233,47.75,2840.31,24271.91,-21431.60,1.13,16.06,2.20,186.30,69.40,250,8132.37,35462.00,510,1.0000,3.0000,0,200,0,600,0.000000,0.050000,488,0.00,62.00,0.00,62.00,0.00,0.00,0.00,0.00,0
NDX100,PERIOD_H1,15,0,15:00,60,BREAKOUT,2.00,0.10,500,2.50,1.3315,122,351,0.025138,496,6,0.012097,488,233,47.75,3353.53,24574.36,-21220.83,1.16,13.34,2.53,186.02,188.30,250,8132.37,35462.00,510,1.0000,3.0000,0,200,0,600,0.000000,0.050000,488,0.00,122.00,0.00,122.00,0.00,0.00,0.00,0.00,0
NDX100,PERIOD_H1,15,0,15:00,60,BREAKOUT,2.00,0.10,8,1.00,1.0039,172,6,0.047461,510,23,0.045098,486,230,47.33,2600.48,23767.08,-21166.60,1.12,15.46,2.04,185.90,172.78,250,8132.37,35462.00,510,1.0000,3.0000,0,200,0,600,0.000000,0.050000,486,0.00,172.00,0.00,172.00,0.00,0.00,0.00,0.00,0
NDX100,PERIOD_H1,15,0,15:00,60,BREAKOUT,2.00,0.10,336,2.00,1.1732,179,991,0.081735,529,39,0.073724,488,231,47.34,1695.97,21968.81,-20272.84,1.08,15.03,1.42,186.03,213.64,250,8132.37,35462.00,510,1.0000,3.0000,0,200,0,600,0.000000,0.050000,488,0.00,179.00,0.00,179.00,0.00,0.00,0.00,0.00,0
NDX100,PERIOD_H1,15,0,15:00,60,BREAKOUT,2.00,0.10,170,2.00,1.0905,399,393,0.091458,524,40,0.076336,483,231,47.83,1753.82,20977.18,-19223.36,1.09,13.01,1.48,185.96,417.10,250,8132.37,35462.00,510,1.0000,3.0000,0,200,0,600,0.000000,0.050000,483,0.00,399.00,0.00,399.00,0.00,0.00,0.00,0.00,0
NDX100,PERIOD_H1,15,0,15:00,60,BREAKOUT,2.00,0.10,168,2.50,1.1164,171,355,0.044584,506,19,0.037549,485,234,48.25,2690.59,22846.05,-20155.46,1.13,15.21,2.11,186.05,194.29,250,8132.37,35462.00,510,1.0000,3.0000,0,200,0,600,0.000000,0.050000,485,0.00,171.00,0.00,171.00,0.00,0.00,0.00,0.00,0
NDX100,PERIOD_H1,15,0,15:00,60,BREAKOUT,2.00,0.10,338,1.50,1.1220,31,824,0.021454,494,4,0.008097,488,231,47.34,2486.41,23478.55,-20992.14,1.12,13.43,1.95,185.76,55.40,250,8132.37,35462.00,510,1.0000,3.0000,0,200,0,600,0.000000,0.050000,488,0.00,31.00,0.00,31.00,0.00,0.00,0.00,0.00,0
NDX100,PERIOD_H1,15,0,15:00,60,BREAKOUT,2.00,0.10,166,3.00,1.1416,412,264,0.097717,549,65,0.118397,483,233,48.24,1756.74,20735.95,-18979.21,1.09,17.52,1.50,186.55,440.32,250,8132.37,35462.00,510,1.0000,3.0000,0,200,0,600,0.000000,0.050000,483,0.00,412.00,0.00,412.00,0.00,0.00,0.00,0.00,0
NDX100,PERIOD_H1,15,0,15:00,60,BREAKOUT,2.00,0.10,2,2.50,1.0089,446,1108,0.054308,526,41,0.077947,484,230,47.52,1344.54,20379.21,-19034.67,1.07,16.21,1.16,185.82,447.79,250,8132.37,35462.00,510,1.0000,3.0000,0,200,0,600,0.000000,0.050000,484,0.00,446.00,0.00,446.00,0.00,0.00,0.00,0.00,0
NDX100,PERIOD_H1,15,0,15:00,60,BREAKOUT,2.00,0.10,6,1.50,1.0062,61,827,0.036039,504,15,0.029762,487,233,47.84,2546.80,23643.81,-21097.01,1.12,13.48,2.01,185.77,62.24,250,8132.37,35462.00,510,1.0000,3.0000,0,200,0,600,0.000000,0.050000,487,0.00,61.00,0.00,61.00,0.00,0.00,0.00,0.00,0
NDX100,PERIOD_H1,15,0,15:00,60,BREAKOUT,2.00,0.10,340,1.00,1.0701,152,4,0.037738,509,20,0.039293,488,232,47.54,2555.09,22979.28,-20424.19,1.13,15.91,2.00,185.90,166.01,250,8132.37,35462.00,510,1.0000,3.0000,0,200,0,600,0.000000,0.050000,488,0.00,152.00,0.00,152.00,0.00,0.00,0.00,0.00,0
NDX100,PERIOD_H1,15,0,15:00,60,BREAKOUT,2.00,0.10,172,1.50,1.0641,196,376,0.028746,498,9,0.018072,487,234,48.05,3078.36,23895.73,-20817.37,1.15,11.54,2.37,186.04,208.82,250,8132.37,35462.00,510,1.0000,3.0000,0,200,0,600,0.000000,0.050000,487,0.00,196.00,0.00,196.00,0.00,0.00,0.00,0.00,0
NDX100,PERIOD_H1,15,0,15:00,60,BREAKOUT,2.00,0.10,4,2.00,1.0078,219,995,0.001178,490,0,0.000000,488,229,46.93,1870.71,22165.27,-20294.56,1.09,14.82,1.51,186.14,220.56,250,8132.37,35462.00,510,1.0000,3.0000,0,200,0,600,0.000000,0.050000,488,0.00,219.00,0.00,219.00,0.00,0.00,0.00,0.00,0
NDX100,PERIOD_H1,15,0,15:00,60,BREAKOUT,2.00,0.10,334,2.50,1.2240,396,1103,0.034861,500,13,0.026000,485,228,47.01,1302.23,20765.22,-19462.99,1.07,15.01,1.11,185.84,440.79,250,8132.37,35462.00,510,1.0000,3.0000,0,200,0,600,0.000000,0.050000,485,0.00,396.00,0.00,396.00,0.00,0.00,0.00,0.00,0
NDX100,PERIOD_H1,15,0,15:00,60,BREAKOUT,2.00,0.10,333,3.00,1.2749,279,342,0.061428,519,33,0.063584,484,233,48.14,2337.05,22173.91,-19836.86,1.12,18.16,1.90,186.45,333.98,250,8132.37,35462.00,510,1.0000,3.0000,0,200,0,600,0.000000,0.050000,484,0.00,279.00,0.00,279.00,0.00,0.00,0.00,0.00,0
NDX100,PERIOD_H1,15,0,15:00,60,BREAKOUT,2.00,0.10,175,1.00,1.0372,128,32,0.029318,502,13,0.025896,488,233,47.75,2488.74,23576.18,-21087.44,1.12,15.11,1.96,185.86,135.45,250,8132.37,35462.00,510,1.0000,3.0000,0,200,0,600,0.000000,0.050000,488,0.00,128.00,0.00,128.00,0.00,0.00,0.00,0.00,0
NDX100,PERIOD_H1,15,0,15:00,60,BREAKOUT,2.00,0.10,1,3.00,1.0100,338,348,0.080874,532,46,0.086466,484,228,47.11,1203.01,19986.44,-18783.43,1.06,16.82,1.04,185.77,340.00,250,8132.37,35462.00,510,1.0000,3.0000,0,200,0,600,0.000000,0.050000,484,0.00,338.00,0.00,338.00,0.00,0.00,0.00,0.00,0
NDX100,PERIOD_H1,15,0,15:00,60,BREAKOUT,2.00,0.10,171,2.00,1.0911,130,1047,0.064892,519,30,0.057803,487,233,47.84,2704.24,23119.03,-20414.79,1.13,13.54,2.14,185.66,148.22,250,8132.37,35462.00,510,1.0000,3.0000,0,200,0,600,0.000000,0.050000,487,0.00,130.00,0.00,130.00,0.00,0.00,0.00,0.00,0
NDX100,PERIOD_H1,15,0,15:00,60,BREAKOUT,2.00,0.10,169,2.50,1.1170,335,1173,0.018021,493,5,0.010142,486,228,46.91,1459.97,21021.76,-19561.79,1.07,14.88,1.22,186.21,358.41,250,8132.37,35462.00,510,1.0000,3.0000,0,200,0,600,0.000000,0.050000,486,0.00,335.00,0.00,335.00,0.00,0.00,0.00,0.00,0
NDX100,PERIOD_H1,15,0,15:00,60,BREAKOUT,2.00,0.10,9,1.00,1.0042,38,333,0.034178,508,19,0.037402,487,232,47.64,2901.94,24566.81,-21664.87,1.13,16.30,2.24,186.36,38.83,250,8132.37,35462.00,510,1.0000,3.0000,0,200,0,600,0.000000,0.050000,487,0.00,38.00,0.00,38.00,0.00,0.00,0.00,0.00,0
NDX100,PERIOD_H1,15,0,15:00,60,BREAKOUT,2.00,0.10,337,2.00,1.1738,311,445,0.055168,503,16,0.031809,485,229,47.22,1390.43,21258.02,-19867.59,1.07,14.08,1.17,185.82,345.76,250,8132.37,35462.00,510,1.0000,3.0000,0,200,0,600,0.000000,0.050000,485,0.00,311.00,0.00,311.00,0.00,0.00,0.00,0.00,0
NDX100,PERIOD_H1,15,0,15:00,60,BREAKOUT,2.00,0.10,167,3.00,1.1423,8,1245,0.071151,518,29,0.055985,487,231,47.43,2551.69,23351.40,-20799.71,1.12,13.99,2.02,185.94,36.47,250,8132.37,35462.00,510,1.0000,3.0000,0,200,0,600,0.000000,0.050000,487,0.00,8.00,0.00,8.00,0.00,0.00,0.00,0.00,0
NDX100,PERIOD_H1,15,0,15:00,60,BREAKOUT,2.00,0.10,7,1.50,1.0065,160,418,0.016114,495,6,0.012121,487,234,48.05,3386.30,24638.10,-21251.80,1.16,11.95,2.56,185.84,161.30,250,8132.37,35462.00,510,1.0000,3.0000,0,200,0,600,0.000000,0.050000,487,0.00,160.00,0.00,160.00,0.00,0.00,0.00,0.00,0
NDX100,PERIOD_H1,15,0,15:00,60,BREAKOUT,2.00,0.10,3,2.50,1.0095,110,425,0.027744,497,7,0.014085,488,231,47.34,3043.98,24289.24,-21245.26,1.14,13.81,2.33,185.87,111.90,250,8132.37,35462.00,510,1.0000,3.0000,0,200,0,600,0.000000,0.050000,488,0.00,110.00,0.00,110.00,0.00,0.00,0.00,0.00,0
NDX100,PERIOD_H1,15,0,15:00,60,BREAKOUT,2.00,0.10,339,1.50,1.1223,130,415,0.001529,490,0,0.000000,488,232,47.54,2988.68,24206.27,-21217.59,1.14,12.97,2.29,185.78,154.46,250,8132.37,35462.00,510,1.0000,3.0000,0,200,0,600,0.000000,0.050000,488,0.00,130.00,0.00,130.00,0.00,0.00,0.00,0.00,0
NDX100,PERIOD_H1,15,0,15:00,60,BREAKOUT,2.00,0.10,341,1.00,1.0703,18,331,0.024456,503,13,0.025845,488,232,47.54,2599.34,23669.91,-21070.57,1.12,15.58,2.02,186.31,32.06,250,8132.37,35462.00,510,1.0000,3.0000,0,200,0,600,0.000000,0.050000,488,0.00,18.00,0.00,18.00,0.00,0.00,0.00,0.00,0
NDX100,PERIOD_H1,15,0,15:00,60,BREAKOUT,2.00,0.10,173,1.50,1.0644,295,867,0.008821,489,1,0.002045,486,232,47.74,2027.42,22037.54,-20010.12,1.10,12.68,1.64,186.12,307.88,250,8132.37,35462.00,510,1.0000,3.0000,0,200,0,600,0.000000,0.050000,486,0.00,295.00,0.00,295.00,0.00,0.00,0.00,0.00,0
NDX100,PERIOD_H1,15,0,15:00,60,BREAKOUT,2.00,0.10,5,2.00,1.0082,350,449,0.074615,524,36,0.068702,486,229,47.12,1897.22,21433.95,-19536.73,1.10,15.23,1.57,185.68,351.65,250,8132.37,35462.00,510,1.0000,3.0000,0,200,0,600,0.000000,0.050000,486,0.00,350.00,0.00,350.00,0.00,0.00,0.00,0.00,0
NDX100,PERIOD_H1,15,0,15:00,60,BREAKOUT,2.00,0.10,335,2.50,1.2246,60,421,0.008298,492,2,0.004065,488,233,47.75,3098.03,24391.20,-21293.17,1.15,13.67,2.37,185.74,104.91,250,8132.37,35462.00,510,1.0000,3.0000,0,200,0,600,0.000000,0.050000,488,0.00,60.00,0.00,60.00,0.00,0.00,0.00,0.00,0
NDX100,PERIOD_H1,15,0,15:00,60,BREAKOUT,2.00,0.10,334,3.00,1.2756,476,1324,0.034861,497,13,0.026157,484,227,46.90,1046.10,20434.50,-19388.40,1.05,15.31,0.91,186.15,531.13,250,8132.37,35462.00,510,1.0000,3.0000,0,200,0,600,0.000000,0.050000,484,0.00,476.00,0.00,476.00,0.00,0.00,0.00,0.00,0
NDX100,PERIOD_H1,15,0,15:00,60,BREAKOUT,2.00,0.10,2,3.00,1.0110,535,1329,0.054308,524,41,0.078244,483,229,47.41,935.88,19688.48,-18752.60,1.05,16.08,0.83,186.18,537.20,250,8132.37,35462.00,510,1.0000,3.0000,0,200,0,600,0.000000,0.050000,483,0.00,535.00,0.00,535.00,0.00,0.00,0.00,0.00,0
NDX100,PERIOD_H1,15,0,15:00,60,BREAKOUT,2.00,0.10,176,1.00,1.0374,193,359,0.016034,493,3,0.006085,488,232,47.54,2835.21,23468.00,-20632.79,1.14,13.99,2.19,186.11,200.48,250,8132.37,35462.00,510,1.0000,3.0000,0,200,0,600,0.000000,0.050000,488,0.00,193.00,0.00,193.00,0.00,0.00,0.00,0.00,0
NDX100,PERIOD_H1,15,0,15:00,60,BREAKOUT,2.00,0.10,170,2.50,1.1176,499,491,0.091458,522,40,0.076628,482,229,47.51,1289.52,20229.39,-18939.87,1.07,14.22,1.12,186.08,522.53,250,8132.37,35462.00,510,1.0000,3.0000,0,200,0,600,0.000000,0.050000,482,0.00,499.00,0.00,499.00,0.00,0.00,0.00,0.00,0
NDX100,PERIOD_H1,15,0,15:00,60,BREAKOUT,2.00,0.10,172,2.00,1.0916,262,501,0.038328,502,16,0.031873,484,232,47.93,2223.75,22315.89,-20092.14,1.11,12.30,1.80,185.73,280.31,250,8132.37,35462.00,510,1.0000,3.0000,0,200,0,600,0.000000,0.050000,484,0.00,262.00,0.00,262.00,0.00,0.00,0.00,0.00,0
NDX100,PERIOD_H1,15,0,15:00,60,BREAKOUT,2.00,0.10,10,1.00,1.0043,103,60,0.020896,502,12,0.023904,489,234,47.85,2922.22,24238.40,-21316.18,1.14,15.98,2.23,185.74,103.87,250,8132.37,35462.00,510,1.0000,3.0000,0,200,0,600,0.000000,0.050000,489,0.00,103.00,0.00,103.00,0.00,0.00,0.00,0.00,0
NDX100,PERIOD_H1,15,0,15:00,60,BREAKOUT,2.00,0.10,338,2.00,1.1743,42,1099,0.028605,495,6,0.012121,487,230,47.23,2526.31,23571.41,-21045.10,1.12,13.56,1.99,185.77,76.85,250,8132.37,35462.00,510,1.0000,3.0000,0,200,0,600,0.000000,0.050000,487,0.00,42.00,0.00,42.00,0.00,0.00,0.00,0.00,0
NDX100,PERIOD_H1,15,0,15:00,60,BREAKOUT,2.00,0.10,168,3.00,1.1433,205,426,0.044584,505,19,0.037624,484,233,48.14,2641.62,22696.57,-20054.95,1.13,13.15,2.09,186.11,233.66,250,8132.37,35462.00,510,1.0000,3.0000,0,200,0,600,0.000000,0.050000,484,0.00,205.00,0.00,205.00,0.00,0.00,0.00,0.00,0
NDX100,PERIOD_H1,15,0,15:00,60,BREAKOUT,2.00,0.10,8,1.50,1.0068,258,9,0.071191,522,36,0.068966,485,230,47.42,2276.03,22943.09,-20667.06,1.11,14.71,1.83,185.95,259.37,250,8132.37,35462.00,510,1.0000,3.0000,0,200,0,600,0.000000,0.050000,485,0.00,258.00,0.00,258.00,0.00,0.00,0.00,0.00,0
NDX100,PERIOD_H1,15,0,15:00,60,BREAKOUT,2.00,0.10,4,2.50,1.0101,274,1243,0.001178,489,0,0.000000,487,231,47.43,2059.49,22245.91,-20186.42,1.10,12.47,1.66,186.07,276.02,250,8132.37,35462.00,510,1.0000,3.0000,0,200,0,600,0.000000,0.050000,487,0.00,274.00,0.00,274.00,0.00,0.00,0.00,0.00,0
NDX100,PERIOD_H1,15,0,15:00,60,BREAKOUT,2.00,0.10,340,1.50,1.1226,228,6,0.056606,517,29,0.056093,487,232,47.64,2142.44,22115.97,-19973.53,1.11,15.71,1.73,186.01,252.52,250,8132.37,35462.00,510,1.0000,3.0000,0,200,0,600,0.000000,0.050000,487,0.00,228.00,0.00,228.00,0.00,0.00,0.00,0.00,0
NDX100,PERIOD_H1,15,0,15:00,60,BREAKOUT,2.00,0.10,342,1.00,1.0705,83,58,0.011173,499,9,0.018036,489,234,47.85,2509.11,23386.35,-20877.24,1.12,15.52,1.97,185.88,97.10,250,8132.37,35462.00,510,1.0000,3.0000,0,200,0,600,0.000000,0.050000,489,0.00,83.00,0.00,83.00,0.00,0.00,0.00,0.00,0
NDX100,PERIOD_H1,15,0,15:00,60,BREAKOUT,2.00,0.10,6,2.00,1.0089,81,1103,0.048051,513,24,0.046784,487,231,47.43,2339.55,23474.12,-21134.57,1.11,13.61,1.87,185.65,82.77,250,8132.37,35462.00,510,1.0000,3.0000,0,200,0,600,0.000000,0.050000,487,0.00,81.00,0.00,81.00,0.00,0.00,0.00,0.00,0
NDX100,PERIOD_H1,15,0,15:00,60,BREAKOUT,2.00,0.10,174,1.50,1.0647,93,457,0.063899,516,26,0.050388,488,232,47.54,2905.06,23882.58,-20977.52,1.14,13.74,2.25,185.69,105.95,250,8132.37,35462.00,510,1.0000,3.0000,0,200,0,600,0.000000,0.050000,488,0.00,93.00,0.00,93.00,0.00,0.00,0.00,0.00,0
NDX100,PERIOD_H1,15,0,15:00,60,BREAKOUT,2.00,0.10,336,2.50,1.2252,224,1239,0.081735,528,39,0.073864,487,233,47.84,1893.78,22129.32,-20235.54,1.09,13.13,1.59,186.00,269.03,250,8132.37,35462.00,510,1.0000,3.0000,0,200,0,600,0.000000,0.050000,487,0.00,224.00,0.00,224.00,0.00,0.00,0.00,0.00,0
NDX100,PERIOD_H1,15,0,15:00,60,BREAKOUT,2.00,0.10,335,3.00,1.2764,72,505,0.008298,492,2,0.004065,488,233,47.75,3071.06,24016.40,-20945.34,1.15,12.88,2.35,185.80,127.28,250,8132.37,35462.00,510,1.0000,3.0000,0,200,0,600,0.000000,0.050000,488,0.00,72.00,0.00,72.00,0.00,0.00,0.00,0.00,0
NDX100,PERIOD_H1,15,0,15:00,60,BREAKOUT,2.00,0.10,173,2.00,1.0920,393,1155,0.011762,491,3,0.006110,486,230,47.33,1629.79,21290.13,-19660.34,1.08,13.67,1.36,186.21,411.40,250,8132.37,35462.00,510,1.0000,3.0000,0,200,0,600,0.000000,0.050000,486,0.00,393.00,0.00,393.00,0.00,0.00,0.00,0.00,0
NDX100,PERIOD_H1,15,0,15:00,60,BREAKOUT,2.00,0.10,171,2.50,1.1184,163,1309,0.064892,519,30,0.057803,487,232,47.64,2299.50,22252.15,-19952.65,1.12,12.47,1.85,186.00,186.69,250,8132.37,35462.00,510,1.0000,3.0000,0,200,0,600,0.000000,0.050000,487,0.00,163.00,0.00,163.00,0.00,0.00,0.00,0.00,0
NDX100,PERIOD_H1,15,0,15:00,60,BREAKOUT,2.00,0.10,177,1.00,1.0376,59,86,0.002751,490,0,0.000000,488,234,47.95,2741.29,24228.59,-21487.30,1.13,15.90,2.11,185.84,66.52,250,8132.37,35462.00,510,1.0000,3.0000,0,200,0,600,0.000000,0.050000,488,0.00,59.00,0.00,59.00,0.00,0.00,0.00,0.00,0
NDX100,PERIOD_H1,15,0,15:00,60,BREAKOUT,2.00,0.10,3,3.00,1.0117,132,511,0.027744,497,7,0.014085,488,231,47.34,2805.00,23545.48,-20740.48,1.14,12.90,2.17,185.89,134.34,250,8132.37,35462.00,510,1.0000,3.0000,0,200,0,600,0.000000,0.050000,488,0.00,132.00,0.00,132.00,0.00,0.00,0.00,0.00,0
NDX100,PERIOD_H1,15,0,15:00,60,BREAKOUT,2.00,0.10,169,3.00,1.1440,402,1408,0.018021,493,5,0.010142,486,226,46.50,1265.84,20764.28,-19498.44,1.06,15.35,1.08,186.10,430.81,250,8132.37,35462.00,510,1.0000,3.0000,0,200,0,600,0.000000,0.050000,486,0.00,402.00,0.00,402.00,0.00,0.00,0.00,0.00,0
NDX100,PERIOD_H1,15,0,15:00,60,BREAKOUT,2.00,0.10,11,1.00,1.0045,169,387,0.007613,498,8,0.016064,488,233,47.75,3167.60,24442.95,-21275.35,1.15,12.80,2.42,185.78,169.90,250,8132.37,35462.00,510,1.0000,3.0000,0,200,0,600,0.000000,0.050000,488,0.00,169.00,0.00,169.00,0.00,0.00,0.00,0.00,0
NDX100,PERIOD_H1,15,0,15:00,60,BREAKOUT,2.00,0.10,339,2.00,1.1747,173,553,0.002039,490,0,0.000000,488,231,47.34,2511.58,22941.25,-20429.67,1.12,11.73,1.98,185.92,207.94,250,8132.37,35462.00,510,1.0000,3.0000,0,200,0,600,0.000000,0.050000,488,0.00,173.00,0.00,173.00,0.00,0.00,0.00,0.00,0
NDX100,PERIOD_H1,15,0,15:00,60,BREAKOUT,2.00,0.10,9,1.50,1.0073,56,499,0.051267,515,27,0.052427,486,231,47.53,2949.14,24014.62,-21065.48,1.14,13.96,2.30,185.91,57.45,250,8132.37,35462.00,510,1.0000,3.0000,0,200,0,600,0.000000,0.050000,486,0.00,56.00,0.00,56.00,0.00,0.00,0.00,0.00,0
NDX100,PERIOD_H1,15,0,15:00,60,BREAKOUT,2.00,0.10,5,2.50,1.0107,438,561,0.074615,523,37,0.070746,485,228,47.01,1667.95,20895.92,-19227.97,1.09,15.21,1.41,185.71,440.14,250,8132.37,35462.00,510,1.0000,3.0000,0,200,0,600,0.000000,0.050000,485,0.00,438.00,0.00,438.00,0.00,0.00,0.00,0.00,0
NDX100,PERIOD_H1,15,0,15:00,60,BREAKOUT,2.00,0.10,341,1.50,1.1231,27,496,0.036684,514,25,0.048638,487,229,47.02,2243.40,23014.70,-20771.30,1.11,13.53,1.79,186.07,51.61,250,8132.37,35462.00,510,1.0000,3.0000,0,200,0,600,0.000000,0.050000,487,0.00,27.00,0.00,27.00,0.00,0.00,0.00,0.00,0
NDX100,PERIOD_H1,15,0,15:00,60,BREAKOUT,2.00,0.10,343,1.00,1.0707,149,385,0.047891,513,23,0.044834,488,232,47.54,1981.88,22429.29,-20447.41,1.10,13.44,1.60,185.98,163.14,250,8132.37,35462.00,510,1.0000,3.0000,0,200,0,600,0.000000,0.050000,488,0.00,149.00,0.00,149.00,0.00,0.00,0.00,0.00,0
NDX100,PERIOD_H1,15,0,15:00,60,BREAKOUT,2.00,0.10,7,2.00,1.0093,213,557,0.021485,496,7,0.014113,487,232,47.64,2993.94,23371.81,-20377.87,1.15,10.71,2.32,185.85,214.86,250,8132.37,35462.00,510,1.0000,3.0000,0,200,0,600,0.000000,0.050000,487,0.00,213.00,0.00,213.00,0.00,0.00,0.00,0.00,0
NDX100,PERIOD_H1,15,0,15:00,60,BREAKOUT,2.00,0.10,337,2.50,1.2259,388,556,0.055168,503,16,0.031809,485,228,47.01,962.93,20215.88,-19252.95,1.05,14.48,0.83,185.82,433.19,250,8132.37,35462.00,510,1.0000,3.0000,0,200,0,600,0.000000,0.050000,485,0.00,388.00,0.00,388.00,0.00,0.00,0.00,0.00,0
NDX100,PERIOD_H1,15,0,15:00,60,BREAKOUT,2.00,0.10,175,1.50,1.0652,191,48,0.043976,510,21,0.041176,488,233,47.75,2407.02,23008.66,-20601.64,1.12,14.11,1.90,185.85,204.03,250,8132.37,35462.00,510,1.0000,3.0000,0,200,0,600,0.000000,0.050000,488,0.00,191.00,0.00,191.00,0.00,0.00,0.00,0.00,0
NDX100,PERIOD_H1,15,0,15:00,60,BREAKOUT,2.00,0.10,336,3.00,1.2771,269,1486,0.081735,527,39,0.074004,486,232,47.74,1685.51,21709.76,-20024.25,1.08,15.01,1.42,185.76,324.42,250,8132.37,35462.00,510,1.0000,3.0000,0,200,0,600,0.000000,0.050000,486,0.00,269.00,0.00,269.00,0.00,0.00,0.00,0.00,0
NDX100,PERIOD_H1,15,0,15:00,60,BREAKOUT,2.00,0.10,172,2.50,1.1190,327,626,0.038328,501,16,0.031936,483,230,47.62,1801.01,21635.00,-19833.99,1.09,14.70,1.49,185.89,350.80,250,8132.37,35462.00,510,1.0000,3.0000,0,200,0,600,0.000000,0.050000,483,0.00,327.00,0.00,327.00,0.00,0.00,0.00,0.00,0
NDX100,PERIOD_H1,15,0,15:00,60,BREAKOUT,2.00,0.10,170,3.00,1.1448,599,589,0.091458,521,41,0.078695,480,228,47.50,923.94,19406.91,-18482.97,1.05,13.65,0.82,186.21,627.96,250,8132.37,35462.00,510,1.0000,3.0000,0,200,0,600,0.000000,0.050000,480,0.00,599.00,0.00,599.00,0.00,0.00,0.00,0.00,0
NDX100,PERIOD_H1,15,0,15:00,60,BREAKOUT,2.00,0.10,178,1.00,1.0378,124,413,0.039470,512,23,0.044922,487,236,48.46,3871.90,24844.79,-20972.89,1.18,10.47,2.92,185.84,131.56,250,8132.37,35462.00,510,1.0000,3.0000,0,200,0,600,0.000000,0.050000,487,0.00,124.00,0.00,124.00,0.00,0.00,0.00,0.00,0
NDX100,PERIOD_H1,15,0,15:00,60,BREAKOUT,2.00,0.10,4,3.00,1.0125,329,1492,0.001178,488,0,0.000000,486,229,47.12,1639.32,21551.51,-19912.19,1.08,15.22,1.35,185.89,331.49,250,8132.37,35462.00,510,1.0000,3.0000,0,200,0,600,0.000000,0.050000,486,0.00,329.00,0.00,329.00,0.00,0.00,0.00,0.00,0
NDX100,PERIOD_H1,15,0,15:00,60,BREAKOUT,2.00,0.10,174,2.00,1.0925,124,610,0.085199,531,43,0.080979,486,233,47.94,3067.72,23618.92,-20551.20,1.15,12.58,2.41,185.81,142.49,250,8132.37,35462.00,510,1.0000,3.0000,0,200,0,600,0.000000,0.050000,486,0.00,124.00,0.00,124.00,0.00,0.00,0.00,0.00,0
NDX100,PERIOD_H1,15,0,15:00,60,BREAKOUT,2.00,0.10,12,1.00,1.0047,34,114,0.044331,511,23,0.045010,486,232,47.74,1524.91,22492.36,-20967.45,1.07,16.40,1.25,186.04,34.94,250,8132.37,35462.00,510,1.0000,3.0000,0,200,0,600,0.000000,0.050000,486,0.00,34.00,0.00,34.00,0.00,0.00,0.00,0.00,0
NDX100,PERIOD_H1,15,0,15:00,60,BREAKOUT,2.00,0.10,340,2.00,1.1752,304,8,0.075475,528,41,0.077652,486,229,47.12,1240.98,20842.25,-19601.27,1.06,16.52,1.06,186.04,339.04,250,8132.37,35462.00,510,1.0000,3.0000,0,200,0,600,0.000000,0.050000,486,0.00,304.00,0.00,304.00,0.00,0.00,0.00,0.00,0
NDX100,PERIOD_H1,15,0,15:00,60,BREAKOUT,2.00,0.10,10,1.50,1.0076,155,90,0.031344,507,18,0.035503,487,234,48.05,3113.96,24434.48,-21320.52,1.15,15.18,2.37,185.77,156.52,250,8132.37,35462.00,510,1.0000,3.0000,0,200,0,600,0.000000,0.050000,487,0.00,155.00,0.00,155.00,0.00,0.00,0.00,0.00,0
NDX100,PERIOD_H1,15,0,15:00,60,BREAKOUT,2.00,0.10,6,2.50,1.0115,102,1379,0.048051,513,24,0.046784,487,231,47.43,2236.92,23251.22,-21014.30,1.11,13.63,1.81,186.23,104.30,250,8132.37,35462.00,510,1.0000,3.0000,0,200,0,600,0.000000,0.050000,487,0.00,102.00,0.00,102.00,0.00,0.00,0.00,0.00,0
NDX100,PERIOD_H1,15,0,15:00,60,BREAKOUT,2.00,0.10,342,1.50,1.1234,125,87,0.016759,502,12,0.023904,488,236,48.36,3060.31,24401.41,-21341.10,1.14,15.19,2.33,185.83,149.67,250,8132.37,35462.00,510,1.0000,3.0000,0,200,0,600,0.000000,0.050000,488,0.00,125.00,0.00,125.00,0.00,0.00,0.00,0.00,0
NDX100,PERIOD_H1,15,0,15:00,60,BREAKOUT,2.00,0.10,8,2.00,1.0098,344,11,0.094922,533,48,0.090056,484,228,47.11,1166.07,20978.01,-19811.94,1.06,17.56,1.00,185.76,345.95,250,8132.37,35462.00,510,1.0000,3.0000,0,200,0,600,0.000000,0.050000,484,0.00,344.00,0.00,344.00,0.00,0.00,0.00,0.00,0
NDX100,PERIOD_H1,15,0,15:00,60,BREAKOUT,2.00,0.10,344,1.00,1.0709,15,112,0.034610,507,19,0.037475,486,239,49.18,2905.48,24568.44,-21662.96,1.13,14.10,2.23,185.83,29.17,250,8132.37,35462.00,510,1.0000,3.0000,0,200,0,600,0.000000,0.050000,486,0.00,15.00,0.00,15.00,0.00,0.00,0.00,0.00,0
NDX100,PERIOD_H1,15,0,15:00,60,BREAKOUT,2.00,0.10,338,2.50,1.2265,52,1374,0.028605,495,6,0.012121,487,230,47.23,2705.49,23926.20,-21220.71,1.13,13.83,2.11,186.29,97.31,250,8132.37,35462.00,510,1.0000,3.0000,0,200,0,600,0.000000,0.050000,487,0.00,52.00,0.00,52.00,0.00,0.00,0.00,0.00,0
NDX100,PERIOD_H1,15,0,15:00,60,BREAKOUT,2.00,0.10,176,1.50,1.0655,290,538,0.024052,496,8,0.016129,486,232,47.74,2242.00,22230.26,-19988.26,1.11,12.46,1.80,185.76,303.10,250,8132.37,35462.00,510,1.0000,3.0000,0,200,0,600,0.000000,0.050000,486,0.00,290.00,0.00,290.00,0.00,0.00,0.00,0.00,0
NDX100,PERIOD_H1,15,0,15:00,60,BREAKOUT,2.00,0.10,337,3.00,1.2781,466,668,0.055168,500,16,0.032000,484,227,46.90,694.28,19888.60,-19194.32,1.04,16.63,0.61,186.11,521.62,250,8132.37,35462.00,510,1.0000,3.0000,0,200,0,600,0.000000,0.050000,484,0.00,466.00,0.00,466.00,0.00,0.00,0.00,0.00,0
NDX100,PERIOD_H1,15,0,15:00,60,BREAKOUT,2.00,0.10,171,3.00,1.1458,196,1570,0.064892,519,30,0.057803,487,231,47.43,2340.47,22350.02,-20009.55,1.12,12.32,1.89,185.57,225.15,250,8132.37,35462.00,510,1.0000,3.0000,0,200,0,600,0.000000,0.050000,487,0.00,196.00,0.00,196.00,0.00,0.00,0.00,0.00,0
NDX100,PERIOD_H1,15,0,15:00,60,BREAKOUT,2.00,0.10,173,2.50,1.1196,491,1444,0.011762,488,3,0.006148,485,228,47.01,1312.10,20867.34,-19555.24,1.07,13.85,1.12,186.41,514.92,250,8132.37,35462.00,510,1.0000,3.0000,0,200,0,600,0.000000,0.050000,485,0.00,491.00,0.00,491.00,0.00,0.00,0.00,0.00,0
NDX100,PERIOD_H1,15,0,15:00,60,BREAKOUT,2.00,0.10,179,1.00,1.0380,190,140,0.026188,506,17,0.033597,487,235,48.25,2731.54,23294.85,-20563.31,1.13,13.87,2.13,186.24,197.61,250,8132.37,35462.00,510,1.0000,3.0000,0,200,0,600,0.000000,0.050000,487,0.00,190.00,0.00,190.00,0.00,0.00,0.00,0.00,0
NDX100,PERIOD_H1,15,0,15:00,60,BREAKOUT,2.00,0.10,5,3.00,1.0132,525,673,0.074615,522,38,0.072797,484,227,46.90,1273.29,20355.09,-19081.80,1.07,15.53,1.10,186.00,527.64,250,8132.37,35462.00,510,1.0000,3.0000,0,200,0,600,0.000000,0.050000,484,0.00,525.00,0.00,525.00,0.00,0.00,0.00,0.00,0
NDX100,PERIOD_H1,15,0,15:00,60,BREAKOUT,2.00,0.10,175,2.00,1.0931,255,64,0.058635,523,35,0.066922,487,233,47.84,2033.44,22021.74,-19988.30,1.10,11.99,1.66,185.93,273.62,250,8132.37,35462.00,510,1.0000,3.0000,0,200,0,600,0.000000,0.050000,487,0.00,255.00,0.00,255.00,0.00,0.00,0.00,0.00,0
NDX100,PERIOD_H1,15,0,15:00,60,BREAKOUT,2.00,0.10,13,1.00,1.0049,100,441,0.031050,512,23,0.044922,488,233,47.75,3915.56,25836.51,-21920.95,1.18,12.09,2.91,185.92,100.99,250,8132.37,35462.00,510,1.0000,3.0000,0,200,0,600,0.000000,0.050000,488,0.00,100.00,0.00,100.00,0.00,0.00,0.00,0.00,0
NDX100,PERIOD_H1,15,0,15:00,60,BREAKOUT,2.00,0.10,341,2.00,1.1758,36,662,0.048912,519,30,0.057803,487,228,46.82,1992.26,22532.10,-20539.84,1.10,13.34,1.63,186.14,71.16,250,8132.37,35462.00,510,1.0000,3.0000,0,200,0,600,0.000000,0.050000,487,0.00,36.00,0.00,36.00,0.00,0.00,0.00,0.00,0
NDX100,PERIOD_H1,15,0,15:00,60,BREAKOUT,2.00,0.10,11,1.50,1.0079,253,581,0.011419,499,10,0.020040,487,230,47.23,2221.57,22360.77,-20139.20,1.11,12.34,1.80,185.84,254.58,250,8132.37,35462.00,510,1.0000,3.0000,0,200,0,600,0.000000,0.050000,487,0.00,253.00,0.00,253.00,0.00,0.00,0.00,0.00,0
NDX100,PERIOD_H1,15,0,15:00,60,BREAKOUT,2.00,0.10,7,2.50,1.0121,266,697,0.021485,495,7,0.014141,486,233,47.94,2646.98,22834.85,-20187.87,1.13,11.03,2.08,185.92,268.42,250,8132.37,35462.00,510,1.0000,3.0000,0,200,0,600,0.000000,0.050000,486,0.00,266.00,0.00,266.00,0.00,0.00,0.00,0.00,0
NDX100,PERIOD_H1,15,0,15:00,60,BREAKOUT,2.00,0.10,345,1.00,1.0711,80,439,0.021326,500,11,0.022000,487,231,47.43,2638.69,23368.67,-20729.98,1.13,14.02,2.08,185.64,94.22,250,8132.37,35462.00,510,1.0000,3.0000,0,200,0,600,0.000000,0.050000,487,0.00,80.00,0.00,80.00,0.00,0.00,0.00,0.00,0
NDX100,PERIOD_H1,15,0,15:00,60,BREAKOUT,2.00,0.10,9,2.00,1.0104,75,666,0.068355,522,34,0.065134,486,229,47.12,2439.31,23249.35,-20810.04,1.12,15.07,1.96,186.12,77.08,250,8132.37,35462.00,510,1.0000,3.0000,0,200,0,600,0.000000,0.050000,486,0.00,75.00,0.00,75.00,0.00,0.00,0.00,0.00,0
NDX100,PERIOD_H1,15,0,15:00,60,BREAKOUT,2.00,0.10,343,1.50,1.1237,223,578,0.071837,532,43,0.080827,487,232,47.64,1268.21,20731.07,-19462.86,1.07,14.10,1.09,185.65,247.74,250,8132.37,35462.00,510,1.0000,3.0000,0,200,0,600,0.000000,0.050000,487,0.00,223.00,0.00,223.00,0.00,0.00,0.00,0.00,0
NDX100,PERIOD_H1,15,0,15:00,60,BREAKOUT,2.00,0.10,177,1.50,1.0658,88,129,0.004127,490,0,0.000000,488,235,48.16,2992.38,24305.71,-21313.33,1.14,15.83,2.29,186.40,101.16,250,8132.37,35462.00,510,1.0000,3.0000,0,200,0,600,0.000000,0.050000,488,0.00,88.00,0.00,88.00,0.00,0.00,0.00,0.00,0
NDX100,PERIOD_H1,15,0,15:00,60,BREAKOUT,2.00,0.10,339,2.50,1.2271,216,692,0.002039,489,0,0.000000,487,232,47.64,2164.96,22399.36,-20234.40,1.11,12.56,1.74,185.83,261.43,250,8132.37,35462.00,510,1.0000,3.0000,0,200,0,600,0.000000,0.050000,487,0.00,216.00,0.00,216.00,0.00,0.00,0.00,0.00,0
NDX100,PERIOD_H1,15,0,15:00,60,BREAKOUT,2.00,0.10,338,3.00,1.2788,63,1649,0.028605,495,6,0.012121,487,229,47.02,2447.20,23278.91,-20831.71,1.12,12.81,1.94,185.67,118.76,250,8132.37,35462.00,510,1.0000,3.0000,0,200,0,600,0.000000,0.050000,487,0.00,63.00,0.00,63.00,0.00,0.00,0.00,0.00,0
NDX100,PERIOD_H1,15,0,15:00,60,BREAKOUT,2.00,0.10,6,3.00,1.0142,122,1655,0.048051,513,24,0.046784,487,230,47.23,2274.29,23186.50,-20912.21,1.11,12.99,1.83,185.64,124.83,250,8132.37,35462.00,510,1.0000,3.0000,0,200,0,600,0.000000,0.050000,487,0.00,122.00,0.00,122.00,0.00,0.00,0.00,0.00,0
NDX100,PERIOD_H1,15,0,15:00,60,BREAKOUT,2.00,0.10,172,3.00,1.1465,393,752,0.038328,502,17,0.033865,483,227,47.00,1424.29,20870.91,-19446.62,1.07,14.76,1.21,185.69,422.30,250,8132.37,35462.00,510,1.0000,3.0000,0,200,0,600,0.000000,0.050000,483,0.00,393.00,0.00,393.00,0.00,0.00,0.00,0.00,0
NDX100,PERIOD_H1,15,0,15:00,60,BREAKOUT,2.00,0.10,174,2.50,1.1202,155,762,0.085199,531,43,0.080979,486,233,47.94,2957.43,23347.21,-20389.78,1.15,12.72,2.33,185.52,179.04,250,8132.37,35462.00,510,1.0000,3.0000,0,200,0,600,0.000000,0.050000,486,0.00,155.00,0.00,155.00,0.00,0.00,0.00,0.00,0
NDX100,PERIOD_H1,15,0,15:00,60,BREAKOUT,2.00,0.10,180,1.00,1.0382,56,467,0.012905,496,6,0.012097,488,231,47.34,2890.14,24095.81,-21205.67,1.14,14.09,2.23,186.05,63.64,250,8132.37,35462.00,510,1.0000,3.0000,0,200,0,600,0.000000,0.050000,488,0.00,56.00,0.00,56.00,0.00,0.00,0.00,0.00,0
NDX100,PERIOD_H1,15,0,15:00,60,BREAKOUT,2.00,0.10,176,2.00,1.0935,387,718,0.032069,498,10,0.020080,486,231,47.53,1703.51,21266.96,-19563.45,1.09,13.96,1.41,186.05,405.71,250,8132.37,35462.00,510,1.0000,3.0000,0,200,0,600,0.000000,0.050000,486,0.00,387.00,0.00,387.00,0.00,0.00,0.00,0.00,0
NDX100,PERIOD_H1,15,0,15:00,60,BREAKOUT,2.00,0.10,14,1.00,1.0051,166,168,0.017766,501,11,0.021956,488,237,48.57,3168.39,24505.80,-21337.41,1.15,15.14,2.43,186.50,167.03,250,8132.37,35462.00,510,1.0000,3.0000,0,200,0,600,0.000000,0.050000,488,0.00,166.00,0.00,166.00,0.00,0.00,0.00,0.00,0
NDX100,PERIOD_H1,15,0,15:00,60,BREAKOUT,2.00,0.10,342,2.00,1.1762,167,116,0.022346,504,14,0.027778,488,236,48.36,2567.13,23210.88,-20643.75,1.12,14.17,2.01,185.71,202.25,250,8132.37,35462.00,510,1.0000,3.0000,0,200,0,600,0.000000,0.050000,488,0.00,167.00,0.00,167.00,0.00,0.00,0.00,0.00,0
NDX100,PERIOD_H1,15,0,15:00,60,BREAKOUT,2.00,0.10,12,1.50,1.0082,52,171,0.066497,525,37,0.070476,486,233,47.94,1585.59,21924.26,-20338.67,1.08,17.17,1.32,186.75,53.64,250,8132.37,35462.00,510,1.0000,3.0000,0,200,0,600,0.000000,0.050000,486,0.00,52.00,0.00,52.00,0.00,0.00,0.00,0.00,0
NDX100,PERIOD_H1,15,0,15:00,60,BREAKOUT,2.00,0.10,8,2.50,1.0127,430,14,0.094922,531,47,0.088512,484,228,47.11,1301.11,20962.81,-19661.70,1.07,16.60,1.12,185.79,432.54,250,8132.37,35462.00,510,1.0000,3.0000,0,200,0,600,0.000000,0.050000,484,0.00,430.00,0.00,430.00,0.00,0.00,0.00,0.00,0
NDX100,PERIOD_H1,15,0,15:00,60,BREAKOUT,2.00,0.10,346,1.00,1.0713,146,166,0.008043,492,2,0.004065,488,235,48.16,3017.18,24227.18,-21210.00,1.14,15.07,2.31,186.41,160.26,250,8132.37,35462.00,510,1.0000,3.0000,0,200,0,600,0.000000,0.050000,488,0.00,146.00,0.00,146.00,0.00,0.00,0.00,0.00,0
NDX100,PERIOD_H1,15,0,15:00,60,BREAKOUT,2.00,0.10,10,2.00,1.0108,206,120,0.041792,509,21,0.041257,486,234,48.15,2662.93,23283.10,-20620.17,1.13,13.71,2.07,185.68,208.17,250,8132.37,35462.00,510,1.0000,3.0000,0,200,0,600,0.000000,0.050000,486,0.00,206.00,0.00,206.00,0.00,0.00,0.00,0.00,0
NDX100,PERIOD_H1,15,0,15:00,60,BREAKOUT,2.00,0.10,344,1.50,1.1240,22,168,0.051914,514,26,0.050584,486,240,49.38,3196.38,24566.43,-21370.05,1.15,14.13,2.44,186.22,46.80,250,8132.37,35462.00,510,1.0000,3.0000,0,200,0,600,0.000000,0.050000,486,0.00,22.00,0.00,22.00,0.00,0.00,0.00,0.00,0
NDX100,PERIOD_H1,15,0,15:00,60,BREAKOUT,2.00,0.10,340,2.50,1.2277,380,10,0.075475,528,42,0.079545,485,228,47.01,1069.14,20477.47,-19408.33,1.06,16.42,0.93,185.93,425.55,250,8132.37,35462.00,510,1.0000,3.0000,0,200,0,600,0.000000,0.050000,485,0.00,380.00,0.00,380.00,0.00,0.00,0.00,0.00,0
NDX100,PERIOD_H1,15,0,15:00,60,BREAKOUT,2.00,0.10,178,1.50,1.0661,187,620,0.059204,523,34,0.065010,487,232,47.64,2767.22,22607.89,-19840.67,1.14,9.79,2.20,185.98,200.22,250,8132.37,35462.00,510,1.0000,3.0000,0,200,0,600,0.000000,0.050000,487,0.00,187.00,0.00,187.00,0.00,0.00,0.00,0.00,0
NDX100,PERIOD_H1,15,0,15:00,60,BREAKOUT,2.00,0.10,173,3.00,1.1472,589,1733,0.011762,486,3,0.006173,483,226,46.79,703.22,19756.25,-19053.03,1.04,15.19,0.62,186.08,618.44,250,8132.37,35462.00,510,1.0000,3.0000,0,200,0,600,0.000000,0.050000,483,0.00,589.00,0.00,589.00,0.00,0.00,0.00,0.00,0
NDX100,PERIOD_H1,15,0,15:00,60,BREAKOUT,2.00,0.10,339,3.00,1.2795,260,830,0.002039,488,0,0.000000,486,231,47.53,1890.26,21895.14,-20004.88,1.09,14.35,1.54,185.82,315.91,250,8132.37,35462.00,510,1.0000,3.0000,0,200,0,600,0.000000,0.050000,486,0.00,260.00,0.00,260.00,0.00,0.00,0.00,0.00,0
NDX100,PERIOD_H1,15,0,15:00,60,BREAKOUT,2.00,0.10,7,3.00,1.0149,319,836,0.021485,494,7,0.014170,485,232,47.84,2379.70,22381.85,-20002.15,1.12,12.81,1.89,185.96,321.98,250,8132.37,35462.00,510,1.0000,3.0000,0,200,0,600,0.000000,0.050000,485,0.00,319.00,0.00,319.00,0.00,0.00,0.00,0.00,0
NDX100,PERIOD_H1,15,0,15:00,60,BREAKOUT,2.00,0.10,175,2.50,1.1210,319,80,0.058635,522,35,0.067050,485,232,47.84,1633.16,21332.34,-19699.18,1.08,16.14,1.36,185.83,343.20,250,8132.37,35462.00,510,1.0000,3.0000,0,200,0,600,0.000000,0.050000,485,0.00,319.00,0.00,319.00,0.00,0.00,0.00,0.00,0
NDX100,PERIOD_H1,15,0,15:00,60,BREAKOUT,2.00,0.10,181,1.00,1.0384,121,194,0.049623,523,33,0.063098,488,238,48.77,3984.06,25696.85,-21712.79,1.18,13.85,2.94,186.30,128.68,250,8132.37,35462.00,510,1.0000,3.0000,0,200,0,600,0.000000,0.050000,488,0.00,121.00,0.00,121.00,0.00,0.00,0.00,0.00,0
NDX100,PERIOD_H1,15,0,15:00,60,BREAKOUT,2.00,0.10,15,1.00,1.0053,31,495,0.004483,493,3,0.006085,488,232,47.54,2600.69,23809.60,-21208.91,1.12,13.38,2.02,185.74,32.06,250,8132.37,35462.00,510,1.0000,3.0000,0,200,0,600,0.000000,0.050000,488,0.00,31.00,0.00,31.00,0.00,0.00,0.00,0.00,0
NDX100,PERIOD_H1,15,0,15:00,60,BREAKOUT,2.00,0.10,177,2.00,1.0940,118,172,0.005502,492,2,0.004065,488,235,48.16,3010.55,24227.47,-21216.92,1.14,15.09,2.30,186.66,136.80,250,8132.37,35462.00,510,1.0000,3.0000,0,200,0,600,0.000000,0.050000,488,0.00,118.00,0.00,118.00,0.00,0.00,0.00,0.00,0
NDX100,PERIOD_H1,15,0,15:00,60,BREAKOUT,2.00,0.10,343,2.00,1.1767,298,770,0.095782,544,58,0.106618,484,230,47.52,805.54,19450.75,-18645.21,1.04,16.46,0.72,185.75,333.34,250,8132.37,35462.00,510,1.0000,3.0000,0,200,0,600,0.000000,0.050000,484,0.00,298.00,0.00,298.00,0.00,0.00,0.00,0.00,0
NDX100,PERIOD_H1,15,0,15:00,60,BREAKOUT,2.00,0.10,13,1.50,1.0087,150,662,0.046574,516,28,0.054264,487,232,47.64,3240.00,24757.89,-21517.89,1.15,11.37,2.46,186.00,151.73,250,8132.37,35462.00,510,1.0000,3.0000,0,200,0,600,0.000000,0.050000,487,0.00,150.00,0.00,150.00,0.00,0.00,0.00,0.00,0
NDX100,PERIOD_H1,15,0,15:00,60,BREAKOUT,2.00,0.10,347,1.00,1.0715,11,494,0.044761,513,23,0.044834,488,233,47.75,3006.60,24059.48,-21052.88,1.14,14.33,2.32,185.74,25.29,250,8132.37,35462.00,510,1.0000,3.0000,0,200,0,600,0.000000,0.050000,488,0.00,11.00,0.00,11.00,0.00,0.00,0.00,0.00,0
NDX100,PERIOD_H1,15,0,15:00,60,BREAKOUT,2.00,0.10,9,2.50,1.0135,94,832,0.068355,521,33,0.063340,486,228,46.91,2319.92,22988.88,-20668.96,1.11,14.80,1.88,185.90,96.70,250,8132.37,35462.00,510,1.0000,3.0000,0,200,0,600,0.000000,0.050000,486,0.00,94.00,0.00,94.00,0.00,0.00,0.00,0.00,0
NDX100,PERIOD_H1,15,0,15:00,60,BREAKOUT,2.00,0.10,11,2.00,1.0113,338,774,0.015226,498,10,0.020080,486,229,47.12,1789.61,21581.86,-19792.25,1.09,15.10,1.48,185.69,340.26,250,8132.37,35462.00,510,1.0000,3.0000,0,200,0,600,0.000000,0.050000,486,0.00,338.00,0.00,338.00,0.00,0.00,0.00,0.00,0
NDX100,PERIOD_H1,15,0,15:00,60,BREAKOUT,2.00,0.10,345,1.50,1.1244,120,659,0.031990,506,17,0.033597,487,230,47.23,2498.11,22858.46,-20360.35,1.12,13.78,1.98,185.94,144.89,250,8132.37,35462.00,510,1.0000,3.0000,0,200,0,600,0.000000,0.050000,487,0.00,120.00,0.00,120.00,0.00,0.00,0.00,0.00,0
NDX100,PERIOD_H1,15,0,15:00,60,BREAKOUT,2.00,0.10,341,2.50,1.2285,44,827,0.048912,518,29,0.055985,487,228,46.82,1843.55,22342.60,-20499.05,1.09,13.31,1.52,185.97,89.70,250,8132.37,35462.00,510,1.0000,3.0000,0,200,0,600,0.000000,0.050000,487,0.00,44.00,0.00,44.00,0.00,0.00,0.00,0.00,0
NDX100,PERIOD_H1,15,0,15:00,60,BREAKOUT,2.00,0.10,179,1.50,1.0665,285,210,0.039282,513,26,0.050682,485,236,48.66,2679.29,23279.31,-20600.02,1.13,15.07,2.11,186.49,298.31,250,8132.37,35462.00,510,1.0000,3.0000,0,200,0,600,0.000000,0.050000,485,0.00,285.00,0.00,285.00,0.00,0.00,0.00,0.00,0
NDX100,PERIOD_H1,15,0,15:00,60,BREAKOUT,2.00,0.10,176,2.50,1.1216,483,897,0.032069,495,10,0.020202,485,229,47.22,1001.85,20135.31,-19133.46,1.05,15.40,0.87,186.39,507.32,250,8132.37,35462.00,510,1.0000,3.0000,0,200,0,600,0.000000,0.050000,485,0.00,483.00,0.00,483.00,0.00,0.00,0.00,0.00,0
NDX100,PERIOD_H1,15,0,15:00,60,BREAKOUT,2.00,0.10,174,3.00,1.1480,186,914,0.085199,531,44,0.082863,485,232,47.84,2847.82,22961.58,-20113.76,1.14,12.02,2.26,185.92,215.59,250,8132.37,35462.00,510,1.0000,3.0000,0,200,0,600,0.000000,0.050000,485,0.00,186.00,0.00,186.00,0.00,0.00,0.00,0.00,0
NDX100,PERIOD_H1,15,0,15:00,60,BREAKOUT,2.00,0.10,340,3.00,1.2803,456,11,0.075475,528,44,0.083333,484,227,46.90,509.04,19341.46,-18832.42,1.03,17.14,0.46,185.98,512.06,250,8132.37,35462.00,510,1.0000,3.0000,0,200,0,600,0.000000,0.050000,484,0.00,456.00,0.00,456.00,0.00,0.00,0.00,0.00,0
NDX100,PERIOD_H1,15,0,15:00,60,BREAKOUT,2.00,0.10,8,3.00,1.0156,516,17,0.094922,530,49,0.092453,481,227,47.19,812.67,20206.86,-19394.19,1.04,17.73,0.72,185.83,519.13,250,8132.37,35462.00,510,1.0000,3.0000,0,200,0,600,0.000000,0.050000,481,0.00,516.00,0.00,516.00,0.00,0.00,0.00,0.00,0
NDX100,PERIOD_H1,15,0,15:00,60,BREAKOUT,2.00,0.10,182,1.00,1.0386,187,522,0.036341,508,18,0.035433,488,232,47.54,3259.60,23807.00,-20547.40,1.16,11.89,2.50,185.69,194.72,250,8132.37,35462.00,510,1.0000,3.0000,0,200,0,600,0.000000,0.050000,488,0.00,187.00,0.00,187.00,0.00,0.00,0.00,0.00,0
NDX100,PERIOD_H1,15,0,15:00,60,BREAKOUT,2.00,0.10,16,1.00,1.0055,97,223,0.041203,508,18,0.035433,488,234,47.95,2921.05,24015.24,-21094.19,1.14,14.43,2.28,186.32,98.10,250,8132.37,35462.00,510,1.0000,3.0000,0,200,0,600,0.000000,0.050000,488,0.00,97.00,0.00,97.00,0.00,0.00,0.00,0.00,0
NDX100,PERIOD_H1,15,0,15:00,60,BREAKOUT,2.00,0.10,344,2.00,1.1772,29,224,0.069219,528,41,0.077652,485,240,49.48,2905.43,23830.97,-20925.54,1.14,14.42,2.27,186.01,64.43,250,8132.37,35462.00,510,1.0000,3.0000,0,200,0,600,0.000000,0.050000,485,0.00,29.00,0.00,29.00,0.00,0.00,0.00,0.00,0
NDX100,PERIOD_H1,15,0,15:00,60,BREAKOUT,2.00,0.10,178,2.00,1.0945,249,826,0.078939,528,40,0.075758,486,233,47.94,2392.05,22019.84,-19627.79,1.12,9.05,1.94,185.82,267.89,250,8132.37,35462.00,510,1.0000,3.0000,0,200,0,600,0.000000,0.050000,486,0.00,249.00,0.00,249.00,0.00,0.00,0.00,0.00,0
NDX100,PERIOD_H1,15,0,15:00,60,BREAKOUT,2.00,0.10,12,2.00,1.0117,69,228,0.088662,536,48,0.089552,486,233,47.94,1605.52,21793.57,-20188.05,1.08,17.75,1.34,186.34,71.35,250,8132.37,35462.00,510,1.0000,3.0000,0,200,0,600,0.000000,0.050000,486,0.00,69.00,0.00,69.00,0.00,0.00,0.00,0.00,0
NDX100,PERIOD_H1,15,0,15:00,60,BREAKOUT,2.00,0.10,10,2.50,1.0141,258,150,0.041792,508,21,0.041339,485,236,48.66,2931.78,23414.49,-20482.71,1.14,14.36,2.27,186.00,260.82,250,8132.37,35462.00,510,1.0000,3.0000,0,200,0,600,0.000000,0.050000,485,0.00,258.00,0.00,258.00,0.00,0.00,0.00,0.00,0
NDX100,PERIOD_H1,15,0,15:00,60,BREAKOUT,2.00,0.10,14,1.50,1.0090,248,252,0.026650,505,16,0.031683,487,235,48.25,2966.18,23773.77,-20807.59,1.14,14.68,2.30,186.39,249.79,250,8132.37,35462.00,510,1.0000,3.0000,0,200,0,600,0.000000,0.050000,487,0.00,248.00,0.00,248.00,0.00,0.00,0.00,0.00,0
NDX100,PERIOD_H1,15,0,15:00,60,BREAKOUT,2.00,0.10,348,1.00,1.0717,77,221,0.031480,506,18,0.035573,486,236,48.56,3533.95,25265.68,-21731.73,1.16,16.14,2.68,186.10,91.34,250,8132.37,35462.00,510,1.0000,3.0000,0,200,0,600,0.000000,0.050000,486,0.00,77.00,0.00,77.00,0.00,0.00,0.00,0.00,0
NDX100,PERIOD_H1,15,0,15:00,60,BREAKOUT,2.00,0.10,346,1.50,1.1248,219,250,0.012065,494,5,0.010121,487,233,47.84,2664.25,23163.68,-20499.43,1.13,14.51,2.08,186.53,243.95,250,8132.37,35462.00,510,1.0000,3.0000,0,200,0,600,0.000000,0.050000,487,0.00,219.00,0.00,219.00,0.00,0.00,0.00,0.00,0
NDX100,PERIOD_H1,15,0,15:00,60,BREAKOUT,2.00,0.10,180,1.50,1.0669,83,701,0.019357,501,11,0.021956,488,230,47.13,2635.08,23536.15,-20901.07,1.13,13.70,2.06,185.77,96.37,250,8132.37,35462.00,510,1.0000,3.0000,0,200,0,600,0.000000,0.050000,488,0.00,83.00,0.00,83.00,0.00,0.00,0.00,0.00,0
NDX100,PERIOD_H1,15,0,15:00,60,BREAKOUT,2.00,0.10,342,2.50,1.2291,208,145,0.022346,503,14,0.027833,487,238,48.87,3136.31,23782.51,-20646.20,1.15,15.06,2.42,186.11,253.82,250,8132.37,35462.00,510,1.0000,3.0000,0,200,0,600,0.000000,0.050000,487,0.00,208.00,0.00,208.00,0.00,0.00,0.00,0.00,0
NDX100,PERIOD_H1,15,0,15:00,60,BREAKOUT,2.00,0.10,9,3.00,1.0166,113,998,0.068355,521,33,0.063340,486,226,46.50,1908.57,22505.30,-20596.73,1.09,17.39,1.58,186.33,116.32,250,8132.37,35462.00,510,1.0000,3.0000,0,200,0,600,0.000000,0.050000,486,0.00,113.00,0.00,113.00,0.00,0.00,0.00,0.00,0
NDX100,PERIOD_H1,15,0,15:00,60,BREAKOUT,2.00,0.10,175,3.00,1.1489,383,96,0.058635,521,35,0.067179,484,232,47.93,1480.17,21077.22,-19597.05,1.08,17.03,1.25,185.90,412.79,250,8132.37,35462.00,510,1.0000,3.0000,0,200,0,600,0.000000,0.050000,484,0.00,383.00,0.00,383.00,0.00,0.00,0.00,0.00,0
NDX100,PERIOD_H1,15,0,15:00,60,BREAKOUT,2.00,0.10,341,3.00,1.2813,53,993,0.048912,518,29,0.055985,487,227,46.61,1673.21,22082.64,-20409.43,1.08,15.09,1.38,186.27,109.25,250,8132.37,35462.00,510,1.0000,3.0000,0,200,0,600,0.000000,0.050000,487,0.00,53.00,0.00,53.00,0.00,0.00,0.00,0.00,0
NDX100,PERIOD_H1,15,0,15:00,60,BREAKOUT,2.00,0.10,177,2.50,1.1222,147,215,0.005502,492,2,0.004065,488,235,48.16,3047.36,24269.27,-21221.91,1.14,15.15,2.33,186.33,171.44,250,8132.37,35462.00,510,1.0000,3.0000,0,200,0,600,0.000000,0.050000,488,0.00,147.00,0.00,147.00,0.00,0.00,0.00,0.00,0
NDX100,PERIOD_H1,15,0,15:00,60,BREAKOUT,2.00,0.10,17,1.00,1.0057,162,550,0.027920,505,16,0.031683,487,234,48.05,3136.77,24348.51,-21211.74,1.15,12.51,2.41,185.83,163.15,250,8132.37,35462.00,510,1.0000,3.0000,0,200,0,600,0.000000,0.050000,487,0.00,162.00,0.00,162.00,0.00,0.00,0.00,0.00,0
NDX100,PERIOD_H1,15,0,15:00,60,BREAKOUT,2.00,0.10,183,1.00,1.0388,52,249,0.023058,500,10,0.020000,488,235,48.16,3289.16,24890.59,-21601.43,1.15,16.39,2.48,186.44,59.76,250,8132.37,35462.00,510,1.0000,3.0000,0,200,0,600,0.000000,0.050000,488,0.00,52.00,0.00,52.00,0.00,0.00,0.00,0.00,0
NDX100,PERIOD_H1,15,0,15:00,60,BREAKOUT,2.00,0.10,345,2.00,1.1778,160,879,0.042653,514,25,0.048638,487,226,46.41,1700.62,21290.76,-19590.14,1.09,13.12,1.40,185.99,195.55,250,8132.37,35462.00,510,1.0000,3.0000,0,200,0,600,0.000000,0.050000,487,0.00,160.00,0.00,160.00,0.00,0.00,0.00,0.00,0
NDX100,PERIOD_H1,15,0,15:00,60,BREAKOUT,2.00,0.10,179,2.00,1.0951,380,281,0.052376,520,34,0.065385,484,234,48.35,1891.90,21873.85,-19981.95,1.09,17.03,1.58,186.62,399.01,250,8132.37,35462.00,510,1.0000,3.0000,0,200,0,600,0.000000,0.050000,484,0.00,380.00,0.00,380.00,0.00,0.00,0.00,0.00,0
NDX100,PERIOD_H1,15,0,15:00,60,BREAKOUT,2.00,0.10,11,2.50,1.0147,422,968,0.015226,498,10,0.020080,486,227,46.71,1302.66,20779.85,-19477.19,1.07,17.34,1.11,186.17,424.94,250,8132.37,35462.00,510,1.0000,3.0000,0,200,0,600,0.000000,0.050000,486,0.00,422.00,0.00,422.00,0.00,0.00,0.00,0.00,0
NDX100,PERIOD_H1,15,0,15:00,60,BREAKOUT,2.00,0.10,13,2.00,1.0124,200,882,0.062099,522,34,0.065134,487,231,47.43,2522.01,22993.43,-20471.42,1.12,10.33,1.99,185.91,202.47,250,8132.37,35462.00,510,1.0000,3.0000,0,200,0,600,0.000000,0.050000,487,0.00,200.00,0.00,200.00,0.00,0.00,0.00,0.00,0
NDX100,PERIOD_H1,15,0,15:00,60,BREAKOUT,2.00,0.10,15,1.50,1.0093,47,743,0.006725,495,5,0.010101,488,232,47.54,2652.48,23712.15,-21059.67,1.13,13.45,2.06,185.70,48.86,250,8132.37,35462.00,510,1.0000,3.0000,0,200,0,600,0.000000,0.050000,488,0.00,47.00,0.00,47.00,0.00,0.00,0.00,0.00,0
NDX100,PERIOD_H1,15,0,15:00,60,BREAKOUT,2.00,0.10,349,1.00,1.0719,143,548,0.018197,494,5,0.010121,487,232,47.64,2961.63,23750.77,-20789.14,1.14,12.18,2.29,185.85,157.38,250,8132.37,35462.00,510,1.0000,3.0000,0,200,0,600,0.000000,0.050000,487,0.00,143.00,0.00,143.00,0.00,0.00,0.00,0.00,0
NDX100,PERIOD_H1,15,0,15:00,60,BREAKOUT,2.00,0.10,347,1.50,1.1251,17,740,0.067142,529,41,0.077505,486,230,47.33,2851.16,23368.07,-20516.91,1.14,13.55,2.25,186.00,42.02,250,8132.37,35462.00,510,1.0000,3.0000,0,200,0,600,0.000000,0.050000,486,0.00,17.00,0.00,17.00,0.00,0.00,0.00,0.00,0
NDX100,PERIOD_H1,15,0,15:00,60,BREAKOUT,2.00,0.10,181,1.50,1.0672,182,292,0.074435,539,50,0.092764,487,236,48.46,3389.22,24297.68,-20908.46,1.16,12.41,2.59,186.35,195.44,250,8132.37,35462.00,510,1.0000,3.0000,0,200,0,600,0.000000,0.050000,487,0.00,182.00,0.00,182.00,0.00,0.00,0.00,0.00,0
NDX100,PERIOD_H1,15,0,15:00,60,BREAKOUT,2.00,0.10,343,2.50,1.2297,372,963,0.095782,545,59,0.108257,484,229,47.31,230.03,18713.76,-18483.73,1.01,19.41,0.21,186.15,417.94,250,8132.37,35462.00,510,1.0000,3.0000,0,200,0,600,0.000000,0.050000,484,0.00,372.00,0.00,372.00,0.00,0.00,0.00,0.00,0
NDX100,PERIOD_H1,15,0,15:00,60,BREAKOUT,2.00,0.10,10,3.00,1.0173,309,180,0.041792,507,22,0.043393,483,235,48.65,2796.42,23053.93,-20257.51,1.14,15.91,2.18,186.38,312.47,250,8132.37,35462.00,510,1.0000,3.0000,0,200,0,600,0.000000,0.050000,483,0.00,309.00,0.00,309.00,0.00,0.00,0.00,0.00,0
NDX100,PERIOD_H1,15,0,15:00,60,BREAKOUT,2.00,0.10,342,3.00,1.2820,250,174,0.022346,502,14,0.027888,486,238,48.97,2972.73,23376.05,-20403.32,1.15,15.02,2.31,186.69,306.40,250,8132.37,35462.00,510,1.0000,3.0000,0,200,0,600,0.000000,0.050000,486,0.00,250.00,0.00,250.00,0.00,0.00,0.00,0.00,0
NDX100,PERIOD_H1,15,0,15:00,60,BREAKOUT,2.00,0.10,178,2.50,1.1228,311,1033,0.078939,529,42,0.079395,485,230,47.42,1543.22,20791.14,-19247.92,1.08,13.97,1.30,185.91,335.56,250,8132.37,35462.00,510,1.0000,3.0000,0,200,0,600,0.000000,0.050000,485,0.00,311.00,0.00,311.00,0.00,0.00,0.00,0.00,0
NDX100,PERIOD_H1,15,0,15:00,60,BREAKOUT,2.00,0.10,176,3.00,1.1497,580,1077,0.032069,493,10,0.020284,483,228,47.20,506.39,19020.98,-18514.59,1.03,15.10,0.45,185.97,609.93,250,8132.37,35462.00,510,1.0000,3.0000,0,200,0,600,0.000000,0.050000,483,0.00,580.00,0.00,580.00,0.00,0.00,0.00,0.00,0
NDX100,PERIOD_H1,15,0,15:00,60,BREAKOUT,2.00,0.10,18,1.00,1.0059,28,277,0.014637,498,8,0.016064,488,235,48.16,3464.84,25684.67,-22219.83,1.16,16.00,2.59,186.61,29.18,250,8132.37,35462.00,510,1.0000,3.0000,0,200,0,600,0.000000,0.050000,488,0.00,28.00,0.00,28.00,0.00,0.00,0.00,0.00,0
NDX100,PERIOD_H1,15,0,15:00,60,BREAKOUT,2.00,0.10,184,1.00,1.0390,118,576,0.009775,494,5,0.010121,487,232,47.64,2984.21,23712.30,-20728.09,1.14,11.85,2.31,185.70,125.80,250,8132.37,35462.00,510,1.0000,3.0000,0,200,0,600,0.000000,0.050000,487,0.00,118.00,0.00,118.00,0.00,0.00,0.00,0.00,0
NDX100,PERIOD_H1,15,0,15:00,60,BREAKOUT,2.00,0.10,180,2.00,1.0955,111,935,0.025810,503,13,0.025845,488,230,47.13,2395.50,23106.39,-20710.89,1.12,13.39,1.90,186.00,130.10,250,8132.37,35462.00,510,1.0000,3.0000,0,200,0,600,0.000000,0.050000,488,0.00,111.00,0.00,111.00,0.00,0.00,0.00,0.00,0
NDX100,PERIOD_H1,15,0,15:00,60,BREAKOUT,2.00,0.10,12,2.50,1.0153,86,285,0.088662,536,48,0.089552,486,233,47.94,1366.72,21285.12,-19918.40,1.07,17.55,1.15,186.46,89.05,250,8132.37,35462.00,510,1.0000,3.0000,0,200,0,600,0.000000,0.050000,486,0.00,86.00,0.00,86.00,0.00,0.00,0.00,0.00,0
NDX100,PERIOD_H1,15,0,15:00,60,BREAKOUT,2.00,0.10,346,2.00,1.1782,292,333,0.016086,495,7,0.014141,486,233,47.94,2219.10,22515.87,-20296.77,1.11,17.03,1.77,186.36,327.65,250,8132.37,35462.00,510,1.0000,3.0000,0,200,0,600,0.000000,0.050000,486,0.00,292.00,0.00,292.00,0.00,0.00,0.00,0.00,0
NDX100,PERIOD_H1,15,0,15:00,60,BREAKOUT,2.00,0.10,14,2.00,1.0128,331,337,0.035533,512,24,0.046875,486,234,48.15,2591.37,22684.41,-20093.04,1.13,15.76,2.06,186.37,333.56,250,8132.37,35462.00,510,1.0000,3.0000,0,200,0,600,0.000000,0.050000,486,0.00,331.00,0.00,331.00,0.00,0.00,0.00,0.00,0
NDX100,PERIOD_H1,15,0,15:00,60,BREAKOUT,2.00,0.10,16,1.50,1.0096,145,334,0.061805,520,31,0.059615,487,230,47.23,2700.30,23527.88,-20827.58,1.13,13.86,2.13,186.43,146.92,250,8132.37,35462.00,510,1.0000,3.0000,0,200,0,600,0.000000,0.050000,487,0.00,145.00,0.00,145.00,0.00,0.00,0.00,0.00,0
NDX100,PERIOD_H1,15,0,15:00,60,BREAKOUT,2.00,0.10,350,1.00,1.0721,8,275,0.004913,494,5,0.010121,487,235,48.25,3095.87,24329.89,-21234.02,1.15,14.87,2.35,186.89,22.42,250,8132.37,35462.00,510,1.0000,3.0000,0,200,0,600,0.000000,0.050000,487,0.00,8.00,0.00,8.00,0.00,0.00,0.00,0.00,0
NDX100,PERIOD_H1,15,0,15:00,60,BREAKOUT,2.00,0.10,182,1.50,1.0675,280,782,0.054512,516,28,0.054264,486,232,47.74,3066.01,23244.91,-20178.90,1.15,12.66,2.40,185.64,293.50,250,8132.37,35462.00,510,1.0000,3.0000,0,200,0,600,0.000000,0.050000,486,0.00,280.00,0.00,280.00,0.00,0.00,0.00,0.00,0
NDX100,PERIOD_H1,15,0,15:00,60,BREAKOUT,2.00,0.10,348,1.50,1.1255,115,331,0.047220,512,24,0.046875,486,232,47.74,2969.55,24563.65,-21594.10,1.14,15.12,2.29,186.09,140.10,250,8132.37,35462.00,510,1.0000,3.0000,0,200,0,600,0.000000,0.050000,486,0.00,115.00,0.00,115.00,0.00,0.00,0.00,0.00,0
NDX100,PERIOD_H1,15,0,15:00,60,BREAKOUT,2.00,0.10,177,3.00,1.1504,177,258,0.005502,492,2,0.004065,488,233,47.75,2737.19,23384.41,-20647.22,1.13,13.99,2.12,186.44,207.08,250,8132.37,35462.00,510,1.0000,3.0000,0,200,0,600,0.000000,0.050000,488,0.00,177.00,0.00,177.00,0.00,0.00,0.00,0.00,0
NDX100,PERIOD_H1,15,0,15:00,60,BREAKOUT,2.00,0.10,344,2.50,1.2303,36,281,0.069219,528,41,0.077652,485,239,49.28,2812.47,23725.62,-20913.15,1.13,14.54,2.20,186.13,82.06,250,8132.37,35462.00,510,1.0000,3.0000,0,200,0,600,0.000000,0.050000,485,0.00,36.00,0.00,36.00,0.00,0.00,0.00,0.00,0
NDX100,PERIOD_H1,15,0,15:00,60,BREAKOUT,2.00,0.10,11,3.00,1.0181,506,1161,0.015226,496,11,0.022177,485,226,46.60,1242.13,20768.95,-19526.82,1.06,15.21,1.06,186.51,509.61,250,8132.37,35462.00,510,1.0000,3.0000,0,200,0,600,0.000000,0.050000,485,0.00,506.00,0.00,506.00,0.00,0.00,0.00,0.00,0
NDX100,PERIOD_H1,15,0,15:00,60,BREAKOUT,2.00,0.10,179,2.50,1.1236,475,351,0.052376,521,36,0.069098,484,230,47.52,1103.46,20809.61,-19706.15,1.06,18.46,0.97,186.30,499.72,250,8132.37,35462.00,510,1.0000,3.0000,0,200,0,600,0.000000,0.050000,484,0.00,475.00,0.00,475.00,0.00,0.00,0.00,0.00,0
NDX100,PERIOD_H1,15,0,15:00,60,BREAKOUT,2.00,0.10,343,3.00,1.2827,447,1155,0.095782,544,59,0.108456,484,228,47.11,132.75,18449.45,-18316.70,1.01,19.45,0.12,186.19,503.54,250,8132.37,35462.00,510,1.0000,3.0000,0,200,0,600,0.000000,0.050000,484,0.00,447.00,0.00,447.00,0.00,0.00,0.00,0.00,0
NDX100,PERIOD_H1,15,0,15:00,60,BREAKOUT,2.00,0.10,19,1.00,1.0061,94,4,0.001355,490,0,0.000000,489,234,47.85,2605.18,23932.00,-21326.82,1.12,15.78,2.01,185.88,95.22,250,8132.37,35462.00,510,1.0000,3.0000,0,200,0,600,0.000000,0.050000,489,0.00,94.00,0.00,94.00,0.00,0.00,0.00,0.00,0
NDX100,PERIOD_H1,15,0,15:00,60,BREAKOUT,2.00,0.10,185,1.00,1.0392,184,303,0.046495,511,22,0.043053,488,234,47.95,2901.35,23079.89,-20178.54,1.14,14.08,2.24,186.29,191.84,250,8132.37,35462.00,510,1.0000,3.0000,0,200,0,600,0.000000,0.050000,488,0.00,184.00,0.00,184.00,0.00,0.00,0.00,0.00,0
NDX100,PERIOD_H1,15,0,15:00,60,BREAKOUT,2.00,0.10,13,2.50,1.0161,250,1103,0.062099,521,34,0.065259,486,230,47.33,2281.88,22648.84,-20366.96,1.11,11.08,1.83,185.76,253.21,250,8132.37,35462.00,510,1.0000,3.0000,0,200,0,600,0.000000,0.050000,486,0.00,250.00,0.00,250.00,0.00,0.00,0.00,0.00,0
NDX100,PERIOD_H1,15,0,15:00,60,BREAKOUT,2.00,0.10,181,2.00,1.0960,243,389,0.099246,543,57,0.104972,484,232,47.93,2571.93,23004.47,-20432.54,1.13,13.02,2.06,185.94,262.20,250,8132.37,35462.00,510,1.0000,3.0000,0,200,0,600,0.000000,0.050000,484,0.00,243.00,0.00,243.00,0.00,0.00,0.00,0.00,0
NDX100,PERIOD_H1,15,0,15:00,60,BREAKOUT,2.00,0.10,15,2.00,1.0133,62,991,0.008966,496,6,0.012097,488,231,47.34,2278.30,23081.22,-20802.92,1.11,15.96,1.81,186.18,64.66,250,8132.37,35462.00,510,1.0000,3.0000,0,200,0,600,0.000000,0.050000,488,0.00,62.00,0.00,62.00,0.00,0.00,0.00,0.00,0
NDX100,PERIOD_H1,15,0,15:00,60,BREAKOUT,2.00,0.10,347,2.00,1.1787,23,987,0.089523,543,56,0.103131,485,227,46.80,2277.15,22681.57,-20404.42,1.11,14.56,1.87,186.01,58.74,250,8132.37,35462.00,510,1.0000,3.0000,0,200,0,600,0.000000,0.050000,485,0.00,23.00,0.00,23.00,0.00,0.00,0.00,0.00,0
NDX100,PERIOD_H1,15,0,15:00,60,BREAKOUT,2.00,0.10,17,1.50,1.0100,244,824,0.041880,512,23,0.044922,487,235,48.25,2775.51,23151.02,-20375.51,1.14,12.94,2.19,185.83,246.01,250,8132.37,35462.00,510,1.0000,3.0000,0,200,0,600,0.000000,0.050000,487,0.00,244.00,0.00,244.00,0.00,0.00,0.00,0.00,0
NDX100,PERIOD_H1,15,0,15:00,60,BREAKOUT,2.00,0.10,351,1.00,1.0723,74,2,0.041633,505,15,0.029703,489,236,48.26,3197.89,24328.19,-21130.30,1.15,15.31,2.40,186.28,88.45,250,8132.37,35462.00,510,1.0000,3.0000,0,200,0,600,0.000000,0.050000,489,0.00,74.00,0.00,74.00,0.00,0.00,0.00,0.00,0
NDX100,PERIOD_H1,15,0,15:00,60,BREAKOUT,2.00,0.10,349,1.50,1.1258,214,822,0.027295,497,10,0.020121,486,231,47.53,1856.96,21925.42,-20068.46,1.09,11.63,1.52,185.74,239.17,250,8132.37,35462.00,510,1.0000,3.0000,0,200,0,600,0.000000,0.050000,486,0.00,214.00,0.00,214.00,0.00,0.00,0.00,0.00,0
NDX100,PERIOD_H1,15,0,15:00,60,BREAKOUT,2.00,0.10,183,1.50,1.0679,79,373,0.034587,507,17,0.033531,488,235,48.16,3499.75,24912.34,-21412.59,1.16,13.79,2.64,186.09,92.59,250,8132.37,35462.00,510,1.0000,3.0000,0,200,0,600,0.000000,0.050000,488,0.00,79.00,0.00,79.00,0.00,0.00,0.00,0.00,0
NDX100,PERIOD_H1,15,0,15:00,60,BREAKOUT,2.00,0.10,180,2.50,1.1242,139,1168,0.025810,503,13,0.025845,488,230,47.13,2311.45,22975.48,-20664.03,1.11,13.10,1.85,186.16,163.84,250,8132.37,35462.00,510,1.0000,3.0000,0,200,0,600,0.000000,0.050000,488,0.00,139.00,0.00,139.00,0.00,0.00,0.00,0.00,0
NDX100,PERIOD_H1,15,0,15:00,60,BREAKOUT,2.00,0.10,12,3.00,1.0188,103,342,0.088662,536,48,0.089552,486,232,47.74,1447.45,21354.96,-19907.51,1.07,17.34,1.21,186.55,106.76,250,8132.37,35462.00,510,1.0000,3.0000,0,200,0,600,0.000000,0.050000,486,0.00,103.00,0.00,103.00,0.00,0.00,0.00,0.00,0
NDX100,PERIOD_H1,15,0,15:00,60,BREAKOUT,2.00,0.10,178,3.00,1.1511,373,1240,0.078939,528,41,0.077652,485,231,47.63,1964.44,21306.79,-19342.35,1.10,11.19,1.63,186.14,403.23,250,8132.37,35462.00,510,1.0000,3.0000,0,200,0,600,0.000000,0.050000,485,0.00,373.00,0.00,373.00,0.00,0.00,0.00,0.00,0
NDX100,PERIOD_H1,15,0,15:00,60,BREAKOUT,2.00,0.10,344,3.00,1.2835,44,337,0.069219,528,41,0.077652,485,238,49.07,2872.73,23803.94,-20931.21,1.14,14.32,2.25,186.02,100.69,250,8132.37,35462.00,510,1.0000,3.0000,0,200,0,600,0.000000,0.050000,485,0.00,44.00,0.00,44.00,0.00,0.00,0.00,0.00,0
NDX100,PERIOD_H1,15,0,15:00,60,BREAKOUT,2.00,0.10,345,2.50,1.2311,200,1098,0.042653,513,25,0.048733,486,225,46.30,1558.75,21156.52,-19597.77,1.08,13.16,1.30,185.84,246.22,250,8132.37,35462.00,510,1.0000,3.0000,0,200,0,600,0.000000,0.050000,486,0.00,200.00,0.00,200.00,0.00,0.00,0.00,0.00,0
NDX100,PERIOD_H1,15,0,15:00,60,BREAKOUT,2.00,0.10,20,1.00,1.0063,159,331,0.038073,509,19,0.037328,488,232,47.54,2303.20,22805.22,-20502.02,1.11,14.73,1.84,186.23,160.26,250,8132.37,35462.00,510,1.0000,3.0000,0,200,0,600,0.000000,0.050000,488,0.00,159.00,0.00,159.00,0.00,0.00,0.00,0.00,0
NDX100,PERIOD_H1,15,0,15:00,60,BREAKOUT,2.00,0.10,186,1.00,1.0394,49,30,0.033212,507,17,0.033531,489,236,48.26,3100.93,24930.96,-21830.03,1.14,16.00,2.35,185.85,56.89,250,8132.37,35462.00,510,1.0000,3.0000,0,200,0,600,0.000000,0.050000,489,0.00,49.00,0.00,49.00,0.00,0.00,0.00,0.00,0
NDX100,PERIOD_H1,15,0,15:00,60,BREAKOUT,2.00,0.10,182,2.00,1.0964,374,1043,0.072683,520,34,0.065385,484,229,47.31,2652.44,22399.37,-19746.93,1.13,14.21,2.14,185.75,393.29,250,8132.37,35462.00,510,1.0000,3.0000,0,200,0,600,0.000000,0.050000,484,0.00,374.00,0.00,374.00,0.00,0.00,0.00,0.00,0
NDX100,PERIOD_H1,15,0,15:00,60,BREAKOUT,2.00,0.10,14,2.50,1.0167,414,421,0.035533,512,24,0.046875,486,232,47.74,2333.07,22180.63,-19847.56,1.12,13.19,1.90,185.80,417.33,250,8132.37,35462.00,510,1.0000,3.0000,0,200,0,600,0.000000,0.050000,486,0.00,414.00,0.00,414.00,0.00,0.00,0.00,0.00,0
NDX100,PERIOD_H1,15,0,15:00,60,BREAKOUT,2.00,0.10,16,2.00,1.0137,194,445,0.082406,531,42,0.079096,487,229,47.02,2710.87,22974.32,-20263.45,1.13,10.22,2.16,185.83,196.75,250,8132.37,35462.00,510,1.0000,3.0000,0,200,0,600,0.000000,0.050000,487,0.00,194.00,0.00,194.00,0.00,0.00,0.00,0.00,0
NDX100,PERIOD_H1,15,0,15:00,60,BREAKOUT,2.00,0.10,348,2.00,1.1793,154,441,0.062960,522,35,0.067050,485,231,47.63,2992.02,23959.05,-20967.03,1.14,12.04,2.35,185.70,189.86,250,8132.37,35462.00,510,1.0000,3.0000,0,200,0,600,0.000000,0.050000,485,0.00,154.00,0.00,154.00,0.00,0.00,0.00,0.00,0
NDX100,PERIOD_H1,15,0,15:00,60,BREAKOUT,2.00,0.10,352,1.00,1.0725,139,329,0.028350,514,25,0.048638,487,237,48.67,4278.81,25646.52,-21367.71,1.20,15.81,3.12,186.73,153.50,250,8132.37,35462.00,510,1.0000,3.0000,0,200,0,600,0.000000,0.050000,487,0.00,139.00,0.00,139.00,0.00,0.00,0.00,0.00,0
NDX100,PERIOD_H1,15,0,15:00,60,BREAKOUT,2.00,0.10,18,1.50,1.0104,42,415,0.021955,504,14,0.027778,488,235,48.16,4026.95,26293.12,-22266.17,1.18,12.02,2.96,185.74,44.07,250,8132.37,35462.00,510,1.0000,3.0000,0,200,0,600,0.000000,0.050000,488,0.00,42.00,0.00,42.00,0.00,0.00,0.00,0.00,0
NDX100,PERIOD_H1,15,0,15:00,60,BREAKOUT,2.00,0.10,184,1.50,1.0683,177,864,0.014663,494,5,0.010121,487,231,47.43,2322.49,22592.51,-20270.02,1.11,11.17,1.85,186.07,190.65,250,8132.37,35462.00,510,1.0000,3.0000,0,200,0,600,0.000000,0.050000,487,0.00,177.00,0.00,177.00,0.00,0.00,0.00,0.00,0
NDX100,PERIOD_H1,15,0,15:00,60,BREAKOUT,2.00,0.10,350,1.50,1.1261,12,412,0.007370,494,5,0.010121,487,233,47.84,2948.95,24358.76,-21409.81,1.14,12.86,2.26,185.90,37.23,250,8132.37,35462.00,510,1.0000,3.0000,0,200,0,600,0.000000,0.050000,487,0.00,12.00,0.00,12.00,0.00,0.00,0.00,0.00,0
NDX100,PERIOD_H1,15,0,15:00,60,BREAKOUT,2.00,0.10,179,3.00,1.1521,570,421,0.052376,518,35,0.067568,483,229,47.41,935.20,20362.83,-19427.63,1.05,16.82,0.83,186.11,600.42,250,8132.37,35462.00,510,1.0000,3.0000,0,200,0,600,0.000000,0.050000,483,0.00,570.00,0.00,570.00,0.00,0.00,0.00,0.00,0
NDX100,PERIOD_H1,15,0,15:00,60,BREAKOUT,2.00,0.10,181,2.50,1.1248,303,486,0.099246,541,56,0.103512,483,230,47.62,1906.30,21766.00,-19859.70,1.10,15.24,1.58,185.87,327.95,250,8132.37,35462.00,510,1.0000,3.0000,0,200,0,600,0.000000,0.050000,483,0.00,303.00,0.00,303.00,0.00,0.00,0.00,0.00,0
NDX100,PERIOD_H1,15,0,15:00,60,BREAKOUT,2.00,0.10,345,3.00,1.2844,241,1318,0.042653,512,25,0.048828,485,226,46.60,1470.51,20864.71,-19394.20,1.08,13.31,1.24,185.97,297.89,250,8132.37,35462.00,510,1.0000,3.0000,0,200,0,600,0.000000,0.050000,485,0.00,241.00,0.00,241.00,0.00,0.00,0.00,0.00,0
NDX100,PERIOD_H1,15,0,15:00,60,BREAKOUT,2.00,0.10,13,3.00,1.0198,300,1324,0.062099,519,33,0.063584,485,231,47.63,2335.15,22565.36,-20230.21,1.12,11.05,1.87,185.95,303.96,250,8132.37,35462.00,510,1.0000,3.0000,0,200,0,600,0.000000,0.050000,485,0.00,300.00,0.00,300.00,0.00,0.00,0.00,0.00,0
NDX100,PERIOD_H1,15,0,15:00,60,BREAKOUT,2.00,0.10,346,2.50,1.2317,364,416,0.016086,495,7,0.014141,486,231,47.53,2010.02,22059.79,-20049.77,1.10,14.53,1.65,185.72,410.34,250,8132.37,35462.00,510,1.0000,3.0000,0,200,0,600,0.000000,0.050000,486,0.00,364.00,0.00,364.00,0.00,0.00,0.00,0.00,0
NDX100,PERIOD_H1,15,0,15:00,60,BREAKOUT,2.00,0.10,21,1.00,1.0065,25,58,0.024790,498,9,0.018072,488,235,48.16,2698.64,24130.25,-21431.61,1.13,14.72,2.08,185.71,26.31,250,8132.37,35462.00,510,1.0000,3.0000,0,200,0,600,0.000000,0.050000,488,0.00,25.00,0.00,25.00,0.00,0.00,0.00,0.00,0
NDX100,PERIOD_H1,15,0,15:00,60,BREAKOUT,2.00,0.10,183,2.00,1.0970,105,497,0.046117,514,25,0.048638,487,233,47.84,3271.84,24263.08,-20991.24,1.16,12.47,2.48,185.72,124.41,250,8132.37,35462.00,510,1.0000,3.0000,0,200,0,600,0.000000,0.050000,487,0.00,105.00,0.00,105.00,0.00,0.00,0.00,0.00,0
NDX100,PERIOD_H1,15,0,15:00,60,BREAKOUT,2.00,0.10,187,1.00,1.0396,115,357,0.019929,501,11,0.021956,488,233,47.75,2747.65,24049.36,-21301.71,1.13,15.28,2.13,186.07,122.92,250,8132.37,35462.00,510,1.0000,3.0000,0,200,0,600,0.000000,0.050000,488,0.00,115.00,0.00,115.00,0.00,0.00,0.00,0.00,0
NDX100,PERIOD_H1,15,0,15:00,60,BREAKOUT,2.00,0.10,17,2.00,1.0143,325,1099,0.055840,517,30,0.058027,485,234,48.25,2814.34,22940.15,-20125.81,1.14,14.62,2.21,185.82,327.87,250,8132.37,35462.00,510,1.0000,3.0000,0,200,0,600,0.000000,0.050000,485,0.00,325.00,0.00,325.00,0.00,0.00,0.00,0.00,0
NDX100,PERIOD_H1,15,0,15:00,60,BREAKOUT,2.00,0.10,353,1.00,1.0727,5,56,0.015067,496,6,0.012097,489,233,47.65,2718.97,24327.52,-21608.55,1.13,15.99,2.08,185.90,19.54,250,8132.37,35462.00,510,1.0000,3.0000,0,200,0,600,0.000000,0.050000,489,0.00,5.00,0.00,5.00,0.00,0.00,0.00,0.00,0
NDX100,PERIOD_H1,15,0,15:00,60,BREAKOUT,2.00,0.10,15,2.50,1.0173,78,1239,0.008966,496,6,0.012097,488,232,47.54,2700.69,23662.08,-20961.39,1.13,13.38,2.10,186.08,81.45,250,8132.37,35462.00,510,1.0000,3.0000,0,200,0,600,0.000000,0.050000,488,0.00,78.00,0.00,78.00,0.00,0.00,0.00,0.00,0
NDX100,PERIOD_H1,15,0,15:00,60,BREAKOUT,2.00,0.10,349,2.00,1.1798,285,1096,0.036393,501,16,0.031936,484,229,47.31,1518.23,21189.11,-19670.88,1.08,13.76,1.27,185.63,320.95,250,8132.37,35462.00,510,1.0000,3.0000,0,200,0,600,0.000000,0.050000,484,0.00,285.00,0.00,285.00,0.00,0.00,0.00,0.00,0
NDX100,PERIOD_H1,15,0,15:00,60,BREAKOUT,2.00,0.10,19,1.50,1.0107,140,6,0.002033,490,0,0.000000,489,234,47.85,2698.61,23977.29,-21278.68,1.13,15.11,2.08,186.04,142.14,250,8132.37,35462.00,510,1.0000,3.0000,0,200,0,600,0.000000,0.050000,489,0.00,140.00,0.00,140.00,0.00,0.00,0.00,0.00,0
NDX100,PERIOD_H1,15,0,15:00,60,BREAKOUT,2.00,0.10,14,3.00,1.0205,497,505,0.035533,509,23,0.045187,486,232,47.74,1748.73,21207.89,-19459.16,1.09,13.54,1.46,185.86,501.10,250,8132.37,35462.00,510,1.0000,3.0000,0,200,0,600,0.000000,0.050000,486,0.00,497.00,0.00,497.00,0.00,0.00,0.00,0.00,0
NDX100,PERIOD_H1,15,0,15:00,60,BREAKOUT,2.00,0.10,185,1.50,1.0686,276,454,0.069742,520,34,0.065385,485,233,48.04,2484.73,22347.90,-19863.17,1.13,13.12,1.97,185.86,289.72,250,8132.37,35462.00,510,1.0000,3.0000,0,200,0,600,0.000000,0.050000,485,0.00,276.00,0.00,276.00,0.00,0.00,0.00,0.00,0
NDX100,PERIOD_H1,15,0,15:00,60,BREAKOUT,2.00,0.10,351,1.50,1.1265,111,3,0.062450,514,24,0.046693,489,238,48.67,3531.21,24443.95,-20912.74,1.17,12.11,2.63,185.76,136.29,250,8132.37,35462.00,510,1.0000,3.0000,0,200,0,600,0.000000,0.050000,489,0.00,111.00,0.00,111.00,0.00,0.00,0.00,0.00,0
NDX100,PERIOD_H1,15,0,15:00,60,BREAKOUT,2.00,0.10,180,3.00,1.1528,167,1402,0.025810,503,13,0.025845,488,229,46.93,1971.65,22285.55,-20313.90,1.10,12.37,1.60,186.05,197.57,250,8132.37,35462.00,510,1.0000,3.0000,0,200,0,600,0.000000,0.050000,488,0.00,167.00,0.00,167.00,0.00,0.00,0.00,0.00,0
NDX100,PERIOD_H1,15,0,15:00,60,BREAKOUT,2.00,0.10,182,2.50,1.1254,467,1304,0.072683,518,33,0.063707,484,226,46.69,1923.36,21499.50,-19576.14,1.10,15.40,1.62,186.01,492.07,250,8132.37,35462.00,510,1.0000,3.0000,0,200,0,600,0.000000,0.050000,484,0.00,467.00,0.00,467.00,0.00,0.00,0.00,0.00,0
NDX100,PERIOD_H1,15,0,15:00,60,BREAKOUT,2.00,0.10,346,3.00,1.2852,437,499,0.016086,494,7,0.014170,486,230,47.33,1479.71,21096.66,-19616.95,1.08,14.95,1.24,185.80,494.03,250,8132.37,35462.00,510,1.0000,3.0000,0,200,0,600,0.000000,0.050000,486,0.00,437.00,0.00,437.00,0.00,0.00,0.00,0.00,0
NDX100,PERIOD_H1,15,0,15:00,60,BREAKOUT,2.00,0.10,347,2.50,1.2323,28,1234,0.089523,543,56,0.103131,485,227,46.80,2637.04,23180.11,-20543.07,1.13,11.74,2.13,185.95,74.46,250,8132.37,35462.00,510,1.0000,3.0000,0,200,0,600,0.000000,0.050000,485,0.00,28.00,0.00,28.00,0.00,0.00,0.00,0.00,0
NDX100,PERIOD_H1,15,0,15:00,60,BREAKOUT,2.00,0.10,22,1.00,1.0067,90,385,0.011509,496,6,0.012097,488,232,47.54,3134.87,24355.52,-21220.65,1.15,13.30,2.41,186.05,91.34,250,8132.37,35462.00,510,1.0000,3.0000,0,200,0,600,0.000000,0.050000,488,0.00,90.00,0.00,90.00,0.00,0.00,0.00,0.00,0
NDX100,PERIOD_H1,15,0,15:00,60,BREAKOUT,2.00,0.10,184,2.00,1.0975,236,1152,0.019550,495,7,0.014141,486,231,47.53,2214.33,22276.96,-20062.63,1.11,11.55,1.79,186.15,255.50,250,8132.37,35462.00,510,1.0000,3.0000,0,200,0,600,0.000000,0.050000,486,0.00,236.00,0.00,236.00,0.00,0.00,0.00,0.00,0
NDX100,PERIOD_H1,15,0,15:00,60,BREAKOUT,2.00,0.10,188,1.00,1.0398,180,84,0.006647,495,6,0.012121,487,233,47.84,2615.06,23377.48,-20762.42,1.13,14.10,2.03,185.71,187.96,250,8132.37,35462.00,510,1.0000,3.0000,0,200,0,600,0.000000,0.050000,487,0.00,180.00,0.00,180.00,0.00,0.00,0.00,0.00,0
NDX100,PERIOD_H1,15,0,15:00,60,BREAKOUT,2.00,0.10,354,1.00,1.0729,71,383,0.001785,492,2,0.004065,488,233,47.75,3064.18,24549.87,-21485.69,1.14,13.69,2.34,186.05,85.58,250,8132.37,35462.00,510,1.0000,3.0000,0,200,0,600,0.000000,0.050000,488,0.00,71.00,0.00,71.00,0.00,0.00,0.00,0.00,0
NDX100,PERIOD_H1,15,0,15:00,60,BREAKOUT,2.00,0.10,20,1.50,1.0110,239,496,0.057110,521,32,0.061420,487,228,46.82,1937.04,21761.06,-19824.02,1.10,12.48,1.60,185.77,241.20,250,8132.37,35462.00,510,1.0000,3.0000,0,200,0,600,0.000000,0.050000,487,0.00,239.00,0.00,239.00,0.00,0.00,0.00,0.00,0
NDX100,PERIOD_H1,15,0,15:00,60,BREAKOUT,2.00,0.10,16,2.50,1.0179,242,556,0.082406,530,42,0.079245,486,229,47.12,2432.64,22381.38,-19948.74,1.12,10.77,1.98,185.89,245.57,250,8132.37,35462.00,510,1.0000,3.0000,0,200,0,600,0.000000,0.050000,486,0.00,242.00,0.00,242.00,0.00,0.00,0.00,0.00,0
NDX100,PERIOD_H1,15,0,15:00,60,BREAKOUT,2.00,0.10,18,2.00,1.0148,56,553,0.029273,509,19,0.037328,488,236,48.36,4218.90,26296.34,-22077.44,1.19,12.05,3.10,186.02,58.96,250,8132.37,35462.00,510,1.0000,3.0000,0,200,0,600,0.000000,0.050000,488,0.00,56.00,0.00,56.00,0.00,0.00,0.00,0.00,0
NDX100,PERIOD_H1,15,0,15:00,60,BREAKOUT,2.00,0.10,350,2.00,1.1802,16,550,0.009827,495,6,0.012121,487,233,47.84,2955.42,23992.90,-21037.48,1.14,12.59,2.27,185.85,52.04,250,8132.37,35462.00,510,1.0000,3.0000,0,200,0,600,0.000000,0.050000,487,0.00,16.00,0.00,16.00,0.00,0.00,0.00,0.00,0
NDX100,PERIOD_H1,15,0,15:00,60,BREAKOUT,2.00,0.10,15,3.00,1.0212,93,1486,0.008966,496,6,0.012097,488,232,47.54,2477.56,23238.58,-20761.02,1.12,13.55,1.96,185.87,97.25,250,8132.37,35462.00,510,1.0000,3.0000,0,200,0,600,0.000000,0.050000,488,0.00,93.00,0.00,93.00,0.00,0.00,0.00,0.00,0
NDX100,PERIOD_H1,15,0,15:00,60,BREAKOUT,2.00,0.10,186,1.50,1.0690,74,45,0.049818,513,23,0.044834,489,237,48.47,3612.64,25421.11,-21808.47,1.17,14.51,2.70,185.74,87.80,250,8132.37,35462.00,510,1.0000,3.0000,0,200,0,600,0.000000,0.050000,489,0.00,74.00,0.00,74.00,0.00,0.00,0.00,0.00,0
NDX100,PERIOD_H1,15,0,15:00,60,BREAKOUT,2.00,0.10,352,1.50,1.1269,209,494,0.042525,515,28,0.054369,485,234,48.25,3405.30,23977.80,-20572.50,1.17,14.00,2.60,185.93,234.38,250,8132.37,35462.00,510,1.0000,3.0000,0,200,0,600,0.000000,0.050000,485,0.00,209.00,0.00,209.00,0.00,0.00,0.00,0.00,0
NDX100,PERIOD_H1,15,0,15:00,60,BREAKOUT,2.00,0.10,181,3.00,1.1536,364,583,0.099246,539,55,0.102041,482,232,48.13,2341.81,22126.69,-19784.88,1.12,13.20,1.92,186.02,394.71,250,8132.37,35462.00,510,1.0000,3.0000,0,200,0,600,0.000000,0.050000,482,0.00,364.00,0.00,364.00,0.00,0.00,0.00,0.00,0
NDX100,PERIOD_H1,15,0,15:00,60,BREAKOUT,2.00,0.10,183,2.50,1.1262,131,622,0.046117,514,25,0.048638,487,233,47.84,3149.50,24090.52,-20941.02,1.15,12.41,2.41,185.91,156.23,250,8132.37,35462.00,510,1.0000,3.0000,0,200,0,600,0.000000,0.050000,487,0.00,131.00,0.00,131.00,0.00,0.00,0.00,0.00,0
NDX100,PERIOD_H1,15,0,15:00,60,BREAKOUT,2.00,0.10,347,3.00,1.2859,34,1481,0.089523,543,56,0.103131,485,227,46.80,2511.31,23054.78,-20543.47,1.12,12.22,2.03,185.69,91.18,250,8132.37,35462.00,510,1.0000,3.0000,0,200,0,600,0.000000,0.050000,485,0.00,34.00,0.00,34.00,0.00,0.00,0.00,0.00,0
NDX100,PERIOD_H1,15,0,15:00,60,BREAKOUT,2.00,0.10,348,2.50,1.2331,192,552,0.062960,522,35,0.067050,485,231,47.63,2730.37,23374.51,-20644.14,1.13,11.79,2.17,185.45,238.62,250,8132.37,35462.00,510,1.0000,3.0000,0,200,0,600,0.000000,0.050000,485,0.00,192.00,0.00,192.00,0.00,0.00,0.00,0.00,0
NDX100,PERIOD_H1,15,0,15:00,60,BREAKOUT,2.00,0.10,23,1.00,1.0069,156,112,0.048227,515,26,0.050485,487,237,48.67,3141.69,24659.23,-21517.54,1.15,14.58,2.43,185.85,157.38,250,8132.37,35462.00,510,1.0000,3.0000,0,200,0,600,0.000000,0.050000,487,0.00,156.00,0.00,156.00,0.00,0.00,0.00,0.00,0
NDX100,PERIOD_H1,15,0,15:00,60,BREAKOUT,2.00,0.10,185,2.00,1.0980,367,606,0.092990,532,46,0.086466,485,230,47.42,1854.18,21195.89,-19341.71,1.10,15.14,1.53,186.00,386.59,250,8132.37,35462.00,510,1.0000,3.0000,0,200,0,600,0.000000,0.050000,485,0.00,367.00,0.00,367.00,0.00,0.00,0.00,0.00,0
NDX100,PERIOD_H1,15,0,15:00,60,BREAKOUT,2.00,0.10,189,1.00,1.0400,46,411,0.043365,507,17,0.033531,488,231,47.34,2615.86,23492.07,-20876.21,1.13,13.25,2.07,185.78,54.00,250,8132.37,35462.00,510,1.0000,3.0000,0,200,0,600,0.000000,0.050000,488,0.00,46.00,0.00,46.00,0.00,0.00,0.00,0.00,0
NDX100,PERIOD_H1,15,0,15:00,60,BREAKOUT,2.00,0.10,21,1.50,1.0114,37,87,0.037185,506,17,0.033597,487,235,48.25,2507.73,23865.25,-21357.52,1.12,15.16,1.96,185.67,39.29,250,8132.37,35462.00,510,1.0000,3.0000,0,200,0,600,0.000000,0.050000,487,0.00,37.00,0.00,37.00,0.00,0.00,0.00,0.00,0
NDX100,PERIOD_H1,15,0,15:00,60,BREAKOUT,2.00,0.10,355,1.00,1.0731,136,110,0.038504,509,22,0.043222,485,235,48.45,2840.77,23267.81,-20427.04,1.14,14.06,2.22,185.96,150.61,250,8132.37,35462.00,510,1.0000,3.0000,0,200,0,600,0.000000,0.050000,485,0.00,136.00,0.00,136.00,0.00,0.00,0.00,0.00,0
NDX100,PERIOD_H1,15,0,15:00,60,BREAKOUT,2.00,0.10,17,2.50,1.0186,406,1374,0.055840,517,30,0.058027,485,232,47.84,2236.57,22142.81,-19906.24,1.11,14.72,1.83,186.16,409.73,250,8132.37,35462.00,510,1.0000,3.0000,0,200,0,600,0.000000,0.050000,485,0.00,406.00,0.00,406.00,0.00,0.00,0.00,0.00,0
NDX100,PERIOD_H1,15,0,15:00,60,BREAKOUT,2.00,0.10,16,3.00,1.0220,290,668,0.082406,530,44,0.083019,484,230,47.52,2307.48,22213.77,-19906.29,1.12,10.90,1.88,186.19,294.39,250,8132.37,35462.00,510,1.0000,3.0000,0,200,0,600,0.000000,0.050000,484,0.00,290.00,0.00,290.00,0.00,0.00,0.00,0.00,0
NDX100,PERIOD_H1,15,0,15:00,60,BREAKOUT,2.00,0.10,351,2.00,1.1807,148,4,0.083267,523,33,0.063098,489,236,48.26,3395.69,24246.53,-20850.84,1.16,12.77,2.56,185.76,184.13,250,8132.37,35462.00,510,1.0000,3.0000,0,200,0,600,0.000000,0.050000,489,0.00,148.00,0.00,148.00,0.00,0.00,0.00,0.00,0
NDX100,PERIOD_H1,15,0,15:00,60,BREAKOUT,2.00,0.10,19,2.00,1.0153,187,8,0.002710,490,0,0.000000,489,233,47.65,2551.86,23279.11,-20727.25,1.12,13.78,1.98,186.04,190.05,250,8132.37,35462.00,510,1.0000,3.0000,0,200,0,600,0.000000,0.050000,489,0.00,187.00,0.00,187.00,0.00,0.00,0.00,0.00,0
NDX100,PERIOD_H1,15,0,15:00,60,BREAKOUT,2.00,0.10,187,1.50,1.0693,172,536,0.029893,511,22,0.043053,487,231,47.43,2573.38,22882.36,-20308.98,1.13,10.75,2.04,185.96,185.86,250,8132.37,35462.00,510,1.0000,3.0000,0,200,0,600,0.000000,0.050000,487,0.00,172.00,0.00,172.00,0.00,0.00,0.00,0.00,0
NDX100,PERIOD_H1,15,0,15:00,60,BREAKOUT,2.00,0.10,182,3.00,1.1543,561,1565,0.072683,515,33,0.064078,482,225,46.68,1664.82,20814.92,-19150.10,1.09,15.30,1.42,186.10,591.86,250,8132.37,35462.00,510,1.0000,3.0000,0,200,0,600,0.000000,0.050000,482,0.00,561.00,0.00,561.00,0.00,0.00,0.00,0.00,0
NDX100,PERIOD_H1,15,0,15:00,60,BREAKOUT,2.00,0.10,353,1.50,1.1272,7,84,0.022600,501,12,0.023952,487,234,48.05,2534.30,24121.65,-21587.35,1.12,16.01,1.97,185.91,32.44,250,8132.37,35462.00,510,1.0000,3.0000,0,200,0,600,0.000000,0.050000,487,0.00,7.00,0.00,7.00,0.00,0.00,0.00,0.00,0
NDX100,PERIOD_H1,15,0,15:00,60,BREAKOUT,2.00,0.10,348,3.00,1.2869,231,662,0.062960,520,34,0.065385,484,233,48.14,2559.80,22966.46,-20406.66,1.13,11.70,2.06,185.75,288.37,250,8132.37,35462.00,510,1.0000,3.0000,0,200,0,600,0.000000,0.050000,484,0.00,231.00,0.00,231.00,0.00,0.00,0.00,0.00,0
NDX100,PERIOD_H1,15,0,15:00,60,BREAKOUT,2.00,0.10,184,2.50,1.1268,295,1439,0.019550,494,7,0.014170,485,230,47.42,2003.05,21934.47,-19931.42,1.10,13.69,1.63,186.06,320.35,250,8132.37,35462.00,510,1.0000,3.0000,0,200,0,600,0.000000,0.050000,485,0.00,295.00,0.00,295.00,0.00,0.00,0.00,0.00,0
NDX100,PERIOD_H1,15,0,15:00,60,BREAKOUT,2.00,0.10,349,2.50,1.2337,356,1369,0.036393,501,16,0.031936,484,227,46.90,985.67,20303.98,-19318.31,1.05,14.20,0.86,185.88,402.74,250,8132.37,35462.00,510,1.0000,3.0000,0,200,0,600,0.000000,0.050000,484,0.00,356.00,0.00,356.00,0.00,0.00,0.00,0.00,0
NDX100,PERIOD_H1,15,0,15:00,60,BREAKOUT,2.00,0.10,24,1.00,1.0071,22,439,0.034944,504,17,0.033730,485,230,47.42,3736.64,26047.81,-22311.17,1.17,12.74,2.78,185.51,23.42,250,8132.37,35462.00,510,1.0000,3.0000,0,200,0,600,0.000000,0.050000,485,0.00,22.00,0.00,22.00,0.00,0.00,0.00,0.00,0
NDX100,PERIOD_H1,15,0,15:00,60,BREAKOUT,2.00,0.10,190,1.00,1.0402,112,138,0.030082,506,16,0.031621,488,234,47.95,3258.97,24764.13,-21505.16,1.15,15.89,2.48,186.10,120.04,250,8132.37,35462.00,510,1.0000,3.0000,0,200,0,600,0.000000,0.050000,488,0.00,112.00,0.00,112.00,0.00,0.00,0.00,0.00,0
NDX100,PERIOD_H1,15,0,15:00,60,BREAKOUT,2.00,0.10,186,2.00,1.0986,99,60,0.066424,517,28,0.054159,488,237,48.57,3687.83,25247.05,-21559.22,1.17,13.53,2.75,185.87,118.71,250,8132.37,35462.00,510,1.0000,3.0000,0,200,0,600,0.000000,0.050000,488,0.00,99.00,0.00,99.00,0.00,0.00,0.00,0.00,0
NDX100,PERIOD_H1,15,0,15:00,60,BREAKOUT,2.00,0.10,22,1.50,1.0117,136,578,0.017263,497,7,0.014085,488,231,47.34,2987.66,23666.80,-20679.14,1.14,12.38,2.32,185.72,138.35,250,8132.37,35462.00,510,1.0000,3.0000,0,200,0,600,0.000000,0.050000,488,0.00,136.00,0.00,136.00,0.00,0.00,0.00,0.00,0
NDX100,PERIOD_H1,15,0,15:00,60,BREAKOUT,2.00,0.10,18,2.50,1.0192,70,692,0.029273,509,19,0.037328,488,236,48.36,4080.59,26111.90,-22031.31,1.19,12.13,3.02,185.75,73.85,250,8132.37,35462.00,510,1.0000,3.0000,0,200,0,600,0.000000,0.050000,488,0.00,70.00,0.00,70.00,0.00,0.00,0.00,0.00,0
NDX100,PERIOD_H1,15,0,15:00,60,BREAKOUT,2.00,0.10,17,3.00,1.0229,487,1649,0.055840,516,30,0.058140,485,230,47.42,1808.38,21422.89,-19614.51,1.09,15.02,1.52,185.74,491.59,250,8132.37,35462.00,510,1.0000,3.0000,0,200,0,600,0.000000,0.050000,485,0.00,487.00,0.00,487.00,0.00,0.00,0.00,0.00,0
NDX100,PERIOD_H1,15,0,15:00,60,BREAKOUT,2.00,0.10,356,1.00,1.0733,2,437,0.025220,505,16,0.031683,487,233,47.84,3418.45,24888.16,-21469.71,1.16,13.64,2.58,185.50,16.66,250,8132.37,35462.00,510,1.0000,3.0000,0,200,0,600,0.000000,0.050000,487,0.00,2.00,0.00,2.00,0.00,0.00,0.00,0.00,0
NDX100,PERIOD_H1,15,0,15:00,60,BREAKOUT,2.00,0.10,352,2.00,1.1813,279,658,0.056700,519,35,0.067437,483,232,48.03,2270.13,21851.54,-19581.41,1.12,15.45,1.83,186.30,315.26,250,8132.37,35462.00,510,1.0000,3.0000,0,200,0,600,0.000000,0.050000,483,0.00,279.00,0.00,279.00,0.00,0.00,0.00,0.00,0
NDX100,PERIOD_H1,15,0,15:00,60,BREAKOUT,2.00,0.10,20,2.00,1.0157,318,662,0.076147,530,45,0.084906,483,227,47.00,1255.93,20424.07,-19168.14,1.07,13.66,1.08,186.12,321.14,250,8132.37,35462.00,510,1.0000,3.0000,0,200,0,600,0.000000,0.050000,483,0.00,318.00,0.00,318.00,0.00,0.00,0.00,0.00,0
NDX100,PERIOD_H1,15,0,15:00,60,BREAKOUT,2.00,0.10,188,1.50,1.0696,271,126,0.009970,495,8,0.016162,485,234,48.25,2865.69,23522.40,-20656.71,1.14,14.96,2.22,186.18,284.93,250,8132.37,35462.00,510,1.0000,3.0000,0,200,0,600,0.000000,0.050000,485,0.00,271.00,0.00,271.00,0.00,0.00,0.00,0.00,0
NDX100,PERIOD_H1,15,0,15:00,60,BREAKOUT,2.00,0.10,183,3.00,1.1553,157,746,0.046117,513,25,0.048733,486,232,47.74,2938.61,23456.69,-20518.08,1.14,12.58,2.27,185.78,188.06,250,8132.37,35462.00,510,1.0000,3.0000,0,200,0,600,0.000000,0.050000,486,0.00,157.00,0.00,157.00,0.00,0.00,0.00,0.00,0
NDX100,PERIOD_H1,15,0,15:00,60,BREAKOUT,2.00,0.10,349,3.00,1.2876,428,1643,0.036393,500,16,0.032000,484,225,46.49,525.36,19480.64,-18955.28,1.03,14.67,0.47,185.42,485.52,250,8132.37,35462.00,510,1.0000,3.0000,0,200,0,600,0.000000,0.050000,484,0.00,428.00,0.00,428.00,0.00,0.00,0.00,0.00,0
NDX100,PERIOD_H1,15,0,15:00,60,BREAKOUT,2.00,0.10,354,1.50,1.1275,106,575,0.002678,493,3,0.006085,488,232,47.54,2832.09,23659.90,-20827.81,1.14,12.65,2.19,185.64,131.51,250,8132.37,35462.00,510,1.0000,3.0000,0,200,0,600,0.000000,0.050000,488,0.00,106.00,0.00,106.00,0.00,0.00,0.00,0.00,0
NDX100,PERIOD_H1,15,0,15:00,60,BREAKOUT,2.00,0.10,185,2.50,1.1274,459,757,0.092990,530,44,0.083019,485,227,46.80,1351.84,20288.12,-18936.28,1.07,15.33,1.15,185.76,484.47,250,8132.37,35462.00,510,1.0000,3.0000,0,200,0,600,0.000000,0.050000,485,0.00,459.00,0.00,459.00,0.00,0.00,0.00,0.00,0
NDX100,PERIOD_H1,15,0,15:00,60,BREAKOUT,2.00,0.10,25,1.00,1.0073,87,166,0.021661,500,10,0.020000,488,237,48.57,3057.35,24217.60,-21160.25,1.14,14.96,2.35,186.31,88.46,250,8132.37,35462.00,510,1.0000,3.0000,0,200,0,600,0.000000,0.050000,488,0.00,87.00,0.00,87.00,0.00,0.00,0.00,0.00,0
NDX100,PERIOD_H1,15,0,15:00,60,BREAKOUT,2.00,0.10,350,2.50,1.2343,20,687,0.009827,495,6,0.012121,487,233,47.84,2860.80,23844.32,-20983.52,1.14,12.52,2.20,185.78,66.86,250,8132.37,35462.00,510,1.0000,3.0000,0,200,0,600,0.000000,0.050000,487,0.00,20.00,0.00,20.00,0.00,0.00,0.00,0.00,0
NDX100,PERIOD_H1,15,0,15:00,60,BREAKOUT,2.00,0.10,191,1.00,1.0404,177,466,0.016800,497,7,0.014085,488,231,47.34,2206.60,22460.08,-20253.48,1.11,12.34,1.77,186.05,185.08,250,8132.37,35462.00,510,1.0000,3.0000,0,200,0,600,0.000000,0.050000,488,0.00,177.00,0.00,177.00,0.00,0.00,0.00,0.00,0
NDX100,PERIOD_H1,15,0,15:00,60,BREAKOUT,2.00,0.10,18,3.00,1.0237,84,830,0.029273,509,19,0.037328,488,236,48.36,3784.72,25555.10,-21770.38,1.17,12.39,2.84,185.74,88.74,250,8132.37,35462.00,510,1.0000,3.0000,0,200,0,600,0.000000,0.050000,488,0.00,84.00,0.00,84.00,0.00,0.00,0.00,0.00,0
NDX100,PERIOD_H1,15,0,15:00,60,BREAKOUT,2.00,0.10,23,1.50,1.0121,234,168,0.072340,530,44,0.083019,484,237,48.97,3015.19,23643.70,-20628.51,1.15,16.49,2.40,186.53,236.41,250,8132.37,35462.00,510,1.0000,3.0000,0,200,0,600,0.000000,0.050000,484,0.00,234.00,0.00,234.00,0.00,0.00,0.00,0.00,0
NDX100,PERIOD_H1,15,0,15:00,60,BREAKOUT,2.00,0.10,187,2.00,1.0990,230,714,0.039857,513,27,0.052632,484,231,47.73,2642.51,22852.22,-20209.71,1.13,9.80,2.09,185.78,249.81,250,8132.37,35462.00,510,1.0000,3.0000,0,200,0,600,0.000000,0.050000,484,0.00,230.00,0.00,230.00,0.00,0.00,0.00,0.00,0
NDX100,PERIOD_H1,15,0,15:00,60,BREAKOUT,2.00,0.10,353,2.00,1.1817,10,112,0.030134,502,13,0.025896,487,234,48.05,2504.09,23884.23,-21380.14,1.12,15.93,1.95,185.91,46.35,250,8132.37,35462.00,510,1.0000,3.0000,0,200,0,600,0.000000,0.050000,487,0.00,10.00,0.00,10.00,0.00,0.00,0.00,0.00,0
NDX100,PERIOD_H1,15,0,15:00,60,BREAKOUT,2.00,0.10,19,2.50,1.0198,234,10,0.002710,489,0,0.000000,488,233,47.75,2390.71,23037.40,-20646.69,1.12,14.81,1.88,185.89,237.97,250,8132.37,35462.00,510,1.0000,3.0000,0,200,0,600,0.000000,0.050000,488,0.00,234.00,0.00,234.00,0.00,0.00,0.00,0.00,0
NDX100,PERIOD_H1,15,0,15:00,60,BREAKOUT,2.00,0.10,357,1.00,1.0735,67,165,0.011939,500,11,0.022000,487,235,48.25,3190.75,24637.99,-21447.24,1.15,15.77,2.43,186.51,81.70,250,8132.37,35462.00,510,1.0000,3.0000,0,200,0,600,0.000000,0.050000,487,0.00,67.00,0.00,67.00,0.00,0.00,0.00,0.00,0
NDX100,PERIOD_H1,15,0,15:00,60,BREAKOUT,2.00,0.10,21,2.00,1.0163,50,116,0.049580,511,24,0.046967,485,234,48.25,2744.74,24216.90,-21472.16,1.13,15.41,2.15,185.81,53.27,250,8132.37,35462.00,510,1.0000,3.0000,0,200,0,600,0.000000,0.050000,485,0.00,50.00,0.00,50.00,0.00,0.00,0.00,0.00,0
NDX100,PERIOD_H1,15,0,15:00,60,BREAKOUT,2.00,0.10,189,1.50,1.0700,69,617,0.065048,520,31,0.059615,487,231,47.43,1847.35,22295.91,-20448.56,1.09,11.94,1.52,185.79,82.99,250,8132.37,35462.00,510,1.0000,3.0000,0,200,0,600,0.000000,0.050000,487,0.00,69.00,0.00,69.00,0.00,0.00,0.00,0.00,0
NDX100,PERIOD_H1,15,0,15:00,60,BREAKOUT,2.00,0.10,184,3.00,1.1560,354,1727,0.019550,494,7,0.014170,485,228,47.01,1790.77,21689.55,-19898.78,1.09,14.38,1.49,185.95,385.20,250,8132.37,35462.00,510,1.0000,3.0000,0,200,0,600,0.000000,0.050000,485,0.00,354.00,0.00,354.00,0.00,0.00,0.00,0.00,0
NDX100,PERIOD_H1,15,0,15:00,60,BREAKOUT,2.00,0.10,350,3.00,1.2883,25,825,0.009827,495,6,0.012121,487,233,47.84,2776.72,23671.51,-20894.79,1.13,12.72,2.15,185.85,82.67,250,8132.37,35462.00,510,1.0000,3.0000,0,200,0,600,0.000000,0.050000,487,0.00,25.00,0.00,25.00,0.00,0.00,0.00,0.00,0
NDX100,PERIOD_H1,15,0,15:00,60,BREAKOUT,2.00,0.10,355,1.50,1.1279,204,166,0.057756,519,32,0.061657,485,235,48.45,3170.57,22799.13,-19628.56,1.16,12.40,2.45,186.50,229.57,250,8132.37,35462.00,510,1.0000,3.0000,0,200,0,600,0.000000,0.050000,485,0.00,204.00,0.00,204.00,0.00,0.00,0.00,0.00,0
NDX100,PERIOD_H1,15,0,15:00,60,BREAKOUT,2.00,0.10,186,2.50,1.1281,123,75,0.066424,518,29,0.055985,488,238,48.77,3774.26,25389.67,-21615.41,1.17,13.58,2.81,185.81,148.63,250,8132.37,35462.00,510,1.0000,3.0000,0,200,0,600,0.000000,0.050000,488,0.00,123.00,0.00,123.00,0.00,0.00,0.00,0.00,0
NDX100,PERIOD_H1,15,0,15:00,60,BREAKOUT,2.00,0.10,26,1.00,1.0075,153,494,0.008379,493,3,0.006085,488,232,47.54,2695.37,23317.02,-20621.65,1.13,12.60,2.10,185.74,154.50,250,8132.37,35462.00,510,1.0000,3.0000,0,200,0,600,0.000000,0.050000,488,0.00,153.00,0.00,153.00,0.00,0.00,0.00,0.00,0
NDX100,PERIOD_H1,15,0,15:00,60,BREAKOUT,2.00,0.10,351,2.50,1.2349,184,5,0.083267,523,33,0.063098,489,235,48.06,2794.17,23211.93,-20417.76,1.14,12.34,2.17,185.76,230.97,250,8132.37,35462.00,510,1.0000,3.0000,0,200,0,600,0.000000,0.050000,489,0.00,184.00,0.00,184.00,0.00,0.00,0.00,0.00,0
NDX100,PERIOD_H1,15,0,15:00,60,BREAKOUT,2.00,0.10,192,1.00,1.0406,43,193,0.003517,491,1,0.002037,488,235,48.16,3076.64,24565.41,-21488.77,1.14,15.97,2.34,186.60,51.12,250,8132.37,35462.00,510,1.0000,3.0000,0,200,0,600,0.000000,0.050000,488,0.00,43.00,0.00,43.00,0.00,0.00,0.00,0.00,0
NDX100,PERIOD_H1,15,0,15:00,60,BREAKOUT,2.00,0.10,24,1.50,1.0124,32,659,0.052416,511,25,0.048924,484,229,47.31,3107.81,24904.52,-21796.71,1.14,12.80,2.38,185.88,34.48,250,8132.37,35462.00,510,1.0000,3.0000,0,200,0,600,0.000000,0.050000,484,0.00,32.00,0.00,32.00,0.00,0.00,0.00,0.00,0
NDX100,PERIOD_H1,15,0,15:00,60,BREAKOUT,2.00,0.10,188,2.00,1.0995,361,168,0.013294,495,8,0.016162,485,232,47.84,2360.29,22530.02,-20169.73,1.12,16.97,1.89,186.38,380.90,250,8132.37,35462.00,510,1.0000,3.0000,0,200,0,600,0.000000,0.050000,485,0.00,361.00,0.00,361.00,0.00,0.00,0.00,0.00,0
NDX100,PERIOD_H1,15,0,15:00,60,BREAKOUT,2.00,0.10,19,3.00,1.0244,281,11,0.002710,488,0,0.000000,487,234,48.05,2429.27,23021.08,-20591.81,1.12,14.70,1.90,185.91,285.88,250,8132.37,35462.00,510,1.0000,3.0000,0,200,0,600,0.000000,0.050000,487,0.00,281.00,0.00,281.00,0.00,0.00,0.00,0.00,0
NDX100,PERIOD_H1,15,0,15:00,60,BREAKOUT,2.00,0.10,354,2.00,1.1822,141,767,0.003571,493,3,0.006085,488,232,47.54,2765.94,23515.36,-20749.42,1.13,12.59,2.15,185.66,177.44,250,8132.37,35462.00,510,1.0000,3.0000,0,200,0,600,0.000000,0.050000,488,0.00,141.00,0.00,141.00,0.00,0.00,0.00,0.00,0
NDX100,PERIOD_H1,15,0,15:00,60,BREAKOUT,2.00,0.10,20,2.50,1.0204,398,827,0.076147,529,45,0.085066,482,227,47.10,1218.86,20179.68,-18960.82,1.06,13.55,1.06,185.98,402.09,250,8132.37,35462.00,510,1.0000,3.0000,0,200,0,600,0.000000,0.050000,482,0.00,398.00,0.00,398.00,0.00,0.00,0.00,0.00,0
NDX100,PERIOD_H1,15,0,15:00,60,BREAKOUT,2.00,0.10,358,1.00,1.0737,133,492,0.048657,514,24,0.046693,488,235,48.16,3999.75,24766.75,-20767.00,1.19,13.14,2.94,185.72,147.73,250,8132.37,35462.00,510,1.0000,3.0000,0,200,0,600,0.000000,0.050000,488,0.00,133.00,0.00,133.00,0.00,0.00,0.00,0.00,0
NDX100,PERIOD_H1,15,0,15:00,60,BREAKOUT,2.00,0.10,22,2.00,1.0168,181,770,0.023017,499,10,0.020040,487,231,47.43,2796.27,22992.90,-20196.63,1.14,10.88,2.19,185.59,184.36,250,8132.37,35462.00,510,1.0000,3.0000,0,200,0,600,0.000000,0.050000,487,0.00,181.00,0.00,181.00,0.00,0.00,0.00,0.00,0
NDX100,PERIOD_H1,15,0,15:00,60,BREAKOUT,2.00,0.10,190,1.50,1.0704,168,208,0.045123,517,27,0.052224,488,233,47.75,2443.37,22914.74,-20471.37,1.12,16.79,1.95,186.22,182.08,250,8132.37,35462.00,510,1.0000,3.0000,0,200,0,600,0.000000,0.050000,488,0.00,168.00,0.00,168.00,0.00,0.00,0.00,0.00,0
NDX100,PERIOD_H1,15,0,15:00,60,BREAKOUT,2.00,0.10,185,3.00,1.1567,551,909,0.092990,527,44,0.083491,483,228,47.20,1121.35,19721.67,-18600.32,1.06,15.45,0.97,186.29,582.35,250,8132.37,35462.00,510,1.0000,3.0000,0,200,0,600,0.000000,0.050000,483,0.00,551.00,0.00,551.00,0.00,0.00,0.00,0.00,0
NDX100,PERIOD_H1,15,0,15:00,60,BREAKOUT,2.00,0.10,351,3.00,1.2891,221,6,0.083267,522,33,0.063218,488,236,48.36,2864.42,23222.82,-20358.40,1.14,12.35,2.23,185.97,278.81,250,8132.37,35462.00,510,1.0000,3.0000,0,200,0,600,0.000000,0.050000,488,0.00,221.00,0.00,221.00,0.00,0.00,0.00,0.00,0
NDX100,PERIOD_H1,15,0,15:00,60,BREAKOUT,2.00,0.10,187,2.50,1.1287,287,893,0.039857,512,27,0.052734,483,231,47.83,2141.68,21991.20,-19849.52,1.11,12.16,1.74,186.10,312.75,250,8132.37,35462.00,510,1.0000,3.0000,0,200,0,600,0.000000,0.050000,483,0.00,287.00,0.00,287.00,0.00,0.00,0.00,0.00,0
NDX100,PERIOD_H1,15,0,15:00,60,BREAKOUT,2.00,0.10,356,1.50,1.1283,3,656,0.037831,509,20,0.039293,487,233,47.84,2738.30,23811.23,-21072.93,1.13,13.49,2.13,185.75,28.66,250,8132.37,35462.00,510,1.0000,3.0000,0,200,0,600,0.000000,0.050000,487,0.00,3.00,0.00,3.00,0.00,0.00,0.00,0.00,0
NDX100,PERIOD_H1,15,0,15:00,60,BREAKOUT,2.00,0.10,352,2.50,1.2357,348,823,0.056700,518,34,0.065637,483,231,47.83,2014.57,21475.38,-19460.81,1.10,16.18,1.66,186.11,395.13,250,8132.37,35462.00,510,1.0000,3.0000,0,200,0,600,0.000000,0.050000,483,0.00,348.00,0.00,348.00,0.00,0.00,0.00,0.00,0
NDX100,PERIOD_H1,15,0,15:00,60,BREAKOUT,2.00,0.10,27,1.00,1.0077,18,221,0.045097,513,23,0.044834,488,234,47.95,2912.32,24228.31,-21315.99,1.14,15.61,2.29,186.24,19.54,250,8132.37,35462.00,510,1.0000,3.0000,0,200,0,600,0.000000,0.050000,488,0.00,18.00,0.00,18.00,0.00,0.00,0.00,0.00,0
NDX100,PERIOD_H1,15,0,15:00,60,BREAKOUT,2.00,0.10,193,1.00,1.0408,109,520,0.040236,508,19,0.037402,487,235,48.25,3130.28,23892.01,-20761.73,1.15,13.70,2.40,185.85,117.15,250,8132.37,35462.00,510,1.0000,3.0000,0,200,0,600,0.000000,0.050000,487,0.00,109.00,0.00,109.00,0.00,0.00,0.00,0.00,0
NDX100,PERIOD_H1,15,0,15:00,60,BREAKOUT,2.00,0.10,25,1.50,1.0128,131,250,0.032491,504,14,0.027778,488,235,48.16,2885.52,23803.87,-20918.35,1.14,14.14,2.23,186.37,133.56,250,8132.37,35462.00,510,1.0000,3.0000,0,200,0,600,0.000000,0.050000,488,0.00,131.00,0.00,131.00,0.00,0.00,0.00,0.00,0
NDX100,PERIOD_H1,15,0,15:00,60,BREAKOUT,2.00,0.10,189,2.00,1.0999,92,823,0.086731,526,37,0.070342,487,229,47.02,1402.29,21498.55,-20096.26,1.07,13.00,1.19,185.61,111.99,250,8132.37,35462.00,510,1.0000,3.0000,0,200,0,600,0.000000,0.050000,487,0.00,92.00,0.00,92.00,0.00,0.00,0.00,0.00,0
NDX100,PERIOD_H1,15,0,15:00,60,BREAKOUT,2.00,0.10,20,3.00,1.0251,478,993,0.076147,528,45,0.085227,482,223,46.27,622.61,19426.70,-18804.09,1.03,16.83,0.56,186.20,483.03,250,8132.37,35462.00,510,1.0000,3.0000,0,200,0,600,0.000000,0.050000,482,0.00,478.00,0.00,478.00,0.00,0.00,0.00,0.00,0
NDX100,PERIOD_H1,15,0,15:00,60,BREAKOUT,2.00,0.10,355,2.00,1.1827,272,221,0.077007,539,53,0.098330,484,232,47.93,2646.99,21577.67,-18930.68,1.14,13.72,2.14,186.50,308.53,250,8132.37,35462.00,510,1.0000,3.0000,0,200,0,600,0.000000,0.050000,484,0.00,272.00,0.00,272.00,0.00,0.00,0.00,0.00,0
NDX100,PERIOD_H1,15,0,15:00,60,BREAKOUT,2.00,0.10,23,2.00,1.0172,312,224,0.096454,545,60,0.110092,483,233,48.24,1823.96,21529.54,-19705.58,1.09,18.71,1.55,186.35,315.45,250,8132.37,35462.00,510,1.0000,3.0000,0,200,0,600,0.000000,0.050000,483,0.00,312.00,0.00,312.00,0.00,0.00,0.00,0.00,0
NDX100,PERIOD_H1,15,0,15:00,60,BREAKOUT,2.00,0.10,21,2.50,1.0212,62,145,0.049580,510,23,0.045098,485,235,48.45,3118.83,24494.13,-21375.30,1.15,15.37,2.42,186.12,66.25,250,8132.37,35462.00,510,1.0000,3.0000,0,200,0,600,0.000000,0.050000,485,0.00,62.00,0.00,62.00,0.00,0.00,0.00,0.00,0
NDX100,PERIOD_H1,15,0,15:00,60,BREAKOUT,2.00,0.10,359,1.00,1.0739,199,219,0.035374,501,11,0.021956,488,234,47.95,2606.03,23210.06,-20604.03,1.13,14.17,2.04,186.22,213.77,250,8132.37,35462.00,510,1.0000,3.0000,0,200,0,600,0.000000,0.050000,488,0.00,199.00,0.00,199.00,0.00,0.00,0.00,0.00,0
NDX100,PERIOD_H1,15,0,15:00,60,BREAKOUT,2.00,0.10,191,1.50,1.0707,266,698,0.025201,500,11,0.022000,487,232,47.64,1844.02,21820.25,-19976.23,1.09,14.38,1.51,185.83,280.14,250,8132.37,35462.00,510,1.0000,3.0000,0,200,0,600,0.000000,0.050000,487,0.00,266.00,0.00,266.00,0.00,0.00,0.00,0.00,0
NDX100,PERIOD_H1,15,0,15:00,60,BREAKOUT,2.00,0.10,186,3.00,1.1577,148,90,0.066424,518,29,0.055985,487,238,48.87,3690.94,25223.22,-21532.28,1.17,13.41,2.76,185.84,179.54,250,8132.37,35462.00,510,1.0000,3.0000,0,200,0,600,0.000000,0.050000,487,0.00,148.00,0.00,148.00,0.00,0.00,0.00,0.00,0
NDX100,PERIOD_H1,15,0,15:00,60,BREAKOUT,2.00,0.10,352,3.00,1.2900,418,987,0.056700,517,33,0.063830,483,230,47.62,1268.14,19989.60,-18721.46,1.07,18.37,1.09,186.45,476.01,250,8132.37,35462.00,510,1.0000,3.0000,0,200,0,600,0.000000,0.050000,483,0.00,418.00,0.00,418.00,0.00,0.00,0.00,0.00,0
NDX100,PERIOD_H1,15,0,15:00,60,BREAKOUT,2.00,0.10,188,2.50,1.1293,451,210,0.013294,494,8,0.016194,485,231,47.63,2060.07,22039.36,-19979.29,1.10,17.12,1.68,186.25,476.87,250,8132.37,35462.00,510,1.0000,3.0000,0,200,0,600,0.000000,0.050000,485,0.00,451.00,0.00,451.00,0.00,0.00,0.00,0.00,0
NDX100,PERIOD_H1,15,0,15:00,60,BREAKOUT,2.00,0.10,357,1.50,1.1286,101,247,0.017908,501,12,0.023952,487,234,48.05,3453.04,24663.68,-21210.64,1.16,14.98,2.60,186.48,126.72,250,8132.37,35462.00,510,1.0000,3.0000,0,200,0,600,0.000000,0.050000,487,0.00,101.00,0.00,101.00,0.00,0.00,0.00,0.00,0
NDX100,PERIOD_H1,15,0,15:00,60,BREAKOUT,2.00,0.10,28,1.00,1.0079,84,548,0.031814,505,16,0.031683,487,233,47.84,2508.48,23105.80,-20597.32,1.12,14.10,1.97,186.06,85.59,250,8132.37,35462.00,510,1.0000,3.0000,0,200,0,600,0.000000,0.050000,487,0.00,84.00,0.00,84.00,0.00,0.00,0.00,0.00,0
NDX100,PERIOD_H1,15,0,15:00,60,BREAKOUT,2.00,0.10,353,2.50,1.2363,12,140,0.030134,502,13,0.025896,487,235,48.25,2955.69,24333.74,-21378.05,1.14,15.94,2.28,186.20,59.25,250,8132.37,35462.00,510,1.0000,3.0000,0,200,0,600,0.000000,0.050000,487,0.00,12.00,0.00,12.00,0.00,0.00,0.00,0.00,0
NDX100,PERIOD_H1,15,0,15:00,60,BREAKOUT,2.00,0.10,194,1.00,1.0410,174,247,0.026952,508,18,0.035433,488,232,47.54,1115.88,20974.74,-19858.86,1.06,14.50,0.94,186.45,182.20,250,8132.37,35462.00,510,1.0000,3.0000,0,200,0,600,0.000000,0.050000,488,0.00,174.00,0.00,174.00,0.00,0.00,0.00,0.00,0
NDX100,PERIOD_H1,15,0,15:00,60,BREAKOUT,2.00,0.10,26,1.50,1.0131,229,740,0.012568,492,3,0.006098,487,231,47.43,2045.36,22152.89,-20107.53,1.10,12.27,1.64,186.09,231.63,250,8132.37,35462.00,510,1.0000,3.0000,0,200,0,600,0.000000,0.050000,487,0.00,229.00,0.00,229.00,0.00,0.00,0.00,0.00,0
NDX100,PERIOD_H1,15,0,15:00,60,BREAKOUT,2.00,0.10,190,2.00,1.1006,223,277,0.060164,522,33,0.063218,487,232,47.64,2134.46,22409.70,-20275.24,1.11,17.22,1.73,186.64,243.11,250,8132.37,35462.00,510,1.0000,3.0000,0,200,0,600,0.000000,0.050000,487,0.00,223.00,0.00,223.00,0.00,0.00,0.00,0.00,0
NDX100,PERIOD_H1,15,0,15:00,60,BREAKOUT,2.00,0.10,21,3.00,1.0261,74,174,0.049580,510,23,0.045098,485,235,48.45,3096.04,24460.91,-21364.87,1.14,15.37,2.40,186.62,79.22,250,8132.37,35462.00,510,1.0000,3.0000,0,200,0,600,0.000000,0.050000,485,0.00,74.00,0.00,74.00,0.00,0.00,0.00,0.00,0
NDX100,PERIOD_H1,15,0,15:00,60,BREAKOUT,2.00,0.10,356,2.00,1.1833,4,875,0.050441,514,28,0.054475,484,235,48.55,3398.38,24186.80,-20788.42,1.16,11.55,2.59,185.89,36.62,250,8132.37,35462.00,510,1.0000,3.0000,0,200,0,600,0.000000,0.050000,484,0.00,4.00,0.00,4.00,0.00,0.00,0.00,0.00,0
NDX100,PERIOD_H1,15,0,15:00,60,BREAKOUT,2.00,0.10,24,2.00,1.0177,43,879,0.069887,520,34,0.065385,484,230,47.52,2900.45,23933.67,-21033.22,1.14,12.73,2.25,185.77,46.54,250,8132.37,35462.00,510,1.0000,3.0000,0,200,0,600,0.000000,0.050000,484,0.00,43.00,0.00,43.00,0.00,0.00,0.00,0.00,0
NDX100,PERIOD_H1,15,0,15:00,60,BREAKOUT,2.00,0.10,360,1.00,1.0741,64,546,0.022092,499,9,0.018036,488,231,47.34,2721.11,23739.39,-21018.28,1.13,13.40,2.12,185.96,78.82,250,8132.37,35462.00,510,1.0000,3.0000,0,200,0,600,0.000000,0.050000,488,0.00,64.00,0.00,64.00,0.00,0.00,0.00,0.00,0
NDX100,PERIOD_H1,15,0,15:00,60,BREAKOUT,2.00,0.10,22,2.50,1.0218,226,963,0.023017,498,10,0.020080,486,230,47.33,2242.09,22358.19,-20116.10,1.11,14.45,1.80,186.11,230.36,250,8132.37,35462.00,510,1.0000,3.0000,0,200,0,600,0.000000,0.050000,486,0.00,226.00,0.00,226.00,0.00,0.00,0.00,0.00,0
NDX100,PERIOD_H1,15,0,15:00,60,BREAKOUT,2.00,0.10,192,1.50,1.0710,64,289,0.005276,491,1,0.002037,488,234,47.95,2941.94,24306.32,-21364.38,1.14,15.86,2.26,186.29,78.21,250,8132.37,35462.00,510,1.0000,3.0000,0,200,0,600,0.000000,0.050000,488,0.00,64.00,0.00,64.00,0.00,0.00,0.00,0.00,0
NDX100,PERIOD_H1,15,0,15:00,60,BREAKOUT,2.00,0.10,353,3.00,1.2908,15,168,0.030134,502,13,0.025896,487,235,48.25,2834.80,24131.98,-21297.18,1.13,15.92,2.20,186.51,73.16,250,8132.37,35462.00,510,1.0000,3.0000,0,200,0,600,0.000000,0.050000,487,0.00,15.00,0.00,15.00,0.00,0.00,0.00,0.00,0
NDX100,PERIOD_H1,15,0,15:00,60,BREAKOUT,2.00,0.10,187,3.00,1.1585,345,1071,0.039857,509,26,0.051081,481,229,47.61,1810.96,21402.52,-19591.56,1.09,14.24,1.51,185.89,376.69,250,8132.37,35462.00,510,1.0000,3.0000,0,200,0,600,0.000000,0.050000,481,0.00,345.00,0.00,345.00,0.00,0.00,0.00,0.00,0
NDX100,PERIOD_H1,15,0,15:00,60,BREAKOUT,2.00,0.10,189,2.50,1.1299,115,1028,0.086731,526,37,0.070342,487,227,46.61,1131.03,21039.88,-19908.85,1.06,14.81,0.97,185.57,140.99,250,8132.37,35462.00,510,1.0000,3.0000,0,200,0,600,0.000000,0.050000,487,0.00,115.00,0.00,115.00,0.00,0.00,0.00,0.00,0
NDX100,PERIOD_H1,15,0,15:00,60,BREAKOUT,2.00,0.10,358,1.50,1.1289,200,738,0.072986,531,43,0.080979,486,237,48.77,4347.95,24723.27,-20375.32,1.21,10.41,3.18,185.38,225.79,250,8132.37,35462.00,510,1.0000,3.0000,0,200,0,600,0.000000,0.050000,486,0.00,200.00,0.00,200.00,0.00,0.00,0.00,0.00,0
NDX100,PERIOD_H1,15,0,15:00,60,BREAKOUT,2.00,0.10,29,1.00,1.0081,150,275,0.018532,499,9,0.018036,488,234,47.95,2997.96,24288.41,-21290.45,1.14,15.24,2.31,186.69,151.62,250,8132.37,35462.00,510,1.0000,3.0000,0,200,0,600,0.000000,0.050000,488,0.00,150.00,0.00,150.00,0.00,0.00,0.00,0.00,0
NDX100,PERIOD_H1,15,0,15:00,60,BREAKOUT,2.00,0.10,354,2.50,1.2369,177,958,0.003571,493,3,0.006085,488,230,47.13,1863.19,22169.25,-20306.06,1.09,14.85,1.50,186.13,224.37,250,8132.37,35462.00,510,1.0000,3.0000,0,200,0,600,0.000000,0.050000,488,0.00,177.00,0.00,177.00,0.00,0.00,0.00,0.00,0
NDX100,PERIOD_H1,15,0,15:00,60,BREAKOUT,2.00,0.10,195,1.00,1.0412,40,574,0.013671,498,8,0.016064,488,231,47.34,2746.72,23745.93,-20999.21,1.13,13.44,2.14,185.64,48.24,250,8132.37,35462.00,510,1.0000,3.0000,0,200,0,600,0.000000,0.050000,488,0.00,40.00,0.00,40.00,0.00,0.00,0.00,0.00,0
NDX100,PERIOD_H1,15,0,15:00,60,BREAKOUT,2.00,0.10,27,1.50,1.0135,28,331,0.067646,524,34,0.064885,488,232,47.54,2281.96,23087.80,-20805.84,1.11,16.03,1.86,186.23,30.69,250,8132.37,35462.00,510,1.0000,3.0000,0,200,0,600,0.000000,0.050000,488,0.00,28.00,0.00,28.00,0.00,0.00,0.00,0.00,0
NDX100,PERIOD_H1,15,0,15:00,60,BREAKOUT,2.00,0.10,22,3.00,1.0269,271,1155,0.023017,498,10,0.020080,486,231,47.53,2447.25,22484.90,-20037.65,1.12,11.45,1.96,186.07,276.37,250,8132.37,35462.00,510,1.0000,3.0000,0,200,0,600,0.000000,0.050000,486,0.00,271.00,0.00,271.00,0.00,0.00,0.00,0.00,0
NDX100,PERIOD_H1,15,0,15:00,60,BREAKOUT,2.00,0.10,357,2.00,1.1837,135,329,0.023878,506,17,0.033597,487,234,48.05,3222.71,24205.11,-20982.40,1.15,15.02,2.46,186.49,171.74,250,8132.37,35462.00,510,1.0000,3.0000,0,200,0,600,0.000000,0.050000,487,0.00,135.00,0.00,135.00,0.00,0.00,0.00,0.00,0
NDX100,PERIOD_H1,15,0,15:00,60,BREAKOUT,2.00,0.10,191,2.00,1.1010,355,931,0.033601,500,12,0.024000,486,230,47.33,1324.63,20785.61,-19460.98,1.07,16.12,1.12,186.12,375.20,250,8132.37,35462.00,510,1.0000,3.0000,0,200,0,600,0.000000,0.050000,486,0.00,355.00,0.00,355.00,0.00,0.00,0.00,0.00,0
NDX100,PERIOD_H1,15,0,15:00,60,BREAKOUT,2.00,0.10,25,2.00,1.0183,174,333,0.043321,511,21,0.041096,488,235,48.16,3077.04,24015.44,-20938.40,1.15,14.05,2.37,186.18,177.66,250,8132.37,35462.00,510,1.0000,3.0000,0,200,0,600,0.000000,0.050000,488,0.00,174.00,0.00,174.00,0.00,0.00,0.00,0.00,0
NDX100,PERIOD_H1,15,0,15:00,60,BREAKOUT,2.00,0.10,23,2.50,1.0224,390,281,0.096454,545,60,0.110092,483,232,48.03,1517.39,20763.74,-19246.35,1.08,18.89,1.31,186.47,394.48,250,8132.37,35462.00,510,1.0000,3.0000,0,200,0,600,0.000000,0.050000,483,0.00,390.00,0.00,390.00,0.00,0.00,0.00,0.00,0
NDX100,PERIOD_H1,15,0,15:00,60,BREAKOUT,2.00,0.10,361,1.00,1.0743,130,273,0.008809,493,3,0.006085,488,234,47.95,2962.70,24115.64,-21152.94,1.14,15.01,2.27,186.76,144.86,250,8132.37,35462.00,510,1.0000,3.0000,0,200,0,600,0.000000,0.050000,488,0.00,130.00,0.00,130.00,0.00,0.00,0.00,0.00,0
NDX100,PERIOD_H1,15,0,15:00,60,BREAKOUT,2.00,0.10,193,1.50,1.0714,163,780,0.060353,519,32,0.061657,485,235,48.45,3265.57,24291.64,-21026.07,1.16,11.92,2.51,185.86,177.27,250,8132.37,35462.00,510,1.0000,3.0000,0,200,0,600,0.000000,0.050000,485,0.00,163.00,0.00,163.00,0.00,0.00,0.00,0.00,0
NDX100,PERIOD_H1,15,0,15:00,60,BREAKOUT,2.00,0.10,190,2.50,1.1307,279,346,0.060164,523,35,0.066922,486,232,47.74,1995.76,22119.37,-20123.61,1.10,17.31,1.63,186.26,305.15,250,8132.37,35462.00,510,1.0000,3.0000,0,200,0,600,0.000000,0.050000,486,0.00,279.00,0.00,279.00,0.00,0.00,0.00,0.00,0
NDX100,PERIOD_H1,15,0,15:00,60,BREAKOUT,2.00,0.10,354,3.00,1.2915,212,1150,0.003571,492,3,0.006098,487,231,47.43,2187.99,22391.93,-20203.94,1.11,12.32,1.76,186.14,270.30,250,8132.37,35462.00,510,1.0000,3.0000,0,200,0,600,0.000000,0.050000,487,0.00,212.00,0.00,212.00,0.00,0.00,0.00,0.00,0
NDX100,PERIOD_H1,15,0,15:00,60,BREAKOUT,2.00,0.10,188,3.00,1.1592,541,253,0.013294,491,8,0.016293,483,230,47.62,1612.71,21300.85,-19688.14,1.08,17.50,1.35,186.62,572.84,250,8132.37,35462.00,510,1.0000,3.0000,0,200,0,600,0.000000,0.050000,483,0.00,541.00,0.00,541.00,0.00,0.00,0.00,0.00,0
NDX100,PERIOD_H1,15,0,15:00,60,BREAKOUT,2.00,0.10,30,1.00,1.0083,15,2,0.005249,492,2,0.004065,489,233,47.65,2842.24,24545.02,-21702.78,1.13,15.99,2.16,186.29,16.66,250,8132.37,35462.00,510,1.0000,3.0000,0,200,0,600,0.000000,0.050000,489,0.00,15.00,0.00,15.00,0.00,0.00,0.00,0.00,0
NDX100,PERIOD_H1,15,0,15:00,60,BREAKOUT,2.00,0.10,359,1.50,1.1292,298,328,0.053061,508,20,0.039370,486,234,48.15,2171.33,22251.84,-20080.51,1.11,16.80,1.74,186.44,323.85,250,8132.37,35462.00,510,1.0000,3.0000,0,200,0,600,0.000000,0.050000,486,0.00,298.00,0.00,298.00,0.00,0.00,0.00,0.00,0
NDX100,PERIOD_H1,15,0,15:00,60,BREAKOUT,2.00,0.10,355,2.50,1.2374,341,276,0.077007,538,52,0.096654,484,231,47.73,2397.01,21129.46,-18732.45,1.13,13.78,1.96,186.75,388.49,250,8132.37,35462.00,510,1.0000,3.0000,0,200,0,600,0.000000,0.050000,484,0.00,341.00,0.00,341.00,0.00,0.00,0.00,0.00,0
NDX100,PERIOD_H1,15,0,15:00,60,BREAKOUT,2.00,0.10,196,1.00,1.0414,105,301,0.000388,490,0,0.000000,488,234,47.95,2855.12,23987.56,-21132.44,1.14,15.61,2.20,186.36,113.28,250,8132.37,35462.00,510,1.0000,3.0000,0,200,0,600,0.000000,0.050000,488,0.00,105.00,0.00,105.00,0.00,0.00,0.00,0.00,0
NDX100,PERIOD_H1,15,0,15:00,60,BREAKOUT,2.00,0.10,28,1.50,1.0139,126,822,0.047721,512,23,0.044922,487,233,47.84,2535.97,22927.97,-20392.00,1.12,13.38,1.99,185.90,128.78,250,8132.37,35462.00,510,1.0000,3.0000,0,200,0,600,0.000000,0.050000,487,0.00,126.00,0.00,126.00,0.00,0.00,0.00,0.00,0
NDX100,PERIOD_H1,15,0,15:00,60,BREAKOUT,2.00,0.10,23,3.00,1.0276,468,337,0.096454,542,59,0.108856,482,230,47.72,1284.49,20328.23,-19043.74,1.07,18.95,1.14,186.49,473.52,250,8132.37,35462.00,510,1.0000,3.0000,0,200,0,600,0.000000,0.050000,482,0.00,468.00,0.00,468.00,0.00,0.00,0.00,0.00,0
NDX100,PERIOD_H1,15,0,15:00,60,BREAKOUT,2.00,0.10,192,2.00,1.1015,86,385,0.007035,491,1,0.002037,488,233,47.75,2961.22,24210.79,-21249.57,1.14,13.41,2.27,186.09,106.29,250,8132.37,35462.00,510,1.0000,3.0000,0,200,0,600,0.000000,0.050000,488,0.00,86.00,0.00,86.00,0.00,0.00,0.00,0.00,0
NDX100,PERIOD_H1,15,0,15:00,60,BREAKOUT,2.00,0.10,358,2.00,1.1842,266,983,0.097314,541,55,0.101664,484,235,48.55,3515.63,23394.44,-19878.81,1.18,13.08,2.70,185.96,302.84,250,8132.37,35462.00,510,1.0000,3.0000,0,200,0,600,0.000000,0.050000,484,0.00,266.00,0.00,266.00,0.00,0.00,0.00,0.00,0
NDX100,PERIOD_H1,15,0,15:00,60,BREAKOUT,2.00,0.10,24,2.50,1.0230,54,1098,0.069887,520,34,0.065385,484,229,47.31,2850.69,23716.94,-20866.25,1.14,12.97,2.23,185.52,58.60,250,8132.37,35462.00,510,1.0000,3.0000,0,200,0,600,0.000000,0.050000,484,0.00,54.00,0.00,54.00,0.00,0.00,0.00,0.00,0
NDX100,PERIOD_H1,15,0,15:00,60,BREAKOUT,2.00,0.10,26,2.00,1.0188,306,987,0.016758,493,6,0.012170,485,231,47.63,1767.94,21750.31,-19982.37,1.09,15.45,1.45,186.35,309.75,250,8132.37,35462.00,510,1.0000,3.0000,0,200,0,600,0.000000,0.050000,485,0.00,306.00,0.00,306.00,0.00,0.00,0.00,0.00,0
NDX100,PERIOD_H1,15,0,15:00,60,BREAKOUT,2.00,0.10,362,1.00,1.0745,195,0,0.045528,513,23,0.044834,489,232,47.44,2067.86,22056.12,-19988.26,1.10,14.20,1.67,187.23,209.89,250,8132.37,35462.00,510,1.0000,3.0000,0,200,0,600,0.000000,0.050000,489,0.00,195.00,0.00,195.00,0.00,0.00,0.00,0.00,0
NDX100,PERIOD_H1,15,0,15:00,60,BREAKOUT,2.00,0.10,194,1.50,1.0718,261,370,0.040429,513,24,0.046784,487,233,47.84,1495.73,21312.37,-19816.64,1.08,12.58,1.25,186.15,275.36,250,8132.37,35462.00,510,1.0000,3.0000,0,200,0,600,0.000000,0.050000,487,0.00,261.00,0.00,261.00,0.00,0.00,0.00,0.00,0
NDX100,PERIOD_H1,15,0,15:00,60,BREAKOUT,2.00,0.10,189,3.00,1.1599,138,1234,0.086731,526,37,0.070342,487,228,46.82,1356.23,21390.30,-20034.07,1.07,12.33,1.15,185.86,169.98,250,8132.37,35462.00,510,1.0000,3.0000,0,200,0,600,0.000000,0.050000,487,0.00,138.00,0.00,138.00,0.00,0.00,0.00,0.00,0
NDX100,PERIOD_H1,15,0,15:00,60,BREAKOUT,2.00,0.10,191,2.50,1.1313,443,1164,0.033601,500,13,0.026000,486,228,46.91,1070.51,20254.33,-19183.82,1.06,16.11,0.92,186.21,469.26,250,8132.37,35462.00,510,1.0000,3.0000,0,200,0,600,0.000000,0.050000,486,0.00,443.00,0.00,443.00,0.00,0.00,0.00,0.00,0
NDX100,PERIOD_H1,15,0,15:00,60,BREAKOUT,2.00,0.10,355,3.00,1.2922,409,331,0.077007,535,50,0.093458,484,230,47.52,2049.50,20595.07,-18545.57,1.11,13.89,1.72,186.47,467.45,250,8132.37,35462.00,510,1.0000,3.0000,0,200,0,600,0.000000,0.050000,484,0.00,409.00,0.00,409.00,0.00,0.00,0.00,0.00,0
NDX100,PERIOD_H1,15,0,15:00,60,BREAKOUT,2.00,0.10,31,1.00,1.0085,81,329,0.041968,513,24,0.046784,487,232,47.64,3152.60,23835.46,-20682.86,1.15,14.66,2.44,186.24,82.51,250,8132.37,35462.00,510,1.0000,3.0000,0,200,0,600,0.000000,0.050000,487,0.00,81.00,0.00,81.00,0.00,0.00,0.00,0.00,0
NDX100,PERIOD_H1,15,0,15:00,60,BREAKOUT,2.00,0.10,360,1.50,1.1297,96,819,0.033139,506,16,0.031621,488,231,47.34,2288.49,22910.35,-20621.86,1.11,13.17,1.82,185.64,121.93,250,8132.37,35462.00,510,1.0000,3.0000,0,200,0,600,0.000000,0.050000,488,0.00,96.00,0.00,96.00,0.00,0.00,0.00,0.00,0
NDX100,PERIOD_H1,15,0,15:00,60,BREAKOUT,2.00,0.10,356,2.50,1.2382,5,1094,0.050441,514,28,0.054475,484,234,48.35,3349.00,24095.00,-20746.00,1.16,11.66,2.57,185.62,47.41,250,8132.37,35462.00,510,1.0000,3.0000,0,200,0,600,0.000000,0.050000,484,0.00,5.00,0.00,5.00,0.00,0.00,0.00,0.00,0
NDX100,PERIOD_H1,15,0,15:00,60,BREAKOUT,2.00,0.10,197,1.00,1.0416,171,28,0.037106,513,24,0.046784,488,235,48.16,2846.55,23516.68,-20670.13,1.14,11.43,2.20,185.98,179.31,250,8132.37,35462.00,510,1.0000,3.0000,0,200,0,600,0.000000,0.050000,488,0.00,171.00,0.00,171.00,0.00,0.00,0.00,0.00,0
NDX100,PERIOD_H1,15,0,15:00,60,BREAKOUT,2.00,0.10,29,1.50,1.0142,224,412,0.027799,497,8,0.016097,487,233,47.84,3667.80,24867.68,-21199.88,1.17,12.08,2.75,185.79,226.84,250,8132.37,35462.00,510,1.0000,3.0000,0,200,0,600,0.000000,0.050000,487,0.00,224.00,0.00,224.00,0.00,0.00,0.00,0.00,0
NDX100,PERIOD_H1,15,0,15:00,60,BREAKOUT,2.00,0.10,24,3.00,1.0283,65,1318,0.069887,520,34,0.065385,484,229,47.31,2943.06,23850.58,-20907.52,1.14,12.90,2.29,185.79,70.66,250,8132.37,35462.00,510,1.0000,3.0000,0,200,0,600,0.000000,0.050000,484,0.00,65.00,0.00,65.00,0.00,0.00,0.00,0.00,0
NDX100,PERIOD_H1,15,0,15:00,60,BREAKOUT,2.00,0.10,193,2.00,1.1019,217,1039,0.080471,532,45,0.084586,485,231,47.63,2554.27,22846.81,-20292.54,1.13,11.68,2.06,185.84,237.39,250,8132.37,35462.00,510,1.0000,3.0000,0,200,0,600,0.000000,0.050000,485,0.00,217.00,0.00,217.00,0.00,0.00,0.00,0.00,0
NDX100,PERIOD_H1,15,0,15:00,60,BREAKOUT,2.00,0.10,359,2.00,1.1846,397,438,0.070748,516,30,0.058140,484,229,47.31,1119.44,20483.93,-19364.49,1.06,18.84,0.96,185.98,433.93,250,8132.37,35462.00,510,1.0000,3.0000,0,200,0,600,0.000000,0.050000,484,0.00,397.00,0.00,397.00,0.00,0.00,0.00,0.00,0
NDX100,PERIOD_H1,15,0,15:00,60,BREAKOUT,2.00,0.10,25,2.50,1.0238,218,416,0.043321,511,21,0.041096,488,233,47.75,3038.84,23605.25,-20566.41,1.15,10.77,2.36,185.61,222.76,250,8132.37,35462.00,510,1.0000,3.0000,0,200,0,600,0.000000,0.050000,488,0.00,218.00,0.00,218.00,0.00,0.00,0.00,0.00,0
NDX100,PERIOD_H1,15,0,15:00,60,BREAKOUT,2.00,0.10,27,2.00,1.0192,37,441,0.090194,538,49,0.091078,487,232,47.64,2416.34,23000.99,-20584.65,1.12,15.24,1.96,185.87,40.85,250,8132.37,35462.00,510,1.0000,3.0000,0,200,0,600,0.000000,0.050000,487,0.00,37.00,0.00,37.00,0.00,0.00,0.00,0.00,0
NDX100,PERIOD_H1,15,0,15:00,60,BREAKOUT,2.00,0.10,363,1.00,1.0747,61,327,0.032246,506,17,0.033597,487,233,47.84,2702.42,24065.32,-21362.90,1.13,18.25,2.11,186.29,75.94,250,8132.37,35462.00,510,1.0000,3.0000,0,200,0,600,0.000000,0.050000,487,0.00,61.00,0.00,61.00,0.00,0.00,0.00,0.00,0
NDX100,PERIOD_H1,15,0,15:00,60,BREAKOUT,2.00,0.10,195,1.50,1.0721,60,861,0.020506,504,14,0.027778,488,231,47.34,2160.75,22804.01,-20643.26,1.10,13.50,1.74,185.93,74.42,250,8132.37,35462.00,510,1.0000,3.0000,0,200,0,600,0.000000,0.050000,488,0.00,60.00,0.00,60.00,0.00,0.00,0.00,0.00,0
NDX100,PERIOD_H1,15,0,15:00,60,BREAKOUT,2.00,0.10,190,3.00,1.1609,335,415,0.060164,520,33,0.063462,485,230,47.42,2031.22,22139.59,-20108.37,1.10,15.62,1.68,185.86,367.18,250,8132.37,35462.00,510,1.0000,3.0000,0,200,0,600,0.000000,0.050000,485,0.00,335.00,0.00,335.00,0.00,0.00,0.00,0.00,0
NDX100,PERIOD_H1,15,0,15:00,60,BREAKOUT,2.00,0.10,356,3.00,1.2932,5,1312,0.050441,514,28,0.054475,484,234,48.35,3376.93,24206.28,-20829.35,1.16,11.65,2.58,186.07,57.19,250,8132.37,35462.00,510,1.0000,3.0000,0,200,0,600,0.000000,0.050000,484,0.00,5.00,0.00,5.00,0.00,0.00,0.00,0.00,0
NDX100,PERIOD_H1,15,0,15:00,60,BREAKOUT,2.00,0.10,192,2.50,1.1319,107,482,0.007035,491,1,0.002037,488,232,47.54,2824.26,23689.53,-20865.27,1.14,12.64,2.18,185.83,133.38,250,8132.37,35462.00,510,1.0000,3.0000,0,200,0,600,0.000000,0.050000,488,0.00,107.00,0.00,107.00,0.00,0.00,0.00,0.00,0
NDX100,PERIOD_H1,15,0,15:00,60,BREAKOUT,2.00,0.10,357,2.50,1.2388,169,411,0.023878,506,17,0.033597,487,231,47.43,3012.87,23596.00,-20583.13,1.15,11.96,2.34,185.79,216.77,250,8132.37,35462.00,510,1.0000,3.0000,0,200,0,600,0.000000,0.050000,487,0.00,169.00,0.00,169.00,0.00,0.00,0.00,0.00,0
NDX100,PERIOD_H1,15,0,15:00,60,BREAKOUT,2.00,0.10,32,1.00,1.0087,146,56,0.028686,503,13,0.025845,489,235,48.06,2864.56,23826.76,-20962.20,1.14,15.14,2.19,185.88,147.75,250,8132.37,35462.00,510,1.0000,3.0000,0,200,0,600,0.000000,0.050000,489,0.00,146.00,0.00,146.00,0.00,0.00,0.00,0.00,0
NDX100,PERIOD_H1,15,0,15:00,60,BREAKOUT,2.00,0.10,361,1.50,1.1300,195,409,0.013214,494,5,0.010121,487,231,47.43,2990.74,23778.50,-20787.76,1.14,11.80,2.30,185.81,221.00,250,8132.37,35462.00,510,1.0000,3.0000,0,200,0,600,0.000000,0.050000,487,0.00,195.00,0.00,195.00,0.00,0.00,0.00,0.00,0
NDX100,PERIOD_H1,15,0,15:00,60,BREAKOUT,2.00,0.10,198,1.00,1.0418,37,355,0.023824,503,14,0.027833,487,233,47.84,2734.90,24065.43,-21330.53,1.13,15.67,2.13,186.06,45.36,250,8132.37,35462.00,510,1.0000,3.0000,0,200,0,600,0.000000,0.050000,487,0.00,37.00,0.00,37.00,0.00,0.00,0.00,0.00,0
NDX100,PERIOD_H1,15,0,15:00,60,BREAKOUT,2.00,0.10,30,1.50,1.0145,23,3,0.007874,494,4,0.008097,489,233,47.65,2614.34,24303.68,-21689.34,1.12,16.02,2.01,185.88,25.91,250,8132.37,35462.00,510,1.0000,3.0000,0,200,0,600,0.000000,0.050000,489,0.00,23.00,0.00,23.00,0.00,0.00,0.00,0.00,0
NDX100,PERIOD_H1,15,0,15:00,60,BREAKOUT,2.00,0.10,25,3.00,1.0293,262,499,0.043321,510,21,0.041176,487,234,48.05,2446.97,22427.39,-19980.42,1.12,10.78,1.96,185.68,267.86,250,8132.37,35462.00,510,1.0000,3.0000,0,200,0,600,0.000000,0.050000,487,0.00,262.00,0.00,262.00,0.00,0.00,0.00,0.00,0
NDX100,PERIOD_H1,15,0,15:00,60,BREAKOUT,2.00,0.10,360,2.00,1.1852,128,1092,0.044185,510,21,0.041176,487,230,47.23,2444.03,23080.61,-20636.58,1.12,12.19,1.95,186.01,165.05,250,8132.37,35462.00,510,1.0000,3.0000,0,200,0,600,0.000000,0.050000,487,0.00,128.00,0.00,128.00,0.00,0.00,0.00,0.00,0
NDX100,PERIOD_H1,15,0,15:00,60,BREAKOUT,2.00,0.10,194,2.00,1.1025,348,494,0.053905,518,30,0.057915,486,228,46.91,230.26,19090.47,-18860.21,1.01,15.92,0.21,185.72,368.51,250,8132.37,35462.00,510,1.0000,3.0000,0,200,0,600,0.000000,0.050000,486,0.00,348.00,0.00,348.00,0.00,0.00,0.00,0.00,0
NDX100,PERIOD_H1,15,0,15:00,60,BREAKOUT,2.00,0.10,26,2.50,1.0244,382,1234,0.016758,493,6,0.012170,485,229,47.22,1585.84,21368.04,-19782.20,1.08,15.16,1.32,186.22,386.88,250,8132.37,35462.00,510,1.0000,3.0000,0,200,0,600,0.000000,0.050000,485,0.00,382.00,0.00,382.00,0.00,0.00,0.00,0.00,0
NDX100,PERIOD_H1,15,0,15:00,60,BREAKOUT,2.00,0.10,28,2.00,1.0198,168,1096,0.063628,521,32,0.061420,487,234,48.05,2328.14,22439.35,-20111.21,1.12,13.27,1.86,185.93,171.97,250,8132.37,35462.00,510,1.0000,3.0000,0,200,0,600,0.000000,0.050000,487,0.00,168.00,0.00,168.00,0.00,0.00,0.00,0.00,0
NDX100,PERIOD_H1,15,0,15:00,60,BREAKOUT,2.00,0.10,196,1.50,1.0724,158,452,0.000581,490,0,0.000000,488,232,47.54,2951.45,24094.75,-21143.30,1.14,12.88,2.27,185.80,172.48,250,8132.37,35462.00,510,1.0000,3.0000,0,200,0,600,0.000000,0.050000,488,0.00,158.00,0.00,158.00,0.00,0.00,0.00,0.00,0
NDX100,PERIOD_H1,15,0,15:00,60,BREAKOUT,2.00,0.10,364,1.00,1.0749,127,54,0.018963,496,7,0.014113,488,234,47.95,2946.02,24293.96,-21347.94,1.14,15.16,2.25,185.91,141.98,250,8132.37,35462.00,510,1.0000,3.0000,0,200,0,600,0.000000,0.050000,488,0.00,127.00,0.00,127.00,0.00,0.00,0.00,0.00,0
NDX100,PERIOD_H1,15,0,15:00,60,BREAKOUT,2.00,0.10,191,3.00,1.1616,532,1397,0.033601,497,13,0.026157,484,227,46.90,640.12,19637.56,-18997.44,1.03,16.36,0.57,186.37,564.33,250,8132.37,35462.00,510,1.0000,3.0000,0,200,0,600,0.000000,0.050000,484,0.00,532.00,0.00,532.00,0.00,0.00,0.00,0.00,0
NDX100,PERIOD_H1,15,0,15:00,60,BREAKOUT,2.00,0.10,193,2.50,1.1325,271,1299,0.080471,531,45,0.084746,484,233,48.14,2592.82,22816.89,-20224.07,1.13,11.87,2.09,186.04,297.50,250,8132.37,35462.00,510,1.0000,3.0000,0,200,0,600,0.000000,0.050000,484,0.00,271.00,0.00,271.00,0.00,0.00,0.00,0.00,0
NDX100,PERIOD_H1,15,0,15:00,60,BREAKOUT,2.00,0.10,357,3.00,1.2940,202,494,0.023878,504,16,0.031746,486,232,47.74,2861.80,23111.15,-20249.35,1.14,12.06,2.24,185.84,260.79,250,8132.37,35462.00,510,1.0000,3.0000,0,200,0,600,0.000000,0.050000,486,0.00,202.00,0.00,202.00,0.00,0.00,0.00,0.00,0
NDX100,PERIOD_H1,15,0,15:00,60,BREAKOUT,2.00,0.10,33,1.00,1.0089,12,383,0.015403,496,7,0.014113,487,232,47.64,2653.71,23622.95,-20969.24,1.13,13.88,2.07,186.18,13.78,250,8132.37,35462.00,510,1.0000,3.0000,0,200,0,600,0.000000,0.050000,487,0.00,12.00,0.00,12.00,0.00,0.00,0.00,0.00,0
NDX100,PERIOD_H1,15,0,15:00,60,BREAKOUT,2.00,0.10,358,2.50,1.2394,333,1229,0.097314,542,56,0.103321,484,234,48.35,3440.74,23133.23,-19692.49,1.17,12.58,2.68,185.88,380.89,250,8132.37,35462.00,510,1.0000,3.0000,0,200,0,600,0.000000,0.050000,484,0.00,333.00,0.00,333.00,0.00,0.00,0.00,0.00,0
NDX100,PERIOD_H1,15,0,15:00,60,BREAKOUT,2.00,0.10,199,1.00,1.0420,102,82,0.010541,496,6,0.012097,488,234,47.95,2770.33,24141.62,-21371.29,1.13,15.71,2.14,185.69,110.40,250,8132.37,35462.00,510,1.0000,3.0000,0,200,0,600,0.000000,0.050000,488,0.00,102.00,0.00,102.00,0.00,0.00,0.00,0.00,0
NDX100,PERIOD_H1,15,0,15:00,60,BREAKOUT,2.00,0.10,362,1.50,1.1303,293,0,0.068291,528,40,0.075758,487,232,47.64,1654.10,21368.91,-19714.81,1.08,16.74,1.37,187.24,319.06,250,8132.37,35462.00,510,1.0000,3.0000,0,200,0,600,0.000000,0.050000,487,0.00,293.00,0.00,293.00,0.00,0.00,0.00,0.00,0
NDX100,PERIOD_H1,15,0,15:00,60,BREAKOUT,2.00,0.10,31,1.50,1.0148,121,494,0.062951,527,40,0.075901,485,230,47.42,2758.96,22739.11,-19980.15,1.14,11.47,2.22,185.82,123.64,250,8132.37,35462.00,510,1.0000,3.0000,0,200,0,600,0.000000,0.050000,485,0.00,121.00,0.00,121.00,0.00,0.00,0.00,0.00,0
NDX100,PERIOD_H1,15,0,15:00,60,BREAKOUT,2.00,0.10,26,3.00,1.0300,458,1481,0.016758,492,6,0.012195,485,227,46.80,1383.00,20969.04,-19586.04,1.07,15.23,1.17,185.96,464.01,250,8132.37,35462.00,510,1.0000,3.0000,0,200,0,600,0.000000,0.050000,485,0.00,458.00,0.00,458.00,0.00,0.00,0.00,0.00,0
NDX100,PERIOD_H1,15,0,15:00,60,BREAKOUT,2.00,0.10,27,2.50,1.0250,46,552,0.090194,537,48,0.089385,487,232,47.64,2264.04,22765.75,-20501.71,1.11,15.27,1.86,185.75,51.00,250,8132.37,35462.00,510,1.0000,3.0000,0,200,0,600,0.000000,0.050000,487,0.00,46.00,0.00,46.00,0.00,0.00,0.00,0.00,0
NDX100,PERIOD_H1,15,0,15:00,60,BREAKOUT,2.00,0.10,361,2.00,1.1857,260,546,0.017618,493,7,0.014199,484,232,47.93,2740.10,23014.91,-20274.81,1.14,12.39,2.15,186.20,297.14,250,8132.37,35462.00,510,1.0000,3.0000,0,200,0,600,0.000000,0.050000,484,0.00,260.00,0.00,260.00,0.00,0.00,0.00,0.00,0
NDX100,PERIOD_H1,15,0,15:00,60,BREAKOUT,2.00,0.10,195,2.00,1.1030,79,1148,0.027342,510,21,0.041176,487,230,47.23,2001.68,22415.93,-20414.25,1.10,13.68,1.64,186.15,99.60,250,8132.37,35462.00,510,1.0000,3.0000,0,200,0,600,0.000000,0.050000,487,0.00,79.00,0.00,79.00,0.00,0.00,0.00,0.00,0
NDX100,PERIOD_H1,15,0,15:00,60,BREAKOUT,2.00,0.10,197,1.50,1.0727,256,42,0.055659,518,32,0.061776,486,234,48.15,2529.63,22654.47,-20124.84,1.13,12.04,2.00,185.58,270.55,250,8132.37,35462.00,510,1.0000,3.0000,0,200,0,600,0.000000,0.050000,486,0.00,256.00,0.00,256.00,0.00,0.00,0.00,0.00,0
NDX100,PERIOD_H1,15,0,15:00,60,BREAKOUT,2.00,0.10,29,2.00,1.0203,299,550,0.037065,499,11,0.022044,486,235,48.35,3245.42,23924.70,-20679.28,1.16,12.88,2.48,185.78,303.06,250,8132.37,35462.00,510,1.0000,3.0000,0,200,0,600,0.000000,0.050000,486,0.00,299.00,0.00,299.00,0.00,0.00,0.00,0.00,0
NDX100,PERIOD_H1,15,0,15:00,60,BREAKOUT,2.00,0.10,365,1.00,1.0751,192,381,0.005679,493,4,0.008114,487,232,47.64,2930.35,23614.50,-20684.15,1.14,11.38,2.26,186.04,207.02,250,8132.37,35462.00,510,1.0000,3.0000,0,200,0,600,0.000000,0.050000,487,0.00,192.00,0.00,192.00,0.00,0.00,0.00,0.00,0
NDX100,PERIOD_H1,15,0,15:00,60,BREAKOUT,2.00,0.10,192,3.00,1.1624,129,578,0.007035,491,1,0.002037,488,232,47.54,2820.68,23631.90,-20811.22,1.14,12.68,2.19,185.76,161.47,250,8132.37,35462.00,510,1.0000,3.0000,0,200,0,600,0.000000,0.050000,488,0.00,129.00,0.00,129.00,0.00,0.00,0.00,0.00,0
NDX100,PERIOD_H1,15,0,15:00,60,BREAKOUT,2.00,0.10,358,3.00,1.2947,399,1475,0.097314,541,56,0.103512,484,232,47.93,3293.91,22780.54,-19486.63,1.17,12.73,2.59,185.62,457.94,250,8132.37,35462.00,510,1.0000,3.0000,0,200,0,600,0.000000,0.050000,484,0.00,399.00,0.00,399.00,0.00,0.00,0.00,0.00,0
NDX100,PERIOD_H1,15,0,15:00,60,BREAKOUT,2.00,0.10,194,2.50,1.1333,435,617,0.053905,516,29,0.056202,486,227,46.71,-148.78,18422.38,-18571.16,0.99,16.04,-0.14,185.86,461.66,250,8132.37,35462.00,510,1.0000,3.0000,0,200,0,600,0.000000,0.050000,486,0.00,435.00,0.00,435.00,0.00,0.00,0.00,0.00,0
NDX100,PERIOD_H1,15,0,15:00,60,BREAKOUT,2.00,0.10,34,1.00,1.0091,78,110,0.002120,490,0,0.000000,488,234,47.95,2651.48,24162.45,-21510.97,1.12,15.88,2.04,185.84,79.82,250,8132.37,35462.00,510,1.0000,3.0000,0,200,0,600,0.000000,0.050000,488,0.00,78.00,0.00,78.00,0.00,0.00,0.00,0.00,0
NDX100,PERIOD_H1,15,0,15:00,60,BREAKOUT,2.00,0.10,359,2.50,1.2400,497,547,0.070748,514,31,0.060311,483,229,47.41,836.83,19874.30,-19037.47,1.04,19.06,0.73,186.55,545.01,250,8132.37,35462.00,510,1.0000,3.0000,0,200,0,600,0.000000,0.050000,483,0.00,497.00,0.00,497.00,0.00,0.00,0.00,0.00,0
NDX100,PERIOD_H1,15,0,15:00,60,BREAKOUT,2.00,0.10,28,2.50,1.0258,210,1369,0.063628,521,32,0.061420,487,233,47.84,2157.76,22091.42,-19933.66,1.11,12.43,1.73,186.11,215.16,250,8132.37,35462.00,510,1.0000,3.0000,0,200,0,600,0.000000,0.050000,487,0.00,210.00,0.00,210.00,0.00,0.00,0.00,0.00,0
NDX100,PERIOD_H1,15,0,15:00,60,BREAKOUT,2.00,0.10,200,1.00,1.0422,168,409,0.047259,509,20,0.039293,488,234,47.95,2593.20,23470.73,-20877.53,1.12,12.54,2.04,185.61,176.44,250,8132.37,35462.00,510,1.0000,3.0000,0,200,0,600,0.000000,0.050000,488,0.00,168.00,0.00,168.00,0.00,0.00,0.00,0.00,0
NDX100,PERIOD_H1,15,0,15:00,60,BREAKOUT,2.00,0.10,27,3.00,1.0308,55,662,0.090194,537,48,0.089385,487,232,47.64,2173.85,22609.33,-20435.48,1.11,15.36,1.80,185.92,61.15,250,8132.37,35462.00,510,1.0000,3.0000,0,200,0,600,0.000000,0.050000,487,0.00,55.00,0.00,55.00,0.00,0.00,0.00,0.00,0
NDX100,PERIOD_H1,15,0,15:00,60,BREAKOUT,2.00,0.10,363,1.50,1.1307,92,491,0.048369,508,19,0.037402,487,231,47.43,2302.66,22869.22,-20566.56,1.11,14.99,1.84,185.68,118.15,250,8132.37,35462.00,510,1.0000,3.0000,0,200,0,600,0.000000,0.050000,487,0.00,92.00,0.00,92.00,0.00,0.00,0.00,0.00,0
NDX100,PERIOD_H1,15,0,15:00,60,BREAKOUT,2.00,0.10,32,1.50,1.0153,220,84,0.043029,512,24,0.046875,486,232,47.74,2606.67,22796.40,-20189.73,1.13,13.04,2.03,185.82,223.05,250,8132.37,35462.00,510,1.0000,3.0000,0,200,0,600,0.000000,0.050000,486,0.00,220.00,0.00,220.00,0.00,0.00,0.00,0.00,0
NDX100,PERIOD_H1,15,0,15:00,60,BREAKOUT,2.00,0.10,196,2.00,1.1035,211,602,0.000775,489,0,0.000000,487,231,47.43,2355.61,22696.14,-20340.53,1.12,12.33,1.87,186.00,231.69,250,8132.37,35462.00,510,1.0000,3.0000,0,200,0,600,0.000000,0.050000,487,0.00,211.00,0.00,211.00,0.00,0.00,0.00,0.00,0
NDX100,PERIOD_H1,15,0,15:00,60,BREAKOUT,2.00,0.10,362,2.00,1.1862,391,0,0.091055,541,55,0.101664,485,231,47.63,1643.46,21151.86,-19508.40,1.08,17.09,1.39,187.31,428.23,250,8132.37,35462.00,510,1.0000,3.0000,0,200,0,600,0.000000,0.050000,485,0.00,391.00,0.00,391.00,0.00,0.00,0.00,0.00,0
NDX100,PERIOD_H1,15,0,15:00,60,BREAKOUT,2.00,0.10,30,2.00,1.0208,30,4,0.010498,494,4,0.008097,489,233,47.65,2614.34,24303.68,-21689.34,1.12,16.02,2.01,185.88,34.15,250,8132.37,35462.00,510,1.0000,3.0000,0,200,0,600,0.000000,0.050000,489,0.00,30.00,0.00,30.00,0.00,0.00,0.00,0.00,0
NDX100,PERIOD_H1,15,0,15:00,60,BREAKOUT,2.00,0.10,198,1.50,1.0732,55,533,0.035736,513,24,0.046784,487,233,47.84,2362.53,22959.41,-20596.88,1.11,13.11,1.88,185.75,69.63,250,8132.37,35462.00,510,1.0000,3.0000,0,200,0,600,0.000000,0.050000,487,0.00,55.00,0.00,55.00,0.00,0.00,0.00,0.00,0
NDX100,PERIOD_H1,15,0,15:00,60,BREAKOUT,2.00,0.10,193,3.00,1.1631,326,1559,0.080471,531,45,0.084746,484,230,47.52,2105.67,22057.24,-19951.57,1.11,13.95,1.75,185.74,358.62,250,8132.37,35462.00,510,1.0000,3.0000,0,200,0,600,0.000000,0.050000,484,0.00,326.00,0.00,326.00,0.00,0.00,0.00,0.00,0
NDX100,PERIOD_H1,15,0,15:00,60,BREAKOUT,2.00,0.10,366,1.00,1.0753,58,108,0.042398,508,21,0.041339,485,231,47.63,2401.67,23578.30,-21176.63,1.11,15.50,1.88,185.85,73.05,250,8132.37,35462.00,510,1.0000,3.0000,0,200,0,600,0.000000,0.050000,485,0.00,58.00,0.00,58.00,0.00,0.00,0.00,0.00,0
NDX100,PERIOD_H1,15,0,15:00,60,BREAKOUT,2.00,0.10,359,3.00,1.2954,596,656,0.070748,512,30,0.058594,482,229,47.51,654.26,19465.89,-18811.63,1.03,18.85,0.58,186.28,655.08,250,8132.37,35462.00,510,1.0000,3.0000,0,200,0,600,0.000000,0.050000,482,0.00,596.00,0.00,596.00,0.00,0.00,0.00,0.00,0
NDX100,PERIOD_H1,15,0,15:00,60,BREAKOUT,2.00,0.10,195,2.50,1.1339,99,1435,0.027342,510,21,0.041176,487,230,47.23,2113.67,22628.54,-20514.87,1.10,12.82,1.72,186.06,125.78,250,8132.37,35462.00,510,1.0000,3.0000,0,200,0,600,0.000000,0.050000,487,0.00,99.00,0.00,99.00,0.00,0.00,0.00,0.00,0
NDX100,PERIOD_H1,15,0,15:00,60,BREAKOUT,2.00,0.10,35,1.00,1.0093,143,437,0.038839,511,22,0.043053,487,231,47.43,2994.11,24139.62,-21145.51,1.14,12.20,2.33,185.64,144.86,250,8132.37,35462.00,510,1.0000,3.0000,0,200,0,600,0.000000,0.050000,487,0.00,143.00,0.00,143.00,0.00,0.00,0.00,0.00,0
NDX100,PERIOD_H1,15,0,15:00,60,BREAKOUT,2.00,0.10,363,2.00,1.1868,122,654,0.064492,525,36,0.068571,487,231,47.43,1776.39,21933.15,-20156.76,1.09,12.94,1.48,185.92,159.35,250,8132.37,35462.00,510,1.0000,3.0000,0,200,0,600,0.000000,0.050000,487,0.00,122.00,0.00,122.00,0.00,0.00,0.00,0.00,0
NDX100,PERIOD_H1,15,0,15:00,60,BREAKOUT,2.00,0.10,364,1.50,1.1311,190,81,0.028444,503,14,0.027833,487,232,47.64,2406.16,22843.65,-20437.49,1.12,15.66,1.89,185.79,216.21,250,8132.37,35462.00,510,1.0000,3.0000,0,200,0,600,0.000000,0.050000,487,0.00,190.00,0.00,190.00,0.00,0.00,0.00,0.00,0
NDX100,PERIOD_H1,15,0,15:00,60,BREAKOUT,2.00,0.10,197,2.00,1.1039,342,56,0.074212,524,39,0.074427,485,233,48.04,2027.06,21853.32,-19826.26,1.10,16.00,1.66,185.63,362.78,250,8132.37,35462.00,510,1.0000,3.0000,0,200,0,600,0.000000,0.050000,485,0.00,342.00,0.00,342.00,0.00,0.00,0.00,0.00,0
NDX100,PERIOD_H1,15,0,15:00,60,BREAKOUT,2.00,0.10,29,2.50,1.0264,374,687,0.037065,499,11,0.022044,486,233,47.94,2759.92,23075.36,-20315.44,1.14,14.94,2.16,185.69,379.28,250,8132.37,35462.00,510,1.0000,3.0000,0,200,0,600,0.000000,0.050000,486,0.00,374.00,0.00,374.00,0.00,0.00,0.00,0.00,0
NDX100,PERIOD_H1,15,0,15:00,60,BREAKOUT,2.00,0.10,28,3.00,1.0317,252,1643,0.063628,520,32,0.061538,486,232,47.74,1929.51,21564.26,-19634.75,1.10,13.77,1.58,185.66,258.35,250,8132.37,35462.00,510,1.0000,3.0000,0,200,0,600,0.000000,0.050000,486,0.00,252.00,0.00,252.00,0.00,0.00,0.00,0.00,0
NDX100,PERIOD_H1,15,0,15:00,60,BREAKOUT,2.00,0.10,201,1.00,1.0424,33,137,0.033978,506,17,0.033597,487,235,48.25,2658.87,24011.61,-21352.74,1.12,15.69,2.09,186.20,41.48,250,8132.37,35462.00,510,1.0000,3.0000,0,200,0,600,0.000000,0.050000,487,0.00,33.00,0.00,33.00,0.00,0.00,0.00,0.00,0
NDX100,PERIOD_H1,15,0,15:00,60,BREAKOUT,2.00,0.10,360,2.50,1.2408,161,1365,0.044185,510,22,0.043137,486,229,47.12,2332.31,22692.60,-20360.29,1.11,11.49,1.88,186.03,209.16,250,8132.37,35462.00,510,1.0000,3.0000,0,200,0,600,0.000000,0.050000,486,0.00,161.00,0.00,161.00,0.00,0.00,0.00,0.00,0
NDX100,PERIOD_H1,15,0,15:00,60,BREAKOUT,2.00,0.10,33,1.50,1.0156,18,575,0.023104,501,12,0.023952,487,231,47.43,2132.10,22565.48,-20433.38,1.10,14.60,1.71,185.78,21.12,250,8132.37,35462.00,510,1.0000,3.0000,0,200,0,600,0.000000,0.050000,487,0.00,18.00,0.00,18.00,0.00,0.00,0.00,0.00,0
NDX100,PERIOD_H1,15,0,15:00,60,BREAKOUT,2.00,0.10,199,1.50,1.0735,153,123,0.015812,502,13,0.025896,487,235,48.25,2978.41,24057.80,-21079.39,1.14,14.61,2.30,186.07,167.70,250,8132.37,35462.00,510,1.0000,3.0000,0,200,0,600,0.000000,0.050000,487,0.00,153.00,0.00,153.00,0.00,0.00,0.00,0.00,0
NDX100,PERIOD_H1,15,0,15:00,60,BREAKOUT,2.00,0.10,31,2.00,1.0212,162,658,0.083935,541,54,0.099815,485,229,47.22,1978.39,21638.23,-19659.84,1.10,11.59,1.68,185.96,165.78,250,8132.37,35462.00,510,1.0000,3.0000,0,200,0,600,0.000000,0.050000,485,0.00,162.00,0.00,162.00,0.00,0.00,0.00,0.00,0
NDX100,PERIOD_H1,15,0,15:00,60,BREAKOUT,2.00,0.10,194,3.00,1.1641,522,740,0.053905,513,28,0.054581,485,226,46.60,-554.22,17666.58,-18220.80,0.97,18.15,-0.52,185.86,554.81,250,8132.37,35462.00,510,1.0000,3.0000,0,200,0,600,0.000000,0.050000,485,0.00,522.00,0.00,522.00,0.00,0.00,0.00,0.00,0
NDX100,PERIOD_H1,15,0,15:00,60,BREAKOUT,2.00,0.10,196,2.50,1.1345,263,753,0.000775,488,0,0.000000,486,232,47.74,2210.69,22376.68,-20165.99,1.11,12.59,1.77,185.77,289.90,250,8132.37,35462.00,510,1.0000,3.0000,0,200,0,600,0.000000,0.050000,486,0.00,263.00,0.00,263.00,0.00,0.00,0.00,0.00,0
NDX100,PERIOD_H1,15,0,15:00,60,BREAKOUT,2.00,0.10,360,3.00,1.2964,193,1638,0.044185,508,21,0.041339,485,228,47.01,2239.59,22586.15,-20346.56,1.11,12.38,1.82,185.82,252.28,250,8132.37,35462.00,510,1.0000,3.0000,0,200,0,600,0.000000,0.050000,485,0.00,193.00,0.00,193.00,0.00,0.00,0.00,0.00,0
NDX100,PERIOD_H1,15,0,15:00,60,BREAKOUT,2.00,0.10,367,1.00,1.0755,123,436,0.029116,503,16,0.031809,485,234,48.25,3822.98,24816.87,-20993.89,1.18,13.02,2.86,185.79,138.10,250,8132.37,35462.00,510,1.0000,3.0000,0,200,0,600,0.000000,0.050000,485,0.00,123.00,0.00,123.00,0.00,0.00,0.00,0.00,0
NDX100,PERIOD_H1,15,0,15:00,60,BREAKOUT,2.00,0.10,36,1.00,1.0095,9,165,0.025556,502,12,0.023904,488,234,47.95,3084.90,24349.67,-21264.77,1.15,16.00,2.36,186.19,10.90,250,8132.37,35462.00,510,1.0000,3.0000,0,200,0,600,0.000000,0.050000,488,0.00,9.00,0.00,9.00,0.00,0.00,0.00,0.00,0
NDX100,PERIOD_H1,15,0,15:00,60,BREAKOUT,2.00,0.10,364,2.00,1.1872,253,109,0.037925,510,23,0.045098,485,233,48.04,1943.32,22226.60,-20283.28,1.10,17.05,1.57,185.92,290.45,250,8132.37,35462.00,510,1.0000,3.0000,0,200,0,600,0.000000,0.050000,485,0.00,253.00,0.00,253.00,0.00,0.00,0.00,0.00,0
NDX100,PERIOD_H1,15,0,15:00,60,BREAKOUT,2.00,0.10,198,2.00,1.1045,73,710,0.047649,521,33,0.063340,486,233,47.94,2095.97,22501.94,-20405.97,1.10,13.18,1.70,185.82,93.91,250,8132.37,35462.00,510,1.0000,3.0000,0,200,0,600,0.000000,0.050000,486,0.00,73.00,0.00,73.00,0.00,0.00,0.00,0.00,0
NDX100,PERIOD_H1,15,0,15:00,60,BREAKOUT,2.00,0.10,365,1.50,1.1314,288,572,0.008519,493,6,0.012170,485,231,47.63,2179.63,22157.68,-19978.05,1.11,14.27,1.76,185.77,314.28,250,8132.37,35462.00,510,1.0000,3.0000,0,200,0,600,0.000000,0.050000,485,0.00,288.00,0.00,288.00,0.00,0.00,0.00,0.00,0
NDX100,PERIOD_H1,15,0,15:00,60,BREAKOUT,2.00,0.10,30,2.50,1.0270,38,5,0.010498,494,4,0.008097,489,233,47.65,2611.97,24303.63,-21691.66,1.12,16.01,2.01,185.92,43.40,250,8132.37,35462.00,510,1.0000,3.0000,0,200,0,600,0.000000,0.050000,489,0.00,38.00,0.00,38.00,0.00,0.00,0.00,0.00,0
NDX100,PERIOD_H1,15,0,15:00,60,BREAKOUT,2.00,0.10,29,3.00,1.0325,449,825,0.037065,499,12,0.024048,486,232,47.74,2387.27,22459.40,-20072.13,1.12,14.88,1.91,185.76,455.49,250,8132.37,35462.00,510,1.0000,3.0000,0,200,0,600,0.000000,0.050000,486,0.00,449.00,0.00,449.00,0.00,0.00,0.00,0.00,0
NDX100,PERIOD_H1,15,0,15:00,60,BREAKOUT,2.00,0.10,202,1.00,1.0426,99,464,0.020695,496,7,0.014113,487,231,47.43,3042.18,24256.88,-21214.70,1.14,13.75,2.33,185.67,107.52,250,8132.37,35462.00,510,1.0000,3.0000,0,200,0,600,0.000000,0.050000,487,0.00,99.00,0.00,99.00,0.00,0.00,0.00,0.00,0
NDX100,PERIOD_H1,15,0,15:00,60,BREAKOUT,2.00,0.10,34,1.50,1.0159,116,166,0.003179,491,1,0.002037,488,235,48.16,2924.10,24031.81,-21107.71,1.14,15.74,2.25,186.41,119.18,250,8132.37,35462.00,510,1.0000,3.0000,0,200,0,600,0.000000,0.050000,488,0.00,116.00,0.00,116.00,0.00,0.00,0.00,0.00,0
NDX100,PERIOD_H1,15,0,15:00,60,BREAKOUT,2.00,0.10,361,2.50,1.2414,325,682,0.017618,493,7,0.014199,484,230,47.52,1995.51,22014.48,-20018.97,1.10,14.91,1.62,185.95,373.28,250,8132.37,35462.00,510,1.0000,3.0000,0,200,0,600,0.000000,0.050000,484,0.00,325.00,0.00,325.00,0.00,0.00,0.00,0.00,0
NDX100,PERIOD_H1,15,0,15:00,60,BREAKOUT,2.00,0.10,200,1.50,1.0738,252,614,0.070889,521,34,0.065259,486,231,47.53,1680.87,21749.64,-20068.77,1.08,12.37,1.39,185.94,266.76,250,8132.37,35462.00,510,1.0000,3.0000,0,200,0,600,0.000000,0.050000,486,0.00,252.00,0.00,252.00,0.00,0.00,0.00,0.00,0
NDX100,PERIOD_H1,15,0,15:00,60,BREAKOUT,2.00,0.10,32,2.00,1.0218,293,112,0.057372,515,29,0.056311,484,233,48.14,2538.82,22656.30,-20117.48,1.13,14.00,1.98,185.89,297.36,250,8132.37,35462.00,510,1.0000,3.0000,0,200,0,600,0.000000,0.050000,484,0.00,293.00,0.00,293.00,0.00,0.00,0.00,0.00,0
NDX100,PERIOD_H1,15,0,15:00,60,BREAKOUT,2.00,0.10,195,3.00,1.1648,119,1722,0.027342,510,21,0.041176,487,229,47.02,2266.04,22882.41,-20616.37,1.11,12.87,1.83,185.95,151.96,250,8132.37,35462.00,510,1.0000,3.0000,0,200,0,600,0.000000,0.050000,487,0.00,119.00,0.00,119.00,0.00,0.00,0.00,0.00,0
NDX100,PERIOD_H1,15,0,15:00,60,BREAKOUT,2.00,0.10,197,2.50,1.1351,427,70,0.074212,522,37,0.070881,485,231,47.63,1689.34,21353.42,-19664.08,1.09,17.07,1.41,185.63,454.02,250,8132.37,35462.00,510,1.0000,3.0000,0,200,0,600,0.000000,0.050000,485,0.00,427.00,0.00,427.00,0.00,0.00,0.00,0.00,0
NDX100,PERIOD_H1,15,0,15:00,60,BREAKOUT,2.00,0.10,361,3.00,1.2971,389,819,0.017618,493,8,0.016227,484,229,47.31,1723.53,21398.05,-19674.52,1.09,14.47,1.43,185.89,448.43,250,8132.37,35462.00,510,1.0000,3.0000,0,200,0,600,0.000000,0.050000,484,0.00,389.00,0.00,389.00,0.00,0.00,0.00,0.00,0
NDX100,PERIOD_H1,15,0,15:00,60,BREAKOUT,2.00,0.10,368,1.00,1.0757,189,163,0.015833,500,11,0.022000,487,231,47.43,2719.52,23381.27,-20661.75,1.13,13.78,2.11,186.37,204.14,250,8132.37,35462.00,510,1.0000,3.0000,0,200,0,600,0.000000,0.050000,487,0.00,189.00,0.00,189.00,0.00,0.00,0.00,0.00,0
NDX100,PERIOD_H1,15,0,15:00,60,BREAKOUT,2.00,0.10,37,1.00,1.0097,74,492,0.012273,493,3,0.006085,488,231,47.34,2589.39,23491.49,-20902.10,1.12,13.50,2.02,185.78,75.94,250,8132.37,35462.00,510,1.0000,3.0000,0,200,0,600,0.000000,0.050000,488,0.00,74.00,0.00,74.00,0.00,0.00,0.00,0.00,0
NDX100,PERIOD_H1,15,0,15:00,60,BREAKOUT,2.00,0.10,365,2.00,1.1877,384,763,0.011359,494,7,0.014170,485,228,47.01,1395.90,20867.14,-19471.24,1.07,14.95,1.18,185.65,421.54,250,8132.37,35462.00,510,1.0000,3.0000,0,200,0,600,0.000000,0.050000,485,0.00,384.00,0.00,384.00,0.00,0.00,0.00,0.00,0
NDX100,PERIOD_H1,15,0,15:00,60,BREAKOUT,2.00,0.10,199,2.00,1.1050,204,165,0.021082,502,13,0.025896,487,235,48.25,3221.17,23758.97,-20537.80,1.16,13.19,2.48,186.13,225.00,250,8132.37,35462.00,510,1.0000,3.0000,0,200,0,600,0.000000,0.050000,487,0.00,204.00,0.00,204.00,0.00,0.00,0.00,0.00,0
NDX100,PERIOD_H1,15,0,15:00,60,BREAKOUT,2.00,0.10,366,1.50,1.1317,87,163,0.063597,518,31,0.059846,485,229,47.22,2167.69,22911.72,-20744.03,1.10,15.52,1.74,186.37,113.34,250,8132.37,35462.00,510,1.0000,3.0000,0,200,0,600,0.000000,0.050000,485,0.00,87.00,0.00,87.00,0.00,0.00,0.00,0.00,0
NDX100,PERIOD_H1,15,0,15:00,60,BREAKOUT,2.00,0.10,30,3.00,1.0332,46,6,0.010498,494,4,0.008097,489,233,47.65,2752.57,24363.68,-21611.11,1.13,16.02,2.12,186.04,52.64,250,8132.37,35462.00,510,1.0000,3.0000,0,200,0,600,0.000000,0.050000,489,0.00,46.00,0.00,46.00,0.00,0.00,0.00,0.00,0
NDX100,PERIOD_H1,15,0,15:00,60,BREAKOUT,2.00,0.10,31,2.50,1.0276,202,823,0.083935,542,55,0.101476,485,228,47.01,1657.95,20765.74,-19107.79,1.09,10.72,1.43,185.82,206.91,250,8132.37,35462.00,510,1.0000,3.0000,0,200,0,600,0.000000,0.050000,485,0.00,202.00,0.00,202.00,0.00,0.00,0.00,0.00,0
NDX100,PERIOD_H1,15,0,15:00,60,BREAKOUT,2.00,0.10,203,1.00,1.0428,165,191,0.007411,493,3,0.006085,488,235,48.16,3007.86,24197.39,-21189.53,1.14,15.16,2.31,186.60,173.56,250,8132.37,35462.00,510,1.0000,3.0000,0,200,0,600,0.000000,0.050000,488,0.00,165.00,0.00,165.00,0.00,0.00,0.00,0.00,0
NDX100,PERIOD_H1,15,0,15:00,60,BREAKOUT,2.00,0.10,35,1.50,1.0162,215,656,0.058259,521,34,0.065259,485,230,47.42,2480.01,22866.37,-20386.36,1.12,10.97,2.00,186.15,218.25,250,8132.37,35462.00,510,1.0000,3.0000,0,200,0,600,0.000000,0.050000,485,0.00,215.00,0.00,215.00,0.00,0.00,0.00,0.00,0
NDX100,PERIOD_H1,15,0,15:00,60,BREAKOUT,2.00,0.10,362,2.50,1.2420,489,0,0.091055,538,56,0.104089,482,231,47.93,1282.72,20491.79,-19209.07,1.07,17.30,1.11,187.54,537.40,250,8132.37,35462.00,510,1.0000,3.0000,0,200,0,600,0.000000,0.050000,482,0.00,489.00,0.00,489.00,0.00,0.00,0.00,0.00,0
NDX100,PERIOD_H1,15,0,15:00,60,BREAKOUT,2.00,0.10,201,1.50,1.0742,50,205,0.050967,516,28,0.054264,487,235,48.25,2993.74,24533.59,-21539.85,1.14,15.97,2.36,186.37,64.85,250,8132.37,35462.00,510,1.0000,3.0000,0,200,0,600,0.000000,0.050000,487,0.00,50.00,0.00,50.00,0.00,0.00,0.00,0.00,0
NDX100,PERIOD_H1,15,0,15:00,60,BREAKOUT,2.00,0.10,33,2.00,1.0223,24,767,0.030805,504,15,0.029762,487,230,47.23,1728.15,22157.27,-20429.12,1.08,14.56,1.41,185.79,28.46,250,8132.37,35462.00,510,1.0000,3.0000,0,200,0,600,0.000000,0.050000,487,0.00,24.00,0.00,24.00,0.00,0.00,0.00,0.00,0
NDX100,PERIOD_H1,15,0,15:00,60,BREAKOUT,2.00,0.10,196,3.00,1.1655,316,903,0.000775,488,0,0.000000,486,230,47.33,1672.75,21529.34,-19856.59,1.08,15.39,1.38,186.05,349.11,250,8132.37,35462.00,510,1.0000,3.0000,0,200,0,600,0.000000,0.050000,486,0.00,316.00,0.00,316.00,0.00,0.00,0.00,0.00,0
NDX100,PERIOD_H1,15,0,15:00,60,BREAKOUT,2.00,0.10,198,2.50,1.1359,91,888,0.047649,521,33,0.063340,486,233,47.94,2077.85,22367.90,-20290.05,1.10,12.51,1.69,186.17,118.18,250,8132.37,35462.00,510,1.0000,3.0000,0,200,0,600,0.000000,0.050000,486,0.00,91.00,0.00,91.00,0.00,0.00,0.00,0.00,0
NDX100,PERIOD_H1,15,0,15:00,60,BREAKOUT,2.00,0.10,369,1.00,1.0759,55,490,0.002550,490,0,0.000000,488,232,47.54,2860.58,23963.49,-21102.91,1.14,13.32,2.21,185.78,70.17,250,8132.37,35462.00,510,1.0000,3.0000,0,200,0,600,0.000000,0.050000,488,0.00,55.00,0.00,55.00,0.00,0.00,0.00,0.00,0
NDX100,PERIOD_H1,15,0,15:00,60,BREAKOUT,2.00,0.10,362,3.00,1.2979,586,0,0.091055,536,57,0.106343,479,230,48.02,1106.30,19993.45,-18887.15,1.06,17.09,0.97,187.61,645.57,250,8132.37,35462.00,510,1.0000,3.0000,0,200,0,600,0.000000,0.050000,479,0.00,586.00,0.00,586.00,0.00,0.00,0.00,0.00,0
NDX100,PERIOD_H1,15,0,15:00,60,BREAKOUT,2.00,0.10,38,1.00,1.0099,140,219,0.048993,520,31,0.059615,487,237,48.67,3271.95,24527.37,-21255.42,1.15,15.24,2.50,185.81,141.98,250,8132.37,35462.00,510,1.0000,3.0000,0,200,0,600,0.000000,0.050000,487,0.00,140.00,0.00,140.00,0.00,0.00,0.00,0.00,0
NDX100,PERIOD_H1,15,0,15:00,60,BREAKOUT,2.00,0.10,366,2.00,1.1881,116,217,0.084796,526,41,0.077947,483,227,47.00,2146.22,22810.05,-20663.83,1.10,14.45,1.73,186.36,153.63,250,8132.37,35462.00,510,1.0000,3.0000,0,200,0,600,0.000000,0.050000,483,0.00,116.00,0.00,116.00,0.00,0.00,0.00,0.00,0
NDX100,PERIOD_H1,15,0,15:00,60,BREAKOUT,2.00,0.10,200,2.00,1.1054,335,819,0.094519,529,44,0.083176,484,228,47.11,1106.87,20688.27,-19581.40,1.06,15.33,0.96,185.72,356.09,250,8132.37,35462.00,510,1.0000,3.0000,0,200,0,600,0.000000,0.050000,484,0.00,335.00,0.00,335.00,0.00,0.00,0.00,0.00,0
NDX100,PERIOD_H1,15,0,15:00,60,BREAKOUT,2.00,0.10,367,1.50,1.1321,185,653,0.043674,512,26,0.050781,484,231,47.73,2864.81,22569.38,-19704.57,1.15,11.64,2.25,186.13,211.43,250,8132.37,35462.00,510,1.0000,3.0000,0,200,0,600,0.000000,0.050000,484,0.00,185.00,0.00,185.00,0.00,0.00,0.00,0.00,0
NDX100,PERIOD_H1,15,0,15:00,60,BREAKOUT,2.00,0.10,204,1.00,1.0430,30,518,0.044131,499,11,0.022044,486,232,47.74,3006.96,23722.21,-20715.25,1.15,12.47,2.30,185.76,38.59,250,8132.37,35462.00,510,1.0000,3.0000,0,200,0,600,0.000000,0.050000,486,0.00,30.00,0.00,30.00,0.00,0.00,0.00,0.00,0
NDX100,PERIOD_H1,15,0,15:00,60,BREAKOUT,2.00,0.10,31,3.00,1.0339,242,987,0.083935,542,55,0.101476,485,227,46.80,836.07,19532.12,-18696.05,1.04,14.21,0.75,186.07,248.04,250,8132.37,35462.00,510,1.0000,3.0000,0,200,0,600,0.000000,0.050000,485,0.00,242.00,0.00,242.00,0.00,0.00,0.00,0.00,0
NDX100,PERIOD_H1,15,0,15:00,60,BREAKOUT,2.00,0.10,32,2.50,1.0284,366,140,0.057372,515,30,0.058252,483,233,48.24,2793.51,22543.76,-19750.25,1.14,16.12,2.19,186.20,371.67,250,8132.37,35462.00,510,1.0000,3.0000,0,200,0,600,0.000000,0.050000,483,0.00,366.00,0.00,366.00,0.00,0.00,0.00,0.00,0
NDX100,PERIOD_H1,15,0,15:00,60,BREAKOUT,2.00,0.10,36,1.50,1.0167,13,247,0.038334,511,23,0.045010,486,232,47.74,2888.56,23699.95,-20811.39,1.14,15.71,2.25,186.26,15.97,250,8132.37,35462.00,510,1.0000,3.0000,0,200,0,600,0.000000,0.050000,486,0.00,13.00,0.00,13.00,0.00,0.00,0.00,0.00,0
NDX100,PERIOD_H1,15,0,15:00,60,BREAKOUT,2.00,0.10,363,2.50,1.2428,153,818,0.064492,526,38,0.072243,486,230,47.33,1700.30,21371.43,-19671.13,1.09,11.90,1.41,185.35,201.56,250,8132.37,35462.00,510,1.0000,3.0000,0,200,0,600,0.000000,0.050000,486,0.00,153.00,0.00,153.00,0.00,0.00,0.00,0.00,0
NDX100,PERIOD_H1,15,0,15:00,60,BREAKOUT,2.00,0.10,202,1.50,1.0746,148,695,0.031042,503,15,0.029821,486,229,47.12,2571.13,23347.42,-20776.29,1.12,12.90,2.02,185.58,162.91,250,8132.37,35462.00,510,1.0000,3.0000,0,200,0,600,0.000000,0.050000,486,0.00,148.00,0.00,148.00,0.00,0.00,0.00,0.00,0
NDX100,PERIOD_H1,15,0,15:00,60,BREAKOUT,2.00,0.10,34,2.00,1.0227,155,221,0.004239,492,2,0.004065,488,235,48.16,2962.01,24000.62,-21038.61,1.14,14.85,2.27,186.24,159.55,250,8132.37,35462.00,510,1.0000,3.0000,0,200,0,600,0.000000,0.050000,488,0.00,155.00,0.00,155.00,0.00,0.00,0.00,0.00,0
NDX100,PERIOD_H1,15,0,15:00,60,BREAKOUT,2.00,0.10,197,3.00,1.1663,513,84,0.074212,520,37,0.071154,483,231,47.83,1261.12,20701.42,-19440.30,1.06,17.15,1.08,185.82,546.25,250,8132.37,35462.00,510,1.0000,3.0000,0,200,0,600,0.000000,0.050000,483,0.00,513.00,0.00,513.00,0.00,0.00,0.00,0.00,0
NDX100,PERIOD_H1,15,0,15:00,60,BREAKOUT,2.00,0.10,199,2.50,1.1365,255,206,0.021082,501,13,0.025948,486,236,48.56,3006.70,23286.92,-20280.22,1.15,13.96,2.35,186.21,282.30,250,8132.37,35462.00,510,1.0000,3.0000,0,200,0,600,0.000000,0.050000,486,0.00,255.00,0.00,255.00,0.00,0.00,0.00,0.00,0
NDX100,PERIOD_H1,15,0,15:00,60,BREAKOUT,2.00,0.10,370,1.00,1.0761,120,217,0.039270,513,24,0.046784,487,236,48.46,3496.41,24594.30,-21097.89,1.17,13.19,2.65,186.01,135.21,250,8132.37,35462.00,510,1.0000,3.0000,0,200,0,600,0.000000,0.050000,487,0.00,120.00,0.00,120.00,0.00,0.00,0.00,0.00,0
NDX100,PERIOD_H1,15,0,15:00,60,BREAKOUT,2.00,0.10,363,3.00,1.2988,183,982,0.064492,526,38,0.072243,486,229,47.12,1089.87,20508.13,-19418.26,1.06,15.15,0.93,185.89,242.77,250,8132.37,35462.00,510,1.0000,3.0000,0,200,0,600,0.000000,0.050000,486,0.00,183.00,0.00,183.00,0.00,0.00,0.00,0.00,0
NDX100,PERIOD_H1,15,0,15:00,60,BREAKOUT,2.00,0.10,39,1.00,1.0101,6,546,0.035710,509,21,0.041257,487,235,48.25,2916.99,23916.16,-20999.17,1.14,14.10,2.25,185.85,7.79,250,8132.37,35462.00,510,1.0000,3.0000,0,200,0,600,0.000000,0.050000,487,0.00,6.00,0.00,6.00,0.00,0.00,0.00,0.00,0
NDX100,PERIOD_H1,15,0,15:00,60,BREAKOUT,2.00,0.10,367,2.00,1.1888,247,871,0.058232,516,32,0.062016,482,232,48.13,2741.20,22272.28,-19531.08,1.14,11.38,2.20,185.90,284.75,250,8132.37,35462.00,510,1.0000,3.0000,0,200,0,600,0.000000,0.050000,482,0.00,247.00,0.00,247.00,0.00,0.00,0.00,0.00,0
NDX100,PERIOD_H1,15,0,15:00,60,BREAKOUT,2.00,0.10,201,2.00,1.1061,67,273,0.067956,526,38,0.072243,487,232,47.64,3190.94,24779.23,-21588.29,1.15,15.37,2.50,186.85,88.21,250,8132.37,35462.00,510,1.0000,3.0000,0,200,0,600,0.000000,0.050000,487,0.00,67.00,0.00,67.00,0.00,0.00,0.00,0.00,0
NDX100,PERIOD_H1,15,0,15:00,60,BREAKOUT,2.00,0.10,368,1.50,1.1325,284,244,0.023750,501,15,0.029940,484,230,47.52,2498.28,22753.52,-20255.24,1.12,16.26,1.96,186.62,310.49,250,8132.37,35462.00,510,1.0000,3.0000,0,200,0,600,0.000000,0.050000,484,0.00,284.00,0.00,284.00,0.00,0.00,0.00,0.00,0
NDX100,PERIOD_H1,15,0,15:00,60,BREAKOUT,2.00,0.10,205,1.00,1.0432,96,245,0.030848,509,21,0.041257,486,235,48.35,2916.16,23692.89,-20776.73,1.14,15.09,2.26,186.20,104.64,250,8132.37,35462.00,510,1.0000,3.0000,0,200,0,600,0.000000,0.050000,486,0.00,96.00,0.00,96.00,0.00,0.00,0.00,0.00,0
NDX100,PERIOD_H1,15,0,15:00,60,BREAKOUT,2.00,0.10,33,2.50,1.0290,30,958,0.030805,504,15,0.029762,487,229,47.02,1354.77,21737.01,-20382.24,1.07,17.08,1.12,186.30,35.79,250,8132.37,35462.00,510,1.0000,3.0000,0,200,0,600,0.000000,0.050000,487,0.00,30.00,0.00,30.00,0.00,0.00,0.00,0.00,0
NDX100,PERIOD_H1,15,0,15:00,60,BREAKOUT,2.00,0.10,32,3.00,1.0349,439,168,0.057372,514,30,0.058366,483,232,48.03,2478.98,21960.82,-19481.84,1.13,16.08,1.98,186.52,445.98,250,8132.37,35462.00,510,1.0000,3.0000,0,200,0,600,0.000000,0.050000,483,0.00,439.00,0.00,439.00,0.00,0.00,0.00,0.00,0
NDX100,PERIOD_H1,15,0,15:00,60,BREAKOUT,2.00,0.10,37,1.50,1.0170,112,738,0.018410,496,6,0.012097,488,231,47.34,2212.06,22820.80,-20608.74,1.11,13.40,1.77,185.77,115.40,250,8132.37,35462.00,510,1.0000,3.0000,0,200,0,600,0.000000,0.050000,488,0.00,112.00,0.00,112.00,0.00,0.00,0.00,0.00,0
NDX100,PERIOD_H1,15,0,15:00,60,BREAKOUT,2.00,0.10,364,2.50,1.2434,317,136,0.037925,509,22,0.043222,485,233,48.04,2164.30,22227.08,-20062.78,1.11,18.00,1.76,186.21,365.68,250,8132.37,35462.00,510,1.0000,3.0000,0,200,0,600,0.000000,0.050000,485,0.00,317.00,0.00,317.00,0.00,0.00,0.00,0.00,0
NDX100,PERIOD_H1,15,0,15:00,60,BREAKOUT,2.00,0.10,203,1.50,1.0749,247,286,0.011117,493,4,0.008114,487,234,48.05,2357.75,22806.62,-20448.87,1.12,14.88,1.87,186.43,261.98,250,8132.37,35462.00,510,1.0000,3.0000,0,200,0,600,0.000000,0.050000,487,0.00,247.00,0.00,247.00,0.00,0.00,0.00,0.00,0
NDX100,PERIOD_H1,15,0,15:00,60,BREAKOUT,2.00,0.10,198,3.00,1.1672,110,1066,0.047649,521,33,0.063340,486,232,47.74,1985.78,22223.60,-20237.82,1.10,12.49,1.62,186.13,143.45,250,8132.37,35462.00,510,1.0000,3.0000,0,200,0,600,0.000000,0.050000,486,0.00,110.00,0.00,110.00,0.00,0.00,0.00,0.00,0
NDX100,PERIOD_H1,15,0,15:00,60,BREAKOUT,2.00,0.10,35,2.00,1.0232,286,875,0.077679,527,44,0.083491,481,228,47.40,1652.97,21353.77,-19700.80,1.08,11.97,1.40,186.54,290.64,250,8132.37,35462.00,510,1.0000,3.0000,0,200,0,600,0.000000,0.050000,481,0.00,286.00,0.00,286.00,0.00,0.00,0.00,0.00,0
NDX100,PERIOD_H1,15,0,15:00,60,BREAKOUT,2.00,0.10,200,2.50,1.1371,419,1024,0.094519,528,44,0.083333,483,224,46.38,614.62,19885.55,-19270.93,1.03,17.54,0.55,185.88,446.41,250,8132.37,35462.00,510,1.0000,3.0000,0,200,0,600,0.000000,0.050000,483,0.00,419.00,0.00,419.00,0.00,0.00,0.00,0.00,0
NDX100,PERIOD_H1,15,0,15:00,60,BREAKOUT,2.00,0.10,371,1.00,1.0763,186,544,0.025987,502,12,0.023904,488,230,47.13,2547.66,22768.39,-20220.73,1.13,11.74,2.02,185.94,201.26,250,8132.37,35462.00,510,1.0000,3.0000,0,200,0,600,0.000000,0.050000,488,0.00,186.00,0.00,186.00,0.00,0.00,0.00,0.00,0
NDX100,PERIOD_H1,15,0,15:00,60,BREAKOUT,2.00,0.10,40,1.00,1.0103,71,273,0.022427,507,18,0.035503,487,234,48.05,3476.27,24896.08,-21419.81,1.16,15.56,2.64,186.63,73.06,250,8132.37,35462.00,510,1.0000,3.0000,0,200,0,600,0.000000,0.050000,487,0.00,71.00,0.00,71.00,0.00,0.00,0.00,0.00,0
NDX100,PERIOD_H1,15,0,15:00,60,BREAKOUT,2.00,0.10,364,3.00,1.2996,380,163,0.037925,509,22,0.043222,485,235,48.45,2761.31,22739.64,-19978.33,1.14,15.46,2.20,186.46,439.91,250,8132.37,35462.00,510,1.0000,3.0000,0,200,0,600,0.000000,0.050000,485,0.00,380.00,0.00,380.00,0.00,0.00,0.00,0.00,0
NDX100,PERIOD_H1,15,0,15:00,60,BREAKOUT,2.00,0.10,368,2.00,1.1892,378,325,0.031666,505,19,0.037624,484,229,47.31,1798.57,21620.26,-19821.69,1.09,17.19,1.48,186.48,415.84,250,8132.37,35462.00,510,1.0000,3.0000,0,200,0,600,0.000000,0.050000,484,0.00,378.00,0.00,378.00,0.00,0.00,0.00,0.00,0
NDX100,PERIOD_H1,15,0,15:00,60,BREAKOUT,2.00,0.10,202,2.00,1.1065,198,927,0.041389,507,19,0.037475,486,228,46.91,2129.78,22234.87,-20105.09,1.11,11.86,1.72,185.79,219.30,250,8132.37,35462.00,510,1.0000,3.0000,0,200,0,600,0.000000,0.050000,486,0.00,198.00,0.00,198.00,0.00,0.00,0.00,0.00,0
NDX100,PERIOD_H1,15,0,15:00,60,BREAKOUT,2.00,0.10,206,1.00,1.0434,161,572,0.017565,497,7,0.014085,488,233,47.75,2995.24,23666.33,-20671.09,1.14,12.66,2.31,185.75,169.68,250,8132.37,35462.00,510,1.0000,3.0000,0,200,0,600,0.000000,0.050000,488,0.00,161.00,0.00,161.00,0.00,0.00,0.00,0.00,0
NDX100,PERIOD_H1,15,0,15:00,60,BREAKOUT,2.00,0.10,34,2.50,1.0296,194,276,0.004239,492,2,0.004065,488,233,47.75,2550.76,23048.69,-20497.93,1.12,14.28,1.99,186.61,199.91,250,8132.37,35462.00,510,1.0000,3.0000,0,200,0,600,0.000000,0.050000,488,0.00,194.00,0.00,194.00,0.00,0.00,0.00,0.00,0
NDX100,PERIOD_H1,15,0,15:00,60,BREAKOUT,2.00,0.10,369,1.50,1.1328,82,735,0.003825,490,0,0.000000,488,232,47.54,2663.39,23552.63,-20889.24,1.13,13.42,2.07,185.79,108.55,250,8132.37,35462.00,510,1.0000,3.0000,0,200,0,600,0.000000,0.050000,488,0.00,82.00,0.00,82.00,0.00,0.00,0.00,0.00,0
NDX100,PERIOD_H1,15,0,15:00,60,BREAKOUT,2.00,0.10,33,3.00,1.0356,36,1150,0.030805,504,15,0.029762,487,230,47.23,1679.74,22063.39,-20383.65,1.08,14.64,1.39,186.22,43.13,250,8132.37,35462.00,510,1.0000,3.0000,0,200,0,600,0.000000,0.050000,487,0.00,36.00,0.00,36.00,0.00,0.00,0.00,0.00,0
NDX100,PERIOD_H1,15,0,15:00,60,BREAKOUT,2.00,0.10,38,1.50,1.0173,210,328,0.073489,531,43,0.080979,486,235,48.35,2243.56,22156.32,-19912.76,1.11,13.46,1.79,185.88,213.46,250,8132.37,35462.00,510,1.0000,3.0000,0,200,0,600,0.000000,0.050000,486,0.00,210.00,0.00,210.00,0.00,0.00,0.00,0.00,0
NDX100,PERIOD_H1,15,0,15:00,60,BREAKOUT,2.00,0.10,365,2.50,1.2440,481,953,0.011359,491,7,0.014257,484,229,47.31,1183.72,20528.27,-19344.55,1.06,15.40,1.02,186.48,529.80,250,8132.37,35462.00,510,1.0000,3.0000,0,200,0,600,0.000000,0.050000,484,0.00,481.00,0.00,481.00,0.00,0.00,0.00,0.00,0
NDX100,PERIOD_H1,15,0,15:00,60,BREAKOUT,2.00,0.10,204,1.50,1.0752,45,777,0.066197,508,20,0.039370,486,234,48.15,3276.63,23960.47,-20683.84,1.16,12.66,2.51,185.65,60.04,250,8132.37,35462.00,510,1.0000,3.0000,0,200,0,600,0.000000,0.050000,486,0.00,45.00,0.00,45.00,0.00,0.00,0.00,0.00,0
NDX100,PERIOD_H1,15,0,15:00,60,BREAKOUT,2.00,0.10,199,3.00,1.1680,306,247,0.021082,500,14,0.028000,484,233,48.14,2521.62,22462.45,-19940.83,1.13,16.54,2.02,186.42,339.59,250,8132.37,35462.00,510,1.0000,3.0000,0,200,0,600,0.000000,0.050000,484,0.00,306.00,0.00,306.00,0.00,0.00,0.00,0.00,0
NDX100,PERIOD_H1,15,0,15:00,60,BREAKOUT,2.00,0.10,36,2.00,1.0238,18,329,0.051112,517,29,0.056093,486,231,47.53,2596.31,23350.88,-20754.57,1.13,15.95,2.06,186.14,22.24,250,8132.37,35462.00,510,1.0000,3.0000,0,200,0,600,0.000000,0.050000,486,0.00,18.00,0.00,18.00,0.00,0.00,0.00,0.00,0
NDX100,PERIOD_H1,15,0,15:00,60,BREAKOUT,2.00,0.10,201,2.50,1.1379,83,341,0.067956,525,37,0.070476,487,231,47.43,2926.09,24253.08,-21326.99,1.14,15.36,2.32,186.25,110.57,250,8132.37,35462.00,510,1.0000,3.0000,0,200,0,600,0.000000,0.050000,487,0.00,83.00,0.00,83.00,0.00,0.00,0.00,0.00,0
NDX100,PERIOD_H1,15,0,15:00,60,BREAKOUT,2.00,0.10,372,1.00,1.0765,51,271,0.012703,495,6,0.012121,487,233,47.84,2902.40,24172.90,-21270.50,1.14,15.79,2.25,186.71,66.30,250,8132.37,35462.00,510,1.0000,3.0000,0,200,0,600,0.000000,0.050000,487,0.00,51.00,0.00,51.00,0.00,0.00,0.00,0.00,0
NDX100,PERIOD_H1,15,0,15:00,60,BREAKOUT,2.00,0.10,365,3.00,1.3003,577,1144,0.011359,489,7,0.014315,482,228,47.30,974.91,20003.80,-19028.89,1.05,15.08,0.85,186.15,637.06,250,8132.37,35462.00,510,1.0000,3.0000,0,200,0,600,0.000000,0.050000,482,0.00,577.00,0.00,577.00,0.00,0.00,0.00,0.00,0
NDX100,PERIOD_H1,15,0,15:00,60,BREAKOUT,2.00,0.10,41,1.00,1.0105,137,0,0.009143,494,4,0.008097,489,232,47.44,2441.14,23654.14,-21213.00,1.12,15.11,1.90,187.29,139.10,250,8132.37,35462.00,510,1.0000,3.0000,0,200,0,600,0.000000,0.050000,489,0.00,137.00,0.00,137.00,0.00,0.00,0.00,0.00,0
NDX100,PERIOD_H1,15,0,15:00,60,BREAKOUT,2.00,0.10,369,2.00,1.1897,109,980,0.005100,492,2,0.004065,488,231,47.34,2201.39,22866.64,-20665.25,1.11,15.18,1.75,186.41,146.93,250,8132.37,35462.00,510,1.0000,3.0000,0,200,0,600,0.000000,0.050000,488,0.00,109.00,0.00,109.00,0.00,0.00,0.00,0.00,0
NDX100,PERIOD_H1,15,0,15:00,60,BREAKOUT,2.00,0.10,203,2.00,1.1070,329,381,0.014823,494,6,0.012146,486,230,47.33,1937.48,22008.85,-20071.37,1.10,15.51,1.58,186.38,350.39,250,8132.37,35462.00,510,1.0000,3.0000,0,200,0,600,0.000000,0.050000,486,0.00,329.00,0.00,329.00,0.00,0.00,0.00,0.00,0
NDX100,PERIOD_H1,15,0,15:00,60,BREAKOUT,2.00,0.10,35,2.50,1.0302,358,1094,0.077679,527,44,0.083491,481,226,46.99,1189.03,20565.22,-19376.19,1.06,14.29,1.04,186.25,364.03,250,8132.37,35462.00,510,1.0000,3.0000,0,200,0,600,0.000000,0.050000,481,0.00,358.00,0.00,358.00,0.00,0.00,0.00,0.00,0
NDX100,PERIOD_H1,15,0,15:00,60,BREAKOUT,2.00,0.10,370,1.50,1.1331,180,325,0.058905,520,31,0.059615,487,235,48.25,3023.42,23417.88,-20394.46,1.15,11.99,2.35,186.13,206.62,250,8132.37,35462.00,510,1.0000,3.0000,0,200,0,600,0.000000,0.050000,487,0.00,180.00,0.00,180.00,0.00,0.00,0.00,0.00,0
NDX100,PERIOD_H1,15,0,15:00,60,BREAKOUT,2.00,0.10,34,3.00,1.0364,233,331,0.004239,491,2,0.004073,487,232,47.64,2380.41,22765.37,-20384.96,1.12,14.78,1.88,186.32,240.28,250,8132.37,35462.00,510,1.0000,3.0000,0,200,0,600,0.000000,0.050000,487,0.00,233.00,0.00,233.00,0.00,0.00,0.00,0.00,0
NDX100,PERIOD_H1,15,0,15:00,60,BREAKOUT,2.00,0.10,207,1.00,1.0436,27,299,0.004283,492,2,0.004065,488,233,47.75,2708.51,24003.06,-21294.55,1.13,15.63,2.09,186.40,35.72,250,8132.37,35462.00,510,1.0000,3.0000,0,200,0,600,0.000000,0.050000,488,0.00,27.00,0.00,27.00,0.00,0.00,0.00,0.00,0
NDX100,PERIOD_H1,15,0,15:00,60,BREAKOUT,2.00,0.10,39,1.50,1.0176,8,819,0.053565,517,31,0.059961,484,235,48.55,3152.54,24112.85,-20960.31,1.15,13.30,2.44,185.79,11.14,250,8132.37,35462.00,510,1.0000,3.0000,0,200,0,600,0.000000,0.050000,484,0.00,8.00,0.00,8.00,0.00,0.00,0.00,0.00,0
NDX100,PERIOD_H1,15,0,15:00,60,BREAKOUT,2.00,0.10,366,2.50,1.2446,145,271,0.084796,526,41,0.077947,483,225,46.58,1729.56,21930.19,-20200.63,1.09,14.09,1.42,186.68,193.92,250,8132.37,35462.00,510,1.0000,3.0000,0,200,0,600,0.000000,0.050000,483,0.00,145.00,0.00,145.00,0.00,0.00,0.00,0.00,0
NDX100,PERIOD_H1,15,0,15:00,60,BREAKOUT,2.00,0.10,205,1.50,1.0756,144,367,0.046272,514,27,0.052529,485,235,48.45,3388.97,24287.54,-20898.57,1.16,12.31,2.60,185.97,159.12,250,8132.37,35462.00,510,1.0000,3.0000,0,200,0,600,0.000000,0.050000,485,0.00,144.00,0.00,144.00,0.00,0.00,0.00,0.00,0
NDX100,PERIOD_H1,15,0,15:00,60,BREAKOUT,2.00,0.10,200,3.00,1.1687,503,1228,0.094519,526,44,0.083650,482,225,46.68,639.49,19910.27,-19270.78,1.03,16.05,0.57,186.22,536.74,250,8132.37,35462.00,510,1.0000,3.0000,0,200,0,600,0.000000,0.050000,482,0.00,503.00,0.00,503.00,0.00,0.00,0.00,0.00,0
NDX100,PERIOD_H1,15,0,15:00,60,BREAKOUT,2.00,0.10,37,2.00,1.0243,149,983,0.024546,497,7,0.014085,488,229,46.93,1808.68,22327.47,-20518.79,1.09,15.47,1.47,186.14,153.85,250,8132.37,35462.00,510,1.0000,3.0000,0,200,0,600,0.000000,0.050000,488,0.00,149.00,0.00,149.00,0.00,0.00,0.00,0.00,0
NDX100,PERIOD_H1,15,0,15:00,60,BREAKOUT,2.00,0.10,202,2.50,1.1385,247,1159,0.041389,506,19,0.037549,485,228,47.01,1949.63,21897.63,-19948.00,1.10,12.57,1.59,185.91,274.69,250,8132.37,35462.00,510,1.0000,3.0000,0,200,0,600,0.000000,0.050000,485,0.00,247.00,0.00,247.00,0.00,0.00,0.00,0.00,0
NDX100,PERIOD_H1,15,0,15:00,60,BREAKOUT,2.00,0.10,366,3.00,1.3010,174,325,0.084796,526,41,0.077947,483,226,46.79,1434.10,21494.17,-20060.07,1.07,14.93,1.20,186.40,234.21,250,8132.37,35462.00,510,1.0000,3.0000,0,200,0,600,0.000000,0.050000,483,0.00,174.00,0.00,174.00,0.00,0.00,0.00,0.00,0
NDX100,PERIOD_H1,15,0,15:00,60,BREAKOUT,2.00,0.10,373,1.00,1.0767,117,598,0.049423,506,17,0.033597,487,234,48.05,2211.70,22670.86,-20459.16,1.11,12.70,1.77,185.97,132.33,250,8132.37,35462.00,510,1.0000,3.0000,0,200,0,600,0.000000,0.050000,487,0.00,117.00,0.00,117.00,0.00,0.00,0.00,0.00,0
NDX100,PERIOD_H1,15,0,15:00,60,BREAKOUT,2.00,0.10,42,1.00,1.0107,2,327,0.045863,517,27,0.052224,489,233,47.65,1913.07,22396.82,-20483.75,1.09,16.30,1.54,186.14,4.14,250,8132.37,35462.00,510,1.0000,3.0000,0,200,0,600,0.000000,0.050000,489,0.00,2.00,0.00,2.00,0.00,0.00,0.00,0.00,0
NDX100,PERIOD_H1,15,0,15:00,60,BREAKOUT,2.00,0.10,370,2.00,1.1901,240,434,0.078539,530,42,0.079245,486,235,48.35,3349.59,23709.55,-20359.96,1.16,9.12,2.61,185.60,278.03,250,8132.37,35462.00,510,1.0000,3.0000,0,200,0,600,0.000000,0.050000,486,0.00,240.00,0.00,240.00,0.00,0.00,0.00,0.00,0
NDX100,PERIOD_H1,15,0,15:00,60,BREAKOUT,2.00,0.10,204,2.00,1.1074,60,1036,0.088263,521,34,0.065259,485,229,47.22,2355.46,22509.48,-20154.02,1.12,15.23,1.90,185.85,81.49,250,8132.37,35462.00,510,1.0000,3.0000,0,200,0,600,0.000000,0.050000,485,0.00,60.00,0.00,60.00,0.00,0.00,0.00,0.00,0
NDX100,PERIOD_H1,15,0,15:00,60,BREAKOUT,2.00,0.10,36,2.50,1.0309,22,411,0.051112,517,29,0.056093,486,230,47.33,2526.95,23353.90,-20826.95,1.12,13.49,2.02,185.56,27.51,250,8132.37,35462.00,510,1.0000,3.0000,0,200,0,600,0.000000,0.050000,486,0.00,22.00,0.00,22.00,0.00,0.00,0.00,0.00,0
NDX100,PERIOD_H1,15,0,15:00,60,BREAKOUT,2.00,0.10,371,1.50,1.1335,279,816,0.038980,505,17,0.033663,486,232,47.74,2238.98,22152.30,-19913.32,1.11,12.55,1.82,185.59,305.70,250,8132.37,35462.00,510,1.0000,3.0000,0,200,0,600,0.000000,0.050000,486,0.00,279.00,0.00,279.00,0.00,0.00,0.00,0.00,0
NDX100,PERIOD_H1,15,0,15:00,60,BREAKOUT,2.00,0.10,35,3.00,1.0371,430,1312,0.077679,526,44,0.083650,481,224,46.57,846.19,19936.69,-19090.50,1.04,14.12,0.76,186.59,437.42,250,8132.37,35462.00,510,1.0000,3.0000,0,200,0,600,0.000000,0.050000,481,0.00,430.00,0.00,430.00,0.00,0.00,0.00,0.00,0
NDX100,PERIOD_H1,15,0,15:00,60,BREAKOUT,2.00,0.10,208,1.00,1.0438,93,26,0.041002,513,27,0.052632,485,232,47.84,2669.42,23403.20,-20733.78,1.13,15.18,2.10,185.62,101.75,250,8132.37,35462.00,510,1.0000,3.0000,0,200,0,600,0.000000,0.050000,485,0.00,93.00,0.00,93.00,0.00,0.00,0.00,0.00,0
NDX100,PERIOD_H1,15,0,15:00,60,BREAKOUT,2.00,0.10,40,1.50,1.0181,107,410,0.033640,514,26,0.050584,486,235,48.35,3990.43,25701.30,-21710.87,1.18,12.85,3.02,185.60,110.61,250,8132.37,35462.00,510,1.0000,3.0000,0,200,0,600,0.000000,0.050000,486,0.00,107.00,0.00,107.00,0.00,0.00,0.00,0.00,0
NDX100,PERIOD_H1,15,0,15:00,60,BREAKOUT,2.00,0.10,367,2.50,1.2454,309,1089,0.058232,515,31,0.060194,482,231,47.93,2138.20,21471.01,-19332.81,1.11,14.47,1.77,185.98,358.08,250,8132.37,35462.00,510,1.0000,3.0000,0,200,0,600,0.000000,0.050000,482,0.00,309.00,0.00,309.00,0.00,0.00,0.00,0.00,0
NDX100,PERIOD_H1,15,0,15:00,60,BREAKOUT,2.00,0.10,206,1.50,1.0759,242,858,0.026347,501,12,0.023952,487,232,47.64,2172.28,22245.72,-20073.44,1.11,12.53,1.75,185.93,257.19,250,8132.37,35462.00,510,1.0000,3.0000,0,200,0,600,0.000000,0.050000,487,0.00,242.00,0.00,242.00,0.00,0.00,0.00,0.00,0
NDX100,PERIOD_H1,15,0,15:00,60,BREAKOUT,2.00,0.10,201,3.00,1.1697,100,410,0.067956,524,36,0.068702,487,230,47.23,3088.92,24406.77,-21317.85,1.14,12.89,2.46,185.78,133.94,250,8132.37,35462.00,510,1.0000,3.0000,0,200,0,600,0.000000,0.050000,487,0.00,100.00,0.00,100.00,0.00,0.00,0.00,0.00,0
NDX100,PERIOD_H1,15,0,15:00,60,BREAKOUT,2.00,0.10,203,2.50,1.1391,411,477,0.014823,494,7,0.014170,486,228,46.91,1558.79,21206.76,-19647.97,1.08,15.06,1.31,185.85,438.81,250,8132.37,35462.00,510,1.0000,3.0000,0,200,0,600,0.000000,0.050000,486,0.00,411.00,0.00,411.00,0.00,0.00,0.00,0.00,0
NDX100,PERIOD_H1,15,0,15:00,60,BREAKOUT,2.00,0.10,38,2.00,1.0247,280,438,0.097986,541,57,0.105360,482,236,48.96,2664.18,22654.31,-19990.13,1.13,10.09,2.14,185.71,284.94,250,8132.37,35462.00,510,1.0000,3.0000,0,200,0,600,0.000000,0.050000,482,0.00,280.00,0.00,280.00,0.00,0.00,0.00,0.00,0
NDX100,PERIOD_H1,15,0,15:00,60,BREAKOUT,2.00,0.10,367,3.00,1.3020,370,1307,0.058232,517,33,0.063830,482,229,47.51,1919.48,21051.61,-19132.13,1.10,14.01,1.62,185.91,430.40,250,8132.37,35462.00,510,1.0000,3.0000,0,200,0,600,0.000000,0.050000,482,0.00,370.00,0.00,370.00,0.00,0.00,0.00,0.00,0
NDX100,PERIOD_H1,15,0,15:00,60,BREAKOUT,2.00,0.10,374,1.00,1.0768,183,325,0.036140,508,20,0.039370,486,233,47.94,2660.30,22809.03,-20148.73,1.13,14.03,2.08,186.40,196.68,250,8132.37,35462.00,510,1.0000,3.0000,0,200,0,600,0.000000,0.050000,486,0.00,183.00,0.00,183.00,0.00,0.00,0.00,0.00,0
NDX100,PERIOD_H1,15,0,15:00,60,BREAKOUT,2.00,0.10,43,1.00,1.0109,68,54,0.032580,507,17,0.033531,489,233,47.65,2339.74,23403.12,-21063.38,1.11,15.56,1.84,185.90,70.19,250,8132.37,35462.00,510,1.0000,3.0000,0,200,0,600,0.000000,0.050000,489,0.00,68.00,0.00,68.00,0.00,0.00,0.00,0.00,0
NDX100,PERIOD_H1,15,0,15:00,60,BREAKOUT,2.00,0.10,371,2.00,1.1907,372,1088,0.051973,517,31,0.059961,484,229,47.31,1768.69,21071.55,-19302.86,1.09,14.34,1.50,186.01,410.15,250,8132.37,35462.00,510,1.0000,3.0000,0,200,0,600,0.000000,0.050000,484,0.00,372.00,0.00,372.00,0.00,0.00,0.00,0.00,0
NDX100,PERIOD_H1,15,0,15:00,60,BREAKOUT,2.00,0.10,205,2.00,1.1080,191,490,0.061696,522,36,0.068966,484,230,47.52,1945.65,21594.70,-19649.05,1.10,13.23,1.60,185.62,212.61,250,8132.37,35462.00,510,1.0000,3.0000,0,200,0,600,0.000000,0.050000,484,0.00,191.00,0.00,191.00,0.00,0.00,0.00,0.00,0
NDX100,PERIOD_H1,15,0,15:00,60,BREAKOUT,2.00,0.10,36,3.00,1.0381,26,494,0.051112,517,29,0.056093,486,230,47.33,2324.23,22923.55,-20599.32,1.11,13.48,1.88,185.52,32.78,250,8132.37,35462.00,510,1.0000,3.0000,0,200,0,600,0.000000,0.050000,486,0.00,26.00,0.00,26.00,0.00,0.00,0.00,0.00,0
NDX100,PERIOD_H1,15,0,15:00,60,BREAKOUT,2.00,0.10,37,2.50,1.0315,186,1229,0.024546,497,7,0.014085,488,228,46.72,1951.04,22116.60,-20165.56,1.10,11.74,1.58,186.05,192.31,250,8132.37,35462.00,510,1.0000,3.0000,0,200,0,600,0.000000,0.050000,488,0.00,186.00,0.00,186.00,0.00,0.00,0.00,0.00,0
NDX100,PERIOD_H1,15,0,15:00,60,BREAKOUT,2.00,0.10,209,1.00,1.0440,158,353,0.027718,505,15,0.029703,488,233,47.75,2478.71,23263.20,-20784.49,1.12,14.73,1.96,186.02,166.80,250,8132.37,35462.00,510,1.0000,3.0000,0,200,0,600,0.000000,0.050000,488,0.00,158.00,0.00,158.00,0.00,0.00,0.00,0.00,0
NDX100,PERIOD_H1,15,0,15:00,60,BREAKOUT,2.00,0.10,372,1.50,1.1338,77,407,0.019055,497,8,0.016097,487,232,47.64,3075.93,24362.91,-21286.98,1.14,13.65,2.37,185.93,103.77,250,8132.37,35462.00,510,1.0000,3.0000,0,200,0,600,0.000000,0.050000,487,0.00,77.00,0.00,77.00,0.00,0.00,0.00,0.00,0
NDX100,PERIOD_H1,15,0,15:00,60,BREAKOUT,2.00,0.10,41,1.50,1.0184,205,0,0.013715,495,5,0.010101,489,231,47.24,2334.52,23076.59,-20742.07,1.11,14.27,1.83,187.29,208.67,250,8132.37,35462.00,510,1.0000,3.0000,0,200,0,600,0.000000,0.050000,489,0.00,205.00,0.00,205.00,0.00,0.00,0.00,0.00,0
NDX100,PERIOD_H1,15,0,15:00,60,BREAKOUT,2.00,0.10,368,2.50,1.2460,473,407,0.031666,501,18,0.035928,483,226,46.79,1564.85,21295.73,-19730.88,1.08,14.99,1.32,186.11,522.20,250,8132.37,35462.00,510,1.0000,3.0000,0,200,0,600,0.000000,0.050000,483,0.00,473.00,0.00,473.00,0.00,0.00,0.00,0.00,0
NDX100,PERIOD_H1,15,0,15:00,60,BREAKOUT,2.00,0.10,202,3.00,1.1704,297,1391,0.041389,506,20,0.039526,484,228,47.11,1914.82,21832.99,-19918.17,1.10,15.47,1.57,185.97,331.08,250,8132.37,35462.00,510,1.0000,3.0000,0,200,0,600,0.000000,0.050000,484,0.00,297.00,0.00,297.00,0.00,0.00,0.00,0.00,0
NDX100,PERIOD_H1,15,0,15:00,60,BREAKOUT,2.00,0.10,207,1.50,1.0763,40,449,0.006425,492,2,0.004065,488,231,47.34,2689.21,23864.97,-21175.76,1.13,13.33,2.09,185.80,55.25,250,8132.37,35462.00,510,1.0000,3.0000,0,200,0,600,0.000000,0.050000,488,0.00,40.00,0.00,40.00,0.00,0.00,0.00,0.00,0
NDX100,PERIOD_H1,15,0,15:00,60,BREAKOUT,2.00,0.10,204,2.50,1.1397,75,1295,0.088263,522,35,0.067050,485,230,47.42,2766.35,22922.91,-20156.56,1.14,12.43,2.20,185.96,102.93,250,8132.37,35462.00,510,1.0000,3.0000,0,200,0,600,0.000000,0.050000,485,0.00,75.00,0.00,75.00,0.00,0.00,0.00,0.00,0
NDX100,PERIOD_H1,15,0,15:00,60,BREAKOUT,2.00,0.10,39,2.00,1.0252,11,1092,0.071419,528,45,0.085227,481,236,49.06,3375.27,24014.53,-20639.26,1.16,13.20,2.63,186.14,15.48,250,8132.37,35462.00,510,1.0000,3.0000,0,200,0,600,0.000000,0.050000,481,0.00,11.00,0.00,11.00,0.00,0.00,0.00,0.00,0
NDX100,PERIOD_H1,15,0,15:00,60,BREAKOUT,2.00,0.10,368,3.00,1.3027,567,488,0.031666,499,18,0.036072,481,225,46.78,1185.68,20333.30,-19147.62,1.06,15.02,1.02,186.00,627.55,250,8132.37,35462.00,510,1.0000,3.0000,0,200,0,600,0.000000,0.050000,481,0.00,567.00,0.00,567.00,0.00,0.00,0.00,0.00,0
NDX100,PERIOD_H1,15,0,15:00,60,BREAKOUT,2.00,0.10,44,1.00,1.0111,134,381,0.019297,501,12,0.023952,487,235,48.25,3574.74,24411.49,-20836.75,1.17,13.49,2.69,186.21,136.22,250,8132.37,35462.00,510,1.0000,3.0000,0,200,0,600,0.000000,0.050000,487,0.00,134.00,0.00,134.00,0.00,0.00,0.00,0.00,0
NDX100,PERIOD_H1,15,0,15:00,60,BREAKOUT,2.00,0.10,375,1.00,1.0771,48,52,0.022857,498,9,0.018072,488,234,47.95,2793.61,23952.35,-21158.74,1.13,13.51,2.15,185.90,63.42,250,8132.37,35462.00,510,1.0000,3.0000,0,200,0,600,0.000000,0.050000,488,0.00,48.00,0.00,48.00,0.00,0.00,0.00,0.00,0
NDX100,PERIOD_H1,15,0,15:00,60,BREAKOUT,2.00,0.10,372,2.00,1.1912,103,542,0.025407,499,10,0.020040,487,232,47.64,3011.94,23981.13,-20969.19,1.14,12.92,2.33,186.06,141.24,250,8132.37,35462.00,510,1.0000,3.0000,0,200,0,600,0.000000,0.050000,487,0.00,103.00,0.00,103.00,0.00,0.00,0.00,0.00,0
NDX100,PERIOD_H1,15,0,15:00,60,BREAKOUT,2.00,0.10,206,2.00,1.1085,323,1144,0.035130,503,15,0.029821,486,229,47.12,1601.42,21298.59,-19697.17,1.08,15.05,1.34,186.01,344.70,250,8132.37,35462.00,510,1.0000,3.0000,0,200,0,600,0.000000,0.050000,486,0.00,323.00,0.00,323.00,0.00,0.00,0.00,0.00,0
NDX100,PERIOD_H1,15,0,15:00,60,BREAKOUT,2.00,0.10,210,1.00,1.0442,24,80,0.014437,504,14,0.027778,488,231,47.34,2388.79,23868.91,-21480.12,1.11,15.80,1.88,185.82,32.84,250,8132.37,35462.00,510,1.0000,3.0000,0,200,0,600,0.000000,0.050000,488,0.00,24.00,0.00,24.00,0.00,0.00,0.00,0.00,0
NDX100,PERIOD_H1,15,0,15:00,60,BREAKOUT,2.00,0.10,37,3.00,1.0388,223,1475,0.024546,496,7,0.014113,487,228,46.82,1621.53,21660.57,-20039.04,1.08,12.61,1.34,185.85,230.76,250,8132.37,35462.00,510,1.0000,3.0000,0,200,0,600,0.000000,0.050000,487,0.00,223.00,0.00,223.00,0.00,0.00,0.00,0.00,0
NDX100,PERIOD_H1,15,0,15:00,60,BREAKOUT,2.00,0.10,38,2.50,1.0321,350,547,0.097986,541,57,0.105360,482,234,48.55,1922.25,21191.77,-19269.52,1.10,12.26,1.61,186.15,356.43,250,8132.37,35462.00,510,1.0000,3.0000,0,200,0,600,0.000000,0.050000,482,0.00,350.00,0.00,350.00,0.00,0.00,0.00,0.00,0
NDX100,PERIOD_H1,15,0,15:00,60,BREAKOUT,2.00,0.10,373,1.50,1.1342,176,897,0.074135,526,39,0.074144,486,233,47.94,1218.22,20683.22,-19465.00,1.06,13.75,1.04,186.31,202.83,250,8132.37,35462.00,510,1.0000,3.0000,0,200,0,600,0.000000,0.050000,486,0.00,176.00,0.00,176.00,0.00,0.00,0.00,0.00,0
NDX100,PERIOD_H1,15,0,15:00,60,BREAKOUT,2.00,0.10,42,1.50,1.0187,4,491,0.068795,526,37,0.070342,488,231,47.34,1594.78,21802.32,-20207.54,1.08,13.91,1.32,185.64,7.74,250,8132.37,35462.00,510,1.0000,3.0000,0,200,0,600,0.000000,0.050000,488,0.00,4.00,0.00,4.00,0.00,0.00,0.00,0.00,0
NDX100,PERIOD_H1,15,0,15:00,60,BREAKOUT,2.00,0.10,369,2.50,1.2466,137,1225,0.005100,492,2,0.004065,488,231,47.34,2611.74,23298.16,-20686.42,1.13,11.85,2.04,186.12,186.31,250,8132.37,35462.00,510,1.0000,3.0000,0,200,0,600,0.000000,0.050000,488,0.00,137.00,0.00,137.00,0.00,0.00,0.00,0.00,0
NDX100,PERIOD_H1,15,0,15:00,60,BREAKOUT,2.00,0.10,203,3.00,1.1711,494,572,0.014823,491,6,0.012220,485,228,47.01,1457.82,20992.42,-19534.60,1.07,15.08,1.24,185.93,528.23,250,8132.37,35462.00,510,1.0000,3.0000,0,200,0,600,0.000000,0.050000,485,0.00,494.00,0.00,494.00,0.00,0.00,0.00,0.00,0
NDX100,PERIOD_H1,15,0,15:00,60,BREAKOUT,2.00,0.10,205,2.50,1.1404,239,612,0.061696,521,36,0.069098,483,231,47.83,1640.93,21257.08,-19616.15,1.08,13.73,1.38,185.88,267.09,250,8132.37,35462.00,510,1.0000,3.0000,0,200,0,600,0.000000,0.050000,483,0.00,239.00,0.00,239.00,0.00,0.00,0.00,0.00,0
NDX100,PERIOD_H1,15,0,15:00,60,BREAKOUT,2.00,0.10,208,1.50,1.0766,139,39,0.061502,520,34,0.065385,485,232,47.84,2607.93,22938.76,-20330.83,1.13,14.06,2.05,185.49,154.32,250,8132.37,35462.00,510,1.0000,3.0000,0,200,0,600,0.000000,0.050000,485,0.00,139.00,0.00,139.00,0.00,0.00,0.00,0.00,0
NDX100,PERIOD_H1,15,0,15:00,60,BREAKOUT,2.00,0.10,40,2.00,1.0258,142,546,0.044853,524,36,0.068702,486,233,47.94,3388.30,24738.33,-21350.03,1.16,12.02,2.63,185.82,147.16,250,8132.37,35462.00,510,1.0000,3.0000,0,200,0,600,0.000000,0.050000,486,0.00,142.00,0.00,142.00,0.00,0.00,0.00,0.00,0
NDX100,PERIOD_H1,15,0,15:00,60,BREAKOUT,2.00,0.10,369,3.00,1.3035,164,1469,0.005100,492,2,0.004065,488,230,47.13,2016.02,22263.80,-20247.78,1.10,11.84,1.62,185.82,224.70,250,8132.37,35462.00,510,1.0000,3.0000,0,200,0,600,0.000000,0.050000,488,0.00,164.00,0.00,164.00,0.00,0.00,0.00,0.00,0
NDX100,PERIOD_H1,15,0,15:00,60,BREAKOUT,2.00,0.10,45,1.00,1.0113,199,109,0.006015,492,2,0.004065,488,233,47.75,2356.35,23079.81,-20723.46,1.11,13.81,1.85,185.84,201.26,250,8132.37,35462.00,510,1.0000,3.0000,0,200,0,600,0.000000,0.050000,488,0.00,199.00,0.00,199.00,0.00,0.00,0.00,0.00,0
NDX100,PERIOD_H1,15,0,15:00,60,BREAKOUT,2.00,0.10,373,2.00,1.1917,234,1196,0.098846,538,53,0.098513,484,233,48.14,901.01,20115.00,-19213.99,1.05,15.59,0.79,186.20,272.33,250,8132.37,35462.00,510,1.0000,3.0000,0,200,0,600,0.000000,0.050000,484,0.00,234.00,0.00,234.00,0.00,0.00,0.00,0.00,0
NDX100,PERIOD_H1,15,0,15:00,60,BREAKOUT,2.00,0.10,376,1.00,1.0773,114,380,0.009575,499,9,0.018036,488,231,47.34,2930.65,24089.00,-21158.35,1.14,12.89,2.26,186.07,129.45,250,8132.37,35462.00,510,1.0000,3.0000,0,200,0,600,0.000000,0.050000,488,0.00,114.00,0.00,114.00,0.00,0.00,0.00,0.00,0
NDX100,PERIOD_H1,15,0,15:00,60,BREAKOUT,2.00,0.10,207,2.00,1.1090,54,598,0.008567,493,3,0.006085,488,231,47.34,2462.00,23419.09,-20957.09,1.12,13.22,1.94,185.98,75.79,250,8132.37,35462.00,510,1.0000,3.0000,0,200,0,600,0.000000,0.050000,488,0.00,54.00,0.00,54.00,0.00,0.00,0.00,0.00,0
NDX100,PERIOD_H1,15,0,15:00,60,BREAKOUT,2.00,0.10,38,3.00,1.0396,420,656,0.097986,541,57,0.105360,482,234,48.55,1819.88,20921.40,-19101.52,1.10,11.98,1.54,185.90,427.91,250,8132.37,35462.00,510,1.0000,3.0000,0,200,0,600,0.000000,0.050000,482,0.00,420.00,0.00,420.00,0.00,0.00,0.00,0.00,0
NDX100,PERIOD_H1,15,0,15:00,60,BREAKOUT,2.00,0.10,211,1.00,1.0444,89,408,0.001154,491,1,0.002037,488,232,47.54,2916.32,24166.74,-21250.42,1.14,13.66,2.25,185.86,97.87,250,8132.37,35462.00,510,1.0000,3.0000,0,200,0,600,0.000000,0.050000,488,0.00,89.00,0.00,89.00,0.00,0.00,0.00,0.00,0
NDX100,PERIOD_H1,15,0,15:00,60,BREAKOUT,2.00,0.10,39,2.50,1.0327,14,1365,0.071419,528,45,0.085227,481,236,49.06,3509.97,24447.81,-20937.84,1.17,13.35,2.71,185.89,19.83,250,8132.37,35462.00,510,1.0000,3.0000,0,200,0,600,0.000000,0.050000,481,0.00,14.00,0.00,14.00,0.00,0.00,0.00,0.00,0
NDX100,PERIOD_H1,15,0,15:00,60,BREAKOUT,2.00,0.10,374,1.50,1.1345,274,488,0.054210,513,28,0.054581,483,233,48.24,2703.66,22448.36,-19744.70,1.14,12.42,2.15,185.93,297.94,250,8132.37,35462.00,510,1.0000,3.0000,0,200,0,600,0.000000,0.050000,483,0.00,274.00,0.00,274.00,0.00,0.00,0.00,0.00,0
NDX100,PERIOD_H1,15,0,15:00,60,BREAKOUT,2.00,0.10,43,1.50,1.0191,102,81,0.048870,517,27,0.052224,488,236,48.36,2570.23,23640.24,-21070.01,1.12,14.91,2.02,185.75,105.82,250,8132.37,35462.00,510,1.0000,3.0000,0,200,0,600,0.000000,0.050000,488,0.00,102.00,0.00,102.00,0.00,0.00,0.00,0.00,0
NDX100,PERIOD_H1,15,0,15:00,60,BREAKOUT,2.00,0.10,370,2.50,1.2472,301,542,0.078539,530,43,0.081132,485,233,48.04,2642.87,22331.03,-19688.16,1.13,11.93,2.13,185.64,350.43,250,8132.37,35462.00,510,1.0000,3.0000,0,200,0,600,0.000000,0.050000,485,0.00,301.00,0.00,301.00,0.00,0.00,0.00,0.00,0
NDX100,PERIOD_H1,15,0,15:00,60,BREAKOUT,2.00,0.10,206,2.50,1.1410,403,1430,0.035130,503,15,0.029821,486,227,46.71,1361.68,20886.18,-19524.50,1.07,15.10,1.16,186.01,431.21,250,8132.37,35462.00,510,1.0000,3.0000,0,200,0,600,0.000000,0.050000,486,0.00,403.00,0.00,403.00,0.00,0.00,0.00,0.00,0
NDX100,PERIOD_H1,15,0,15:00,60,BREAKOUT,2.00,0.10,204,3.00,1.1719,90,1554,0.088263,522,35,0.067050,485,229,47.22,2843.48,23053.75,-20210.27,1.14,11.78,2.25,185.88,124.38,250,8132.37,35462.00,510,1.0000,3.0000,0,200,0,600,0.000000,0.050000,485,0.00,90.00,0.00,90.00,0.00,0.00,0.00,0.00,0
NDX100,PERIOD_H1,15,0,15:00,60,BREAKOUT,2.00,0.10,209,1.50,1.0770,237,530,0.041578,514,25,0.048638,487,231,47.43,1695.98,21579.58,-19883.60,1.09,12.17,1.43,185.87,252.40,250,8132.37,35462.00,510,1.0000,3.0000,0,200,0,600,0.000000,0.050000,487,0.00,237.00,0.00,237.00,0.00,0.00,0.00,0.00,0
NDX100,PERIOD_H1,15,0,15:00,60,BREAKOUT,2.00,0.10,41,2.00,1.0262,274,0,0.018287,496,8,0.016129,487,232,47.64,2243.04,22841.17,-20598.13,1.11,14.85,1.77,187.23,279.25,250,8132.37,35462.00,510,1.0000,3.0000,0,200,0,600,0.000000,0.050000,487,0.00,274.00,0.00,274.00,0.00,0.00,0.00,0.00,0
NDX100,PERIOD_H1,15,0,15:00,60,BREAKOUT,2.00,0.10,370,3.00,1.3042,361,651,0.078539,528,41,0.077652,485,231,47.63,2095.30,21632.76,-19537.46,1.11,12.66,1.74,186.03,421.84,250,8132.37,35462.00,510,1.0000,3.0000,0,200,0,600,0.000000,0.050000,485,0.00,361.00,0.00,361.00,0.00,0.00,0.00,0.00,0
NDX100,PERIOD_H1,15,0,15:00,60,BREAKOUT,2.00,0.10,46,1.00,1.0115,65,436,0.042734,507,18,0.035503,487,233,47.84,2877.70,23964.36,-21086.66,1.14,13.89,2.25,185.56,67.29,250,8132.37,35462.00,510,1.0000,3.0000,0,200,0,600,0.000000,0.050000,487,0.00,65.00,0.00,65.00,0.00,0.00,0.00,0.00,0
NDX100,PERIOD_H1,15,0,15:00,60,BREAKOUT,2.00,0.10,374,2.00,1.1921,365,651,0.072280,518,36,0.069498,480,231,48.13,2142.06,21430.33,-19288.27,1.11,14.76,1.79,186.38,399.20,250,8132.37,35462.00,510,1.0000,3.0000,0,200,0,600,0.000000,0.050000,480,0.00,365.00,0.00,365.00,0.00,0.00,0.00,0.00,0
NDX100,PERIOD_H1,15,0,15:00,60,BREAKOUT,2.00,0.10,377,1.00,1.0775,179,107,0.046294,515,26,0.050485,487,235,48.25,1943.48,21764.73,-19821.25,1.10,14.96,1.58,185.89,194.49,250,8132.37,35462.00,510,1.0000,3.0000,0,200,0,600,0.000000,0.050000,487,0.00,179.00,0.00,179.00,0.00,0.00,0.00,0.00,0
NDX100,PERIOD_H1,15,0,15:00,60,BREAKOUT,2.00,0.10,208,2.00,1.1094,185,53,0.082003,524,38,0.072519,485,231,47.63,2313.30,22222.59,-19909.29,1.12,13.47,1.85,185.45,206.88,250,8132.37,35462.00,510,1.0000,3.0000,0,200,0,600,0.000000,0.050000,485,0.00,185.00,0.00,185.00,0.00,0.00,0.00,0.00,0
NDX100,PERIOD_H1,15,0,15:00,60,BREAKOUT,2.00,0.10,39,3.00,1.0403,17,1638,0.071419,528,45,0.085227,481,235,48.86,3435.18,24298.68,-20863.50,1.16,13.61,2.67,185.86,24.17,250,8132.37,35462.00,510,1.0000,3.0000,0,200,0,600,0.000000,0.050000,481,0.00,17.00,0.00,17.00,0.00,0.00,0.00,0.00,0
NDX100,PERIOD_H1,15,0,15:00,60,BREAKOUT,2.00,0.10,212,1.00,1.0446,155,135,0.037872,506,17,0.033597,487,237,48.67,3741.97,24537.26,-20795.29,1.18,13.25,2.78,186.33,163.91,250,8132.37,35462.00,510,1.0000,3.0000,0,200,0,600,0.000000,0.050000,487,0.00,155.00,0.00,155.00,0.00,0.00,0.00,0.00,0
NDX100,PERIOD_H1,15,0,15:00,60,BREAKOUT,2.00,0.10,375,1.50,1.1349,72,79,0.034285,507,18,0.035503,487,231,47.43,2619.44,23484.88,-20865.44,1.13,13.24,2.06,185.83,98.98,250,8132.37,35462.00,510,1.0000,3.0000,0,200,0,600,0.000000,0.050000,487,0.00,72.00,0.00,72.00,0.00,0.00,0.00,0.00,0
NDX100,PERIOD_H1,15,0,15:00,60,BREAKOUT,2.00,0.10,40,2.50,1.0335,178,683,0.044853,524,36,0.068702,486,232,47.74,2777.87,23255.75,-20477.88,1.14,11.00,2.21,185.59,184.70,250,8132.37,35462.00,510,1.0000,3.0000,0,200,0,600,0.000000,0.050000,486,0.00,178.00,0.00,178.00,0.00,0.00,0.00,0.00,0
NDX100,PERIOD_H1,15,0,15:00,60,BREAKOUT,2.00,0.10,44,1.50,1.0194,200,572,0.028945,505,17,0.033663,486,232,47.74,3006.56,23031.80,-20025.24,1.15,12.29,2.34,185.92,203.89,250,8132.37,35462.00,510,1.0000,3.0000,0,200,0,600,0.000000,0.050000,486,0.00,200.00,0.00,200.00,0.00,0.00,0.00,0.00,0
NDX100,PERIOD_H1,15,0,15:00,60,BREAKOUT,2.00,0.10,371,2.50,1.2480,465,1360,0.051973,515,31,0.060194,484,227,46.90,1418.61,20588.05,-19169.44,1.07,14.89,1.23,186.06,514.59,250,8132.37,35462.00,510,1.0000,3.0000,0,200,0,600,0.000000,0.050000,484,0.00,465.00,0.00,465.00,0.00,0.00,0.00,0.00,0
NDX100,PERIOD_H1,15,0,15:00,60,BREAKOUT,2.00,0.10,207,2.50,1.1416,67,748,0.008567,493,3,0.006085,488,231,47.34,2257.13,22990.25,-20733.12,1.11,13.40,1.79,185.70,95.33,250,8132.37,35462.00,510,1.0000,3.0000,0,200,0,600,0.000000,0.050000,488,0.00,67.00,0.00,67.00,0.00,0.00,0.00,0.00,0
NDX100,PERIOD_H1,15,0,15:00,60,BREAKOUT,2.00,0.10,205,3.00,1.1729,287,735,0.061696,520,36,0.069231,482,229,47.51,1442.15,20831.93,-19389.78,1.07,15.68,1.22,185.74,321.57,250,8132.37,35462.00,510,1.0000,3.0000,0,200,0,600,0.000000,0.050000,482,0.00,287.00,0.00,287.00,0.00,0.00,0.00,0.00,0
NDX100,PERIOD_H1,15,0,15:00,60,BREAKOUT,2.00,0.10,210,1.50,1.0773,36,121,0.021655,507,18,0.035503,487,231,47.43,2442.04,23884.94,-21442.90,1.11,15.88,1.93,185.89,51.47,250,8132.37,35462.00,510,1.0000,3.0000,0,200,0,600,0.000000,0.050000,487,0.00,36.00,0.00,36.00,0.00,0.00,0.00,0.00,0
NDX100,PERIOD_H1,15,0,15:00,60,BREAKOUT,2.00,0.10,42,2.00,1.0267,5,654,0.091726,537,50,0.093110,486,233,47.94,2160.32,22492.87,-20332.55,1.11,13.79,1.75,185.90,10.34,250,8132.37,35462.00,510,1.0000,3.0000,0,200,0,600,0.000000,0.050000,486,0.00,5.00,0.00,5.00,0.00,0.00,0.00,0.00,0
NDX100,PERIOD_H1,15,0,15:00,60,BREAKOUT,2.00,0.10,371,3.00,1.3052,558,1632,0.051973,511,29,0.056751,482,226,46.89,1101.09,19967.34,-18866.25,1.06,15.42,0.97,185.75,619.04,250,8132.37,35462.00,510,1.0000,3.0000,0,200,0,600,0.000000,0.050000,482,0.00,558.00,0.00,558.00,0.00,0.00,0.00,0.00,0
NDX100,PERIOD_H1,15,0,15:00,60,BREAKOUT,2.00,0.10,378,1.00,1.0777,45,434,0.033010,504,17,0.033730,486,230,47.33,2461.04,23326.31,-20865.27,1.12,13.29,1.95,185.95,60.54,250,8132.37,35462.00,510,1.0000,3.0000,0,200,0,600,0.000000,0.050000,486,0.00,45.00,0.00,45.00,0.00,0.00,0.00,0.00,0
NDX100,PERIOD_H1,15,0,15:00,60,BREAKOUT,2.00,0.10,47,1.00,1.0117,130,163,0.029450,507,17,0.033531,488,234,47.95,2983.62,24090.85,-21107.23,1.14,15.62,2.34,186.35,132.34,250,8132.37,35462.00,510,1.0000,3.0000,0,200,0,600,0.000000,0.050000,488,0.00,130.00,0.00,130.00,0.00,0.00,0.00,0.00,0
NDX100,PERIOD_H1,15,0,15:00,60,BREAKOUT,2.00,0.10,375,2.00,1.1927,97,105,0.045714,513,24,0.046784,487,230,47.23,2524.36,23319.45,-20795.09,1.12,13.15,2.00,185.81,135.54,250,8132.37,35462.00,510,1.0000,3.0000,0,200,0,600,0.000000,0.050000,487,0.00,97.00,0.00,97.00,0.00,0.00,0.00,0.00,0
NDX100,PERIOD_H1,15,0,15:00,60,BREAKOUT,2.00,0.10,209,2.00,1.1100,316,707,0.055437,523,35,0.066922,486,230,47.33,1631.21,21349.82,-19718.61,1.08,14.78,1.37,185.89,338.00,250,8132.37,35462.00,510,1.0000,3.0000,0,200,0,600,0.000000,0.050000,486,0.00,316.00,0.00,316.00,0.00,0.00,0.00,0.00,0
NDX100,PERIOD_H1,15,0,15:00,60,BREAKOUT,2.00,0.10,40,3.00,1.0413,214,819,0.044853,524,36,0.068702,486,232,47.74,2884.43,23362.42,-20477.99,1.14,10.83,2.29,185.49,222.25,250,8132.37,35462.00,510,1.0000,3.0000,0,200,0,600,0.000000,0.050000,486,0.00,214.00,0.00,214.00,0.00,0.00,0.00,0.00,0
NDX100,PERIOD_H1,15,0,15:00,60,BREAKOUT,2.00,0.10,213,1.00,1.0448,21,462,0.024589,507,17,0.033531,488,232,47.54,2434.52,23557.49,-21122.97,1.12,13.32,1.92,185.78,29.96,250,8132.37,35462.00,510,1.0000,3.0000,0,200,0,600,0.000000,0.050000,488,0.00,21.00,0.00,21.00,0.00,0.00,0.00,0.00,0
NDX100,PERIOD_H1,15,0,15:00,60,BREAKOUT,2.00,0.10,45,1.50,1.0198,299,163,0.009023,493,5,0.010142,486,235,48.35,2608.23,22962.77,-20354.54,1.13,14.62,2.04,186.42,302.95,250,8132.37,35462.00,510,1.0000,3.0000,0,200,0,600,0.000000,0.050000,486,0.00,299.00,0.00,299.00,0.00,0.00,0.00,0.00,0
NDX100,PERIOD_H1,15,0,15:00,60,BREAKOUT,2.00,0.10,376,1.50,1.1352,171,569,0.014363,502,12,0.023904,488,229,46.93,2266.97,22299.47,-20032.50,1.11,11.59,1.82,185.73,198.05,250,8132.37,35462.00,510,1.0000,3.0000,0,200,0,600,0.000000,0.050000,488,0.00,171.00,0.00,171.00,0.00,0.00,0.00,0.00,0
NDX100,PERIOD_H1,15,0,15:00,60,BREAKOUT,2.00,0.10,41,2.50,1.0341,342,0,0.018287,495,8,0.016162,486,230,47.33,1862.08,22146.42,-20284.34,1.09,16.67,1.51,187.22,348.82,250,8132.37,35462.00,510,1.0000,3.0000,0,200,0,600,0.000000,0.050000,486,0.00,342.00,0.00,342.00,0.00,0.00,0.00,0.00,0
NDX100,PERIOD_H1,15,0,15:00,60,BREAKOUT,2.00,0.10,372,2.50,1.2486,129,678,0.025407,499,10,0.020040,487,232,47.64,2784.36,23616.34,-20831.98,1.13,12.93,2.17,185.89,178.71,250,8132.37,35462.00,510,1.0000,3.0000,0,200,0,600,0.000000,0.050000,487,0.00,129.00,0.00,129.00,0.00,0.00,0.00,0.00,0
NDX100,PERIOD_H1,15,0,15:00,60,BREAKOUT,2.00,0.10,206,3.00,1.1736,484,1716,0.035130,500,15,0.030000,485,226,46.60,1343.08,20872.04,-19528.96,1.07,15.07,1.15,186.04,518.72,250,8132.37,35462.00,510,1.0000,3.0000,0,200,0,600,0.000000,0.050000,485,0.00,484.00,0.00,484.00,0.00,0.00,0.00,0.00,0
NDX100,PERIOD_H1,15,0,15:00,60,BREAKOUT,2.00,0.10,43,2.00,1.0273,136,109,0.065160,531,43,0.080979,486,236,48.56,2538.12,23578.89,-21040.77,1.12,14.18,2.02,185.92,141.46,250,8132.37,35462.00,510,1.0000,3.0000,0,200,0,600,0.000000,0.050000,486,0.00,136.00,0.00,136.00,0.00,0.00,0.00,0.00,0
NDX100,PERIOD_H1,15,0,15:00,60,BREAKOUT,2.00,0.10,208,2.50,1.1422,231,66,0.082003,523,38,0.072658,484,232,47.93,2202.89,22006.70,-19803.81,1.11,14.00,1.77,185.54,259.45,250,8132.37,35462.00,510,1.0000,3.0000,0,200,0,600,0.000000,0.050000,484,0.00,231.00,0.00,231.00,0.00,0.00,0.00,0.00,0
NDX100,PERIOD_H1,15,0,15:00,60,BREAKOUT,2.00,0.10,211,1.50,1.0777,134,611,0.001730,491,1,0.002037,488,232,47.54,2773.45,23527.39,-20753.94,1.13,12.54,2.16,185.94,149.53,250,8132.37,35462.00,510,1.0000,3.0000,0,200,0,600,0.000000,0.050000,488,0.00,134.00,0.00,134.00,0.00,0.00,0.00,0.00,0
NDX100,PERIOD_H1,15,0,15:00,60,BREAKOUT,2.00,0.10,372,3.00,1.3059,154,813,0.025407,499,10,0.020040,487,231,47.43,2406.12,22786.14,-20380.02,1.12,11.86,1.91,185.67,215.18,250,8132.37,35462.00,510,1.0000,3.0000,0,200,0,600,0.000000,0.050000,487,0.00,154.00,0.00,154.00,0.00,0.00,0.00,0.00,0
NDX100,PERIOD_H1,15,0,15:00,60,BREAKOUT,2.00,0.10,48,1.00,1.0119,196,490,0.016169,500,10,0.020000,488,231,47.34,2127.54,22183.15,-20055.61,1.11,11.40,1.70,185.78,198.38,250,8132.37,35462.00,510,1.0000,3.0000,0,200,0,600,0.000000,0.050000,488,0.00,196.00,0.00,196.00,0.00,0.00,0.00,0.00,0
NDX100,PERIOD_H1,15,0,15:00,60,BREAKOUT,2.00,0.10,376,2.00,1.1932,228,759,0.019150,506,17,0.033597,487,230,47.23,1807.38,21500.70,-19693.32,1.09,12.09,1.49,185.71,266.64,250,8132.37,35462.00,510,1.0000,3.0000,0,200,0,600,0.000000,0.050000,487,0.00,228.00,0.00,228.00,0.00,0.00,0.00,0.00,0
NDX100,PERIOD_H1,15,0,15:00,60,BREAKOUT,2.00,0.10,379,1.00,1.0779,111,161,0.019729,498,8,0.016064,488,233,47.75,2945.31,24121.87,-21176.56,1.14,14.98,2.28,186.39,126.58,250,8132.37,35462.00,510,1.0000,3.0000,0,200,0,600,0.000000,0.050000,488,0.00,111.00,0.00,111.00,0.00,0.00,0.00,0.00,0
NDX100,PERIOD_H1,15,0,15:00,60,BREAKOUT,2.00,0.10,210,2.00,1.1105,48,161,0.028874,512,24,0.046875,486,230,47.33,2733.30,23891.72,-21158.42,1.13,15.59,2.16,186.58,70.10,250,8132.37,35462.00,510,1.0000,3.0000,0,200,0,600,0.000000,0.050000,486,0.00,48.00,0.00,48.00,0.00,0.00,0.00,0.00,0
NDX100,PERIOD_H1,15,0,15:00,60,BREAKOUT,2.00,0.10,41,3.00,1.0420,411,0,0.018287,495,8,0.016162,486,229,47.12,1587.61,21683.46,-20095.85,1.08,16.72,1.31,187.22,419.40,250,8132.37,35462.00,510,1.0000,3.0000,0,200,0,600,0.000000,0.050000,486,0.00,411.00,0.00,411.00,0.00,0.00,0.00,0.00,0
NDX100,PERIOD_H1,15,0,15:00,60,BREAKOUT,2.00,0.10,214,1.00,1.0450,86,189,0.011307,497,8,0.016097,487,234,48.05,3042.81,24448.80,-21405.99,1.14,15.99,2.35,186.68,95.00,250,8132.37,35462.00,510,1.0000,3.0000,0,200,0,600,0.000000,0.050000,487,0.00,86.00,0.00,86.00,0.00,0.00,0.00,0.00,0
NDX100,PERIOD_H1,15,0,15:00,60,BREAKOUT,2.00,0.10,377,1.50,1.1355,269,160,0.069440,518,32,0.061776,484,235,48.55,2219.07,21763.47,-19544.40,1.11,15.49,1.81,186.39,296.11,250,8132.37,35462.00,510,1.0000,3.0000,0,200,0,600,0.000000,0.050000,484,0.00,269.00,0.00,269.00,0.00,0.00,0.00,0.00,0
NDX100,PERIOD_H1,15,0,15:00,60,BREAKOUT,2.00,0.10,46,1.50,1.0201,97,653,0.064100,512,23,0.044922,487,233,47.84,2658.74,23349.23,-20690.49,1.13,14.06,2.11,185.98,101.02,250,8132.37,35462.00,510,1.0000,3.0000,0,200,0,600,0.000000,0.050000,487,0.00,97.00,0.00,97.00,0.00,0.00,0.00,0.00,0
NDX100,PERIOD_H1,15,0,15:00,60,BREAKOUT,2.00,0.10,42,2.50,1.0347,6,818,0.091726,537,50,0.093110,485,233,48.04,2172.26,22394.87,-20222.61,1.11,13.14,1.77,185.63,12.94,250,8132.37,35462.00,510,1.0000,3.0000,0,200,0,600,0.000000,0.050000,485,0.00,6.00,0.00,6.00,0.00,0.00,0.00,0.00,0
NDX100,PERIOD_H1,15,0,15:00,60,BREAKOUT,2.00,0.10,373,2.50,1.2492,293,1496,0.098846,536,53,0.098881,482,231,47.93,692.84,19826.89,-19134.05,1.04,18.15,0.62,186.08,342.83,250,8132.37,35462.00,510,1.0000,3.0000,0,200,0,600,0.000000,0.050000,482,0.00,293.00,0.00,293.00,0.00,0.00,0.00,0.00,0
NDX100,PERIOD_H1,15,0,15:00,60,BREAKOUT,2.00,0.10,207,3.00,1.1743,81,897,0.008567,493,3,0.006085,488,231,47.34,2361.55,23022.87,-20661.32,1.11,12.57,1.87,186.21,115.86,250,8132.37,35462.00,510,1.0000,3.0000,0,200,0,600,0.000000,0.050000,488,0.00,81.00,0.00,81.00,0.00,0.00,0.00,0.00,0
NDX100,PERIOD_H1,15,0,15:00,60,BREAKOUT,2.00,0.10,44,2.00,1.0278,267,763,0.038594,509,24,0.047151,484,233,48.14,2819.28,22624.89,-19805.61,1.14,11.01,2.22,185.94,272.55,250,8132.37,35462.00,510,1.0000,3.0000,0,200,0,600,0.000000,0.050000,484,0.00,267.00,0.00,267.00,0.00,0.00,0.00,0.00,0
NDX100,PERIOD_H1,15,0,15:00,60,BREAKOUT,2.00,0.10,209,2.50,1.1430,395,883,0.055437,523,35,0.066922,486,229,47.12,1217.03,20608.05,-19391.02,1.06,14.93,1.06,186.14,423.60,250,8132.37,35462.00,510,1.0000,3.0000,0,200,0,600,0.000000,0.050000,486,0.00,395.00,0.00,395.00,0.00,0.00,0.00,0.00,0
NDX100,PERIOD_H1,15,0,15:00,60,BREAKOUT,2.00,0.10,212,1.50,1.0780,232,202,0.056808,518,31,0.059846,485,237,48.87,3296.57,23215.41,-19918.84,1.17,10.49,2.51,186.51,247.59,250,8132.37,35462.00,510,1.0000,3.0000,0,200,0,600,0.000000,0.050000,485,0.00,232.00,0.00,232.00,0.00,0.00,0.00,0.00,0
NDX100,PERIOD_H1,15,0,15:00,60,BREAKOUT,2.00,0.10,373,3.00,1.3066,351,1795,0.098846,534,51,0.095506,482,228,47.30,246.88,19132.96,-18886.08,1.01,20.07,0.23,186.11,412.33,250,8132.37,35462.00,510,1.0000,3.0000,0,200,0,600,0.000000,0.050000,482,0.00,351.00,0.00,351.00,0.00,0.00,0.00,0.00,0
NDX100,PERIOD_H1,15,0,15:00,60,BREAKOUT,2.00,0.10,49,1.00,1.0121,62,217,0.002886,491,1,0.002037,488,235,48.16,3029.73,24505.37,-21475.64,1.14,15.99,2.32,186.28,64.42,250,8132.37,35462.00,510,1.0000,3.0000,0,200,0,600,0.000000,0.050000,488,0.00,62.00,0.00,62.00,0.00,0.00,0.00,0.00,0
NDX100,PERIOD_H1,15,0,15:00,60,BREAKOUT,2.00,0.10,380,1.00,1.0781,176,488,0.006446,494,4,0.008097,488,232,47.54,2495.28,22725.43,-20230.15,1.12,11.50,1.97,185.78,191.61,250,8132.37,35462.00,510,1.0000,3.0000,0,200,0,600,0.000000,0.050000,488,0.00,176.00,0.00,176.00,0.00,0.00,0.00,0.00,0
NDX100,PERIOD_H1,15,0,15:00,60,BREAKOUT,2.00,0.10,377,2.00,1.1936,359,213,0.092587,533,48,0.090056,483,235,48.65,1939.34,20760.06,-18820.72,1.10,14.56,1.63,186.13,393.47,250,8132.37,35462.00,510,1.0000,3.0000,0,200,0,600,0.000000,0.050000,483,0.00,359.00,0.00,359.00,0.00,0.00,0.00,0.00,0
NDX100,PERIOD_H1,15,0,15:00,60,BREAKOUT,2.00,0.10,211,2.00,1.1109,179,815,0.002307,491,1,0.002037,488,231,47.34,2287.67,22611.55,-20323.88,1.11,11.66,1.82,185.64,201.19,250,8132.37,35462.00,510,1.0000,3.0000,0,200,0,600,0.000000,0.050000,488,0.00,179.00,0.00,179.00,0.00,0.00,0.00,0.00,0
NDX100,PERIOD_H1,15,0,15:00,60,BREAKOUT,2.00,0.10,42,3.00,1.0427,7,982,0.091726,536,50,0.093284,484,232,47.93,1795.68,21970.81,-20175.13,1.09,15.79,1.48,185.95,15.55,250,8132.37,35462.00,510,1.0000,3.0000,0,200,0,600,0.000000,0.050000,484,0.00,7.00,0.00,7.00,0.00,0.00,0.00,0.00,0
NDX100,PERIOD_H1,15,0,15:00,60,BREAKOUT,2.00,0.10,215,1.00,1.0452,152,516,0.048025,507,18,0.035503,487,231,47.43,2692.74,23602.87,-20910.13,1.13,13.35,2.11,185.94,161.03,250,8132.37,35462.00,510,1.0000,3.0000,0,200,0,600,0.000000,0.050000,487,0.00,152.00,0.00,152.00,0.00,0.00,0.00,0.00,0
NDX100,PERIOD_H1,15,0,15:00,60,BREAKOUT,2.00,0.10,43,2.50,1.0355,170,136,0.065160,531,43,0.080979,486,237,48.77,3028.82,24074.28,-21045.46,1.14,14.17,2.37,186.21,177.10,250,8132.37,35462.00,510,1.0000,3.0000,0,200,0,600,0.000000,0.050000,486,0.00,170.00,0.00,170.00,0.00,0.00,0.00,0.00,0
NDX100,PERIOD_H1,15,0,15:00,60,BREAKOUT,2.00,0.10,47,1.50,1.0205,196,244,0.044176,512,22,0.042969,488,233,47.75,2678.27,23171.00,-20492.73,1.13,14.75,2.13,186.43,200.10,250,8132.37,35462.00,510,1.0000,3.0000,0,200,0,600,0.000000,0.050000,488,0.00,196.00,0.00,196.00,0.00,0.00,0.00,0.00,0
NDX100,PERIOD_H1,15,0,15:00,60,BREAKOUT,2.00,0.10,374,2.50,1.2497,457,813,0.072280,516,36,0.069767,480,231,48.13,1769.59,20856.54,-19086.95,1.09,15.47,1.51,185.87,501.46,250,8132.37,35462.00,510,1.0000,3.0000,0,200,0,600,0.000000,0.050000,480,0.00,457.00,0.00,457.00,0.00,0.00,0.00,0.00,0
NDX100,PERIOD_H1,15,0,15:00,60,BREAKOUT,2.00,0.10,378,1.50,1.1360,68,651,0.049516,510,24,0.047059,485,230,47.42,2065.54,22172.61,-20107.07,1.10,12.69,1.68,186.38,95.20,250,8132.37,35462.00,510,1.0000,3.0000,0,200,0,600,0.000000,0.050000,485,0.00,68.00,0.00,68.00,0.00,0.00,0.00,0.00,0
NDX100,PERIOD_H1,15,0,15:00,60,BREAKOUT,2.00,0.10,208,3.00,1.1751,278,79,0.082003,522,38,0.072797,482,231,47.93,1981.61,21559.92,-19578.31,1.10,15.82,1.61,185.55,313.01,250,8132.37,35462.00,510,1.0000,3.0000,0,200,0,600,0.000000,0.050000,482,0.00,278.00,0.00,278.00,0.00,0.00,0.00,0.00,0
NDX100,PERIOD_H1,15,0,15:00,60,BREAKOUT,2.00,0.10,45,2.00,1.0282,399,217,0.012030,494,6,0.012146,486,234,48.15,2121.88,22033.10,-19911.22,1.11,16.33,1.72,186.31,404.65,250,8132.37,35462.00,510,1.0000,3.0000,0,200,0,600,0.000000,0.050000,486,0.00,399.00,0.00,399.00,0.00,0.00,0.00,0.00,0
NDX100,PERIOD_H1,15,0,15:00,60,BREAKOUT,2.00,0.10,210,2.50,1.1436,59,201,0.028874,512,24,0.046875,486,230,47.33,2731.48,23900.12,-21168.64,1.13,15.71,2.16,186.61,87.72,250,8132.37,35462.00,510,1.0000,3.0000,0,200,0,600,0.000000,0.050000,486,0.00,59.00,0.00,59.00,0.00,0.00,0.00,0.00,0
NDX100,PERIOD_H1,15,0,15:00,60,BREAKOUT,2.00,0.10,213,1.50,1.0784,31,693,0.036883,510,20,0.039216,488,232,47.54,2788.31,23772.09,-20983.78,1.13,13.37,2.17,185.75,46.68,250,8132.37,35462.00,510,1.0000,3.0000,0,200,0,600,0.000000,0.050000,488,0.00,31.00,0.00,31.00,0.00,0.00,0.00,0.00,0
NDX100,PERIOD_H1,15,0,15:00,60,BREAKOUT,2.00,0.10,374,3.00,1.3074,548,976,0.072280,511,34,0.066536,477,230,48.22,1338.23,20157.51,-18819.28,1.07,17.63,1.16,186.47,602.71,250,8132.37,35462.00,510,1.0000,3.0000,0,200,0,600,0.000000,0.050000,477,0.00,548.00,0.00,548.00,0.00,0.00,0.00,0.00,0
NDX100,PERIOD_H1,15,0,15:00,60,BREAKOUT,2.00,0.10,50,1.00,1.0123,127,544,0.039604,512,22,0.042969,488,233,47.75,2997.72,23732.45,-20734.73,1.14,12.24,2.33,185.98,129.45,250,8132.37,35462.00,510,1.0000,3.0000,0,200,0,600,0.000000,0.050000,488,0.00,127.00,0.00,127.00,0.00,0.00,0.00,0.00,0
NDX100,PERIOD_H1,15,0,15:00,60,BREAKOUT,2.00,0.10,378,2.00,1.1943,90,867,0.066021,512,26,0.050781,485,230,47.42,1893.48,21919.15,-20025.67,1.09,12.72,1.55,186.22,128.85,250,8132.37,35462.00,510,1.0000,3.0000,0,200,0,600,0.000000,0.050000,485,0.00,90.00,0.00,90.00,0.00,0.00,0.00,0.00,0
NDX100,PERIOD_H1,15,0,15:00,60,BREAKOUT,2.00,0.10,381,1.00,1.0782,42,215,0.043164,505,18,0.035644,485,234,48.25,2975.95,23963.83,-20987.88,1.14,15.58,2.30,186.37,57.65,250,8132.37,35462.00,510,1.0000,3.0000,0,200,0,600,0.000000,0.050000,485,0.00,42.00,0.00,42.00,0.00,0.00,0.00,0.00,0
NDX100,PERIOD_H1,15,0,15:00,60,BREAKOUT,2.00,0.10,43,3.00,1.0437,204,163,0.065160,531,43,0.080979,486,236,48.56,2732.14,23320.74,-20588.60,1.13,13.26,2.17,186.42,212.74,250,8132.37,35462.00,510,1.0000,3.0000,0,200,0,600,0.000000,0.050000,486,0.00,204.00,0.00,204.00,0.00,0.00,0.00,0.00,0
NDX100,PERIOD_H1,15,0,15:00,60,BREAKOUT,2.00,0.10,212,2.00,1.1114,310,269,0.075744,532,48,0.090226,482,235,48.76,2984.37,22415.62,-19431.25,1.15,14.83,2.33,186.71,332.28,250,8132.37,35462.00,510,1.0000,3.0000,0,200,0,600,0.000000,0.050000,482,0.00,310.00,0.00,310.00,0.00,0.00,0.00,0.00,0
NDX100,PERIOD_H1,15,0,15:00,60,BREAKOUT,2.00,0.10,216,1.00,1.0454,17,243,0.034742,514,24,0.046693,488,237,48.57,2394.92,23050.40,-20655.48,1.12,13.03,1.90,186.13,26.07,250,8132.37,35462.00,510,1.0000,3.0000,0,200,0,600,0.000000,0.050000,488,0.00,17.00,0.00,17.00,0.00,0.00,0.00,0.00,0
NDX100,PERIOD_H1,15,0,15:00,60,BREAKOUT,2.00,0.10,48,1.50,1.0208,294,735,0.024253,499,11,0.022044,486,232,47.74,1742.28,21281.01,-19538.73,1.09,11.89,1.42,185.86,298.17,250,8132.37,35462.00,510,1.0000,3.0000,0,200,0,600,0.000000,0.050000,486,0.00,294.00,0.00,294.00,0.00,0.00,0.00,0.00,0
NDX100,PERIOD_H1,15,0,15:00,60,BREAKOUT,2.00,0.10,44,2.50,1.0361,334,954,0.038594,508,24,0.047244,483,231,47.83,2126.60,21616.93,-19490.33,1.11,15.35,1.73,186.52,341.22,250,8132.37,35462.00,510,1.0000,3.0000,0,200,0,600,0.000000,0.050000,483,0.00,334.00,0.00,334.00,0.00,0.00,0.00,0.00,0
NDX100,PERIOD_H1,15,0,15:00,60,BREAKOUT,2.00,0.10,375,2.50,1.2505,121,131,0.045714,513,24,0.046784,487,231,47.43,2946.96,23580.67,-20633.71,1.14,12.81,2.30,186.21,171.11,250,8132.37,35462.00,510,1.0000,3.0000,0,200,0,600,0.000000,0.050000,487,0.00,121.00,0.00,121.00,0.00,0.00,0.00,0.00,0
NDX100,PERIOD_H1,15,0,15:00,60,BREAKOUT,2.00,0.10,379,1.50,1.1363,166,241,0.029593,503,13,0.025845,488,231,47.34,2598.70,23214.79,-20616.09,1.13,14.20,2.05,186.38,193.26,250,8132.37,35462.00,510,1.0000,3.0000,0,200,0,600,0.000000,0.050000,488,0.00,166.00,0.00,166.00,0.00,0.00,0.00,0.00,0
NDX100,PERIOD_H1,15,0,15:00,60,BREAKOUT,2.00,0.10,209,3.00,1.1760,474,1060,0.055437,520,35,0.067308,485,228,47.01,916.84,20120.88,-19204.04,1.05,15.24,0.81,186.14,509.21,250,8132.37,35462.00,510,1.0000,3.0000,0,200,0,600,0.000000,0.050000,485,0.00,474.00,0.00,474.00,0.00,0.00,0.00,0.00,0
NDX100,PERIOD_H1,15,0,15:00,60,BREAKOUT,2.00,0.10,46,2.00,1.0287,130,871,0.085467,521,34,0.065259,486,231,47.53,3014.21,23393.81,-20379.60,1.15,13.29,2.38,185.85,135.74,250,8132.37,35462.00,510,1.0000,3.0000,0,200,0,600,0.000000,0.050000,486,0.00,130.00,0.00,130.00,0.00,0.00,0.00,0.00,0
NDX100,PERIOD_H1,15,0,15:00,60,BREAKOUT,2.00,0.10,211,2.50,1.1442,223,1019,0.002307,490,1,0.002041,487,229,47.02,1750.41,21964.10,-20213.69,1.09,15.39,1.43,185.97,251.84,250,8132.37,35462.00,510,1.0000,3.0000,0,200,0,600,0.000000,0.050000,487,0.00,223.00,0.00,223.00,0.00,0.00,0.00,0.00,0
NDX100,PERIOD_H1,15,0,15:00,60,BREAKOUT,2.00,0.10,214,1.50,1.0787,129,283,0.016961,499,10,0.020040,487,233,47.84,3033.18,24315.21,-21282.03,1.14,15.32,2.34,186.48,144.74,250,8132.37,35462.00,510,1.0000,3.0000,0,200,0,600,0.000000,0.050000,487,0.00,129.00,0.00,129.00,0.00,0.00,0.00,0.00,0
NDX100,PERIOD_H1,15,0,15:00,60,BREAKOUT,2.00,0.10,375,3.00,1.3084,145,157,0.045714,512,23,0.044922,487,231,47.43,2997.86,23505.11,-20507.25,1.15,11.96,2.33,186.37,206.67,250,8132.37,35462.00,510,1.0000,3.0000,0,200,0,600,0.000000,0.050000,487,0.00,145.00,0.00,145.00,0.00,0.00,0.00,0.00,0
NDX100,PERIOD_H1,15,0,15:00,60,BREAKOUT,2.00,0.10,379,2.00,1.1947,221,322,0.039457,513,24,0.046784,487,232,47.64,2577.29,23187.58,-20610.29,1.13,14.56,2.06,186.37,259.94,250,8132.37,35462.00,510,1.0000,3.0000,0,200,0,600,0.000000,0.050000,487,0.00,221.00,0.00,221.00,0.00,0.00,0.00,0.00,0
NDX100,PERIOD_H1,15,0,15:00,60,BREAKOUT,2.00,0.10,51,1.00,1.0125,193,271,0.026322,495,7,0.014141,486,234,48.15,2942.18,23409.17,-20466.99,1.14,14.29,2.26,186.68,195.50,250,8132.37,35462.00,510,1.0000,3.0000,0,200,0,600,0.000000,0.050000,486,0.00,193.00,0.00,193.00,0.00,0.00,0.00,0.00,0
NDX100,PERIOD_H1,15,0,15:00,60,BREAKOUT,2.00,0.10,382,1.00,1.0785,107,542,0.029881,507,18,0.035503,487,232,47.64,2399.22,22927.48,-20528.26,1.12,12.68,1.91,186.00,122.70,250,8132.37,35462.00,510,1.0000,3.0000,0,200,0,600,0.000000,0.050000,487,0.00,107.00,0.00,107.00,0.00,0.00,0.00,0.00,0
NDX100,PERIOD_H1,15,0,15:00,60,BREAKOUT,2.00,0.10,213,2.00,1.1120,41,924,0.049178,517,27,0.052224,488,232,47.54,2715.41,23742.17,-21026.76,1.13,14.27,2.14,185.94,63.40,250,8132.37,35462.00,510,1.0000,3.0000,0,200,0,600,0.000000,0.050000,488,0.00,41.00,0.00,41.00,0.00,0.00,0.00,0.00,0
NDX100,PERIOD_H1,15,0,15:00,60,BREAKOUT,2.00,0.10,44,3.00,1.0444,401,1144,0.038594,506,22,0.043478,483,229,47.41,1610.73,20880.03,-19269.30,1.08,16.13,1.36,186.32,409.89,250,8132.37,35462.00,510,1.0000,3.0000,0,200,0,600,0.000000,0.050000,483,0.00,401.00,0.00,401.00,0.00,0.00,0.00,0.00,0
NDX100,PERIOD_H1,15,0,15:00,60,BREAKOUT,2.00,0.10,217,1.00,1.0456,83,570,0.021461,498,9,0.018072,487,232,47.64,2531.47,23376.76,-20845.29,1.12,13.39,2.00,185.83,92.12,250,8132.37,35462.00,510,1.0000,3.0000,0,200,0,600,0.000000,0.050000,487,0.00,83.00,0.00,83.00,0.00,0.00,0.00,0.00,0
NDX100,PERIOD_H1,15,0,15:00,60,BREAKOUT,2.00,0.10,45,2.50,1.0367,498,271,0.012030,491,6,0.012220,485,231,47.63,1331.66,20901.09,-19569.43,1.07,17.42,1.13,186.79,505.34,250,8132.37,35462.00,510,1.0000,3.0000,0,200,0,600,0.000000,0.050000,485,0.00,498.00,0.00,498.00,0.00,0.00,0.00,0.00,0
NDX100,PERIOD_H1,15,0,15:00,60,BREAKOUT,2.00,0.10,49,1.50,1.0211,92,325,0.004328,491,1,0.002037,488,234,47.95,2854.00,23988.16,-21134.16,1.14,15.57,2.20,186.35,96.23,250,8132.37,35462.00,510,1.0000,3.0000,0,200,0,600,0.000000,0.050000,488,0.00,92.00,0.00,92.00,0.00,0.00,0.00,0.00,0
NDX100,PERIOD_H1,15,0,15:00,60,BREAKOUT,2.00,0.10,376,2.50,1.2511,285,949,0.019150,506,18,0.035573,486,228,46.91,1281.77,20531.89,-19250.12,1.07,15.51,1.09,186.37,335.23,250,8132.37,35462.00,510,1.0000,3.0000,0,200,0,600,0.000000,0.050000,486,0.00,285.00,0.00,285.00,0.00,0.00,0.00,0.00,0
NDX100,PERIOD_H1,15,0,15:00,60,BREAKOUT,2.00,0.10,380,1.50,1.1366,264,732,0.009668,491,3,0.006110,486,233,47.94,2211.26,22224.66,-20013.40,1.11,12.43,1.77,185.85,291.32,250,8132.37,35462.00,510,1.0000,3.0000,0,200,0,600,0.000000,0.050000,486,0.00,264.00,0.00,264.00,0.00,0.00,0.00,0.00,0
NDX100,PERIOD_H1,15,0,15:00,60,BREAKOUT,2.00,0.10,210,3.00,1.1768,71,241,0.028874,512,24,0.046875,486,229,47.12,2632.90,23533.05,-20900.15,1.13,15.46,2.09,186.57,106.35,250,8132.37,35462.00,510,1.0000,3.0000,0,200,0,600,0.000000,0.050000,486,0.00,71.00,0.00,71.00,0.00,0.00,0.00,0.00,0
NDX100,PERIOD_H1,15,0,15:00,60,BREAKOUT,2.00,0.10,47,2.00,1.0293,261,325,0.058901,520,31,0.059615,487,234,48.05,2210.06,22439.16,-20229.10,1.11,16.16,1.82,186.39,266.86,250,8132.37,35462.00,510,1.0000,3.0000,0,200,0,600,0.000000,0.050000,487,0.00,261.00,0.00,261.00,0.00,0.00,0.00,0.00,0
NDX100,PERIOD_H1,15,0,15:00,60,BREAKOUT,2.00,0.10,212,2.50,1.1448,387,337,0.075744,530,46,0.086792,482,233,48.34,2512.18,21790.62,-19278.44,1.13,14.98,2.02,186.34,415.96,250,8132.37,35462.00,510,1.0000,3.0000,0,200,0,600,0.000000,0.050000,482,0.00,387.00,0.00,387.00,0.00,0.00,0.00,0.00,0
NDX100,PERIOD_H1,15,0,15:00,60,BREAKOUT,2.00,0.10,215,1.50,1.0790,228,774,0.072038,519,32,0.061657,485,228,47.01,1888.54,21714.71,-19826.17,1.10,12.67,1.57,185.76,243.81,250,8132.37,35462.00,510,1.0000,3.0000,0,200,0,600,0.000000,0.050000,485,0.00,228.00,0.00,228.00,0.00,0.00,0.00,0.00,0
NDX100,PERIOD_H1,15,0,15:00,60,BREAKOUT,2.00,0.10,376,3.00,1.3091,342,1139,0.019150,506,18,0.035573,486,227,46.71,1076.97,20106.05,-19029.08,1.06,15.17,0.93,186.04,403.82,250,8132.37,35462.00,510,1.0000,3.0000,0,200,0,600,0.000000,0.050000,486,0.00,342.00,0.00,342.00,0.00,0.00,0.00,0.00,0
NDX100,PERIOD_H1,15,0,15:00,60,BREAKOUT,2.00,0.10,380,2.00,1.1952,353,976,0.012891,496,8,0.016129,486,229,47.12,1197.17,20696.47,-19499.30,1.06,17.08,1.02,186.20,392.03,250,8132.37,35462.00,510,1.0000,3.0000,0,200,0,600,0.000000,0.050000,486,0.00,353.00,0.00,353.00,0.00,0.00,0.00,0.00,0
NDX100,PERIOD_H1,15,0,15:00,60,BREAKOUT,2.00,0.10,45,3.00,1.0452,598,326,0.012030,489,5,0.010225,484,231,47.73,1173.18,20613.19,-19440.01,1.06,17.35,1.00,186.61,607.03,250,8132.37,35462.00,510,1.0000,3.0000,0,200,0,600,0.000000,0.050000,484,0.00,598.00,0.00,598.00,0.00,0.00,0.00,0.00,0
NDX100,PERIOD_H1,15,0,15:00,60,BREAKOUT,2.00,0.10,52,1.00,1.0127,58,598,0.013039,497,7,0.014085,488,232,47.54,3060.27,24418.64,-21358.37,1.14,13.80,2.34,185.98,60.54,250,8132.37,35462.00,510,1.0000,3.0000,0,200,0,600,0.000000,0.050000,488,0.00,58.00,0.00,58.00,0.00,0.00,0.00,0.00,0
NDX100,PERIOD_H1,15,0,15:00,60,BREAKOUT,2.00,0.10,383,1.00,1.0787,173,269,0.016599,501,13,0.025948,486,234,48.15,2730.06,23089.33,-20359.27,1.13,14.02,2.13,186.41,188.74,250,8132.37,35462.00,510,1.0000,3.0000,0,200,0,600,0.000000,0.050000,486,0.00,173.00,0.00,173.00,0.00,0.00,0.00,0.00,0
NDX100,PERIOD_H1,15,0,15:00,60,BREAKOUT,2.00,0.10,214,2.00,1.1125,172,378,0.022614,503,14,0.027833,487,233,47.84,3269.78,24241.39,-20971.61,1.16,12.11,2.51,186.21,194.49,250,8132.37,35462.00,510,1.0000,3.0000,0,200,0,600,0.000000,0.050000,487,0.00,172.00,0.00,172.00,0.00,0.00,0.00,0.00,0
NDX100,PERIOD_H1,15,0,15:00,60,BREAKOUT,2.00,0.10,218,1.00,1.0458,149,297,0.008177,494,4,0.008097,488,234,47.95,2921.78,23686.93,-20765.15,1.14,14.86,2.26,186.34,158.16,250,8132.37,35462.00,510,1.0000,3.0000,0,200,0,600,0.000000,0.050000,488,0.00,149.00,0.00,149.00,0.00,0.00,0.00,0.00,0
NDX100,PERIOD_H1,15,0,15:00,60,BREAKOUT,2.00,0.10,46,2.50,1.0373,162,1089,0.085467,521,34,0.065259,486,230,47.33,3040.24,23357.11,-20316.87,1.15,13.09,2.40,185.79,169.46,250,8132.37,35462.00,510,1.0000,3.0000,0,200,0,600,0.000000,0.050000,486,0.00,162.00,0.00,162.00,0.00,0.00,0.00,0.00,0
NDX100,PERIOD_H1,15,0,15:00,60,BREAKOUT,2.00,0.10,50,1.50,1.0215,191,816,0.059406,528,39,0.073864,488,231,47.34,2266.02,22327.94,-20061.92,1.11,11.60,1.84,185.59,195.29,250,8132.37,35462.00,510,1.0000,3.0000,0,200,0,600,0.000000,0.050000,488,0.00,191.00,0.00,191.00,0.00,0.00,0.00,0.00,0
NDX100,PERIOD_H1,15,0,15:00,60,BREAKOUT,2.00,0.10,211,3.00,1.1775,268,1223,0.002307,489,1,0.002045,486,231,47.53,2198.44,22338.72,-20140.28,1.11,12.52,1.76,186.14,303.50,250,8132.37,35462.00,510,1.0000,3.0000,0,200,0,600,0.000000,0.050000,486,0.00,268.00,0.00,268.00,0.00,0.00,0.00,0.00,0
NDX100,PERIOD_H1,15,0,15:00,60,BREAKOUT,2.00,0.10,377,2.50,1.2517,449,267,0.092587,533,49,0.091932,483,232,48.03,1198.39,19723.36,-18524.97,1.06,16.28,1.05,186.26,493.81,250,8132.37,35462.00,510,1.0000,3.0000,0,200,0,600,0.000000,0.050000,483,0.00,449.00,0.00,449.00,0.00,0.00,0.00,0.00,0
NDX100,PERIOD_H1,15,0,15:00,60,BREAKOUT,2.00,0.10,381,1.50,1.1369,63,323,0.064746,516,29,0.056202,485,236,48.66,3075.52,24302.49,-21226.97,1.14,15.83,2.36,186.40,90.39,250,8132.37,35462.00,510,1.0000,3.0000,0,200,0,600,0.000000,0.050000,485,0.00,63.00,0.00,63.00,0.00,0.00,0.00,0.00,0
NDX100,PERIOD_H1,15,0,15:00,60,BREAKOUT,2.00,0.10,48,2.00,1.0298,392,980,0.032337,501,14,0.027944,485,230,47.42,1142.89,20190.36,-19047.47,1.06,16.31,0.97,186.25,397.95,250,8132.37,35462.00,510,1.0000,3.0000,0,200,0,600,0.000000,0.050000,485,0.00,392.00,0.00,392.00,0.00,0.00,0.00,0.00,0
NDX100,PERIOD_H1,15,0,15:00,60,BREAKOUT,2.00,0.10,213,2.50,1.1456,51,1154,0.049178,517,27,0.052224,488,231,47.34,2469.85,23447.93,-20978.08,1.12,14.09,1.98,186.08,80.12,250,8132.37,35462.00,510,1.0000,3.0000,0,200,0,600,0.000000,0.050000,488,0.00,51.00,0.00,51.00,0.00,0.00,0.00,0.00,0
NDX100,PERIOD_H1,15,0,15:00,60,BREAKOUT,2.00,0.10,216,1.50,1.0794,26,365,0.052113,527,37,0.070209,488,236,48.36,2467.68,23013.59,-20545.91,1.12,10.81,1.97,185.87,41.87,250,8132.37,35462.00,510,1.0000,3.0000,0,200,0,600,0.000000,0.050000,488,0.00,26.00,0.00,26.00,0.00,0.00,0.00,0.00,0
NDX100,PERIOD_H1,15,0,15:00,60,BREAKOUT,2.00,0.10,377,3.00,1.3098,538,320,0.092587,527,47,0.089184,480,230,47.92,846.23,19128.12,-18281.89,1.05,18.17,0.76,186.24,593.15,250,8132.37,35462.00,510,1.0000,3.0000,0,200,0,600,0.000000,0.050000,480,0.00,538.00,0.00,538.00,0.00,0.00,0.00,0.00,0
NDX100,PERIOD_H1,15,0,15:00,60,BREAKOUT,2.00,0.10,53,1.00,1.0129,124,325,0.049757,524,36,0.068702,486,232,47.74,3067.40,23946.28,-20878.88,1.15,15.31,2.36,186.36,126.58,250,8132.37,35462.00,510,1.0000,3.0000,0,200,0,600,0.000000,0.050000,486,0.00,124.00,0.00,124.00,0.00,0.00,0.00,0.00,0
NDX100,PERIOD_H1,15,0,15:00,60,BREAKOUT,2.00,0.10,384,1.00,1.0789,39,596,0.003316,491,1,0.002037,488,232,47.54,2927.48,23954.64,-21027.16,1.14,12.70,2.25,185.88,54.77,250,8132.37,35462.00,510,1.0000,3.0000,0,200,0,600,0.000000,0.050000,488,0.00,39.00,0.00,39.00,0.00,0.00,0.00,0.00,0
NDX100,PERIOD_H1,15,0,15:00,60,BREAKOUT,2.00,0.10,46,3.00,1.0459,195,1307,0.085467,521,34,0.065259,486,229,47.12,2443.30,22367.87,-19924.57,1.12,12.52,1.97,185.72,204.18,250,8132.37,35462.00,510,1.0000,3.0000,0,200,0,600,0.000000,0.050000,486,0.00,195.00,0.00,195.00,0.00,0.00,0.00,0.00,0
NDX100,PERIOD_H1,15,0,15:00,60,BREAKOUT,2.00,0.10,215,2.00,1.1129,304,1032,0.096051,527,42,0.079696,483,224,46.38,847.48,19883.52,-19036.04,1.04,19.09,0.74,186.00,326.58,250,8132.37,35462.00,510,1.0000,3.0000,0,200,0,600,0.000000,0.050000,483,0.00,304.00,0.00,304.00,0.00,0.00,0.00,0.00,0
NDX100,PERIOD_H1,15,0,15:00,60,BREAKOUT,2.00,0.10,381,2.00,1.1956,84,430,0.086328,525,39,0.074286,484,234,48.35,3005.69,23628.51,-20622.82,1.15,11.92,2.35,185.83,123.12,250,8132.37,35462.00,510,1.0000,3.0000,0,200,0,600,0.000000,0.050000,484,0.00,84.00,0.00,84.00,0.00,0.00,0.00,0.00,0
NDX100,PERIOD_H1,15,0,15:00,60,BREAKOUT,2.00,0.10,219,1.00,1.0460,14,24,0.044896,517,29,0.056093,487,233,47.84,3208.49,24371.16,-21162.67,1.15,16.58,2.43,185.79,23.19,250,8132.37,35462.00,510,1.0000,3.0000,0,200,0,600,0.000000,0.050000,487,0.00,14.00,0.00,14.00,0.00,0.00,0.00,0.00,0
NDX100,PERIOD_H1,15,0,15:00,60,BREAKOUT,2.00,0.10,51,1.50,1.0219,289,407,0.039483,500,13,0.026000,485,234,48.25,3257.90,23842.86,-20584.96,1.16,12.77,2.50,185.96,293.38,250,8132.37,35462.00,510,1.0000,3.0000,0,200,0,600,0.000000,0.050000,485,0.00,289.00,0.00,289.00,0.00,0.00,0.00,0.00,0
NDX100,PERIOD_H1,15,0,15:00,60,BREAKOUT,2.00,0.10,47,2.50,1.0381,326,407,0.058901,519,31,0.059730,486,231,47.53,2084.86,22136.11,-20051.25,1.10,15.91,1.74,185.91,333.62,250,8132.37,35462.00,510,1.0000,3.0000,0,200,0,600,0.000000,0.050000,486,0.00,326.00,0.00,326.00,0.00,0.00,0.00,0.00,0
NDX100,PERIOD_H1,15,0,15:00,60,BREAKOUT,2.00,0.10,49,2.00,1.0302,123,434,0.005771,492,2,0.004065,488,233,47.75,2983.02,24226.99,-21243.97,1.14,12.95,2.30,185.74,129.04,250,8132.37,35462.00,510,1.0000,3.0000,0,200,0,600,0.000000,0.050000,488,0.00,123.00,0.00,123.00,0.00,0.00,0.00,0.00,0
NDX100,PERIOD_H1,15,0,15:00,60,BREAKOUT,2.00,0.10,382,1.50,1.1374,161,813,0.044821,518,29,0.055985,487,230,47.23,1703.63,21589.17,-19885.54,1.09,11.87,1.41,185.60,188.47,250,8132.37,35462.00,510,1.0000,3.0000,0,200,0,600,0.000000,0.050000,487,0.00,161.00,0.00,161.00,0.00,0.00,0.00,0.00,0
NDX100,PERIOD_H1,15,0,15:00,60,BREAKOUT,2.00,0.10,212,3.00,1.1782,465,404,0.075744,529,46,0.086957,482,232,48.13,2257.13,21378.39,-19121.26,1.12,12.73,1.85,185.93,500.65,250,8132.37,35462.00,510,1.0000,3.0000,0,200,0,600,0.000000,0.050000,482,0.00,465.00,0.00,465.00,0.00,0.00,0.00,0.00,0
NDX100,PERIOD_H1,15,0,15:00,60,BREAKOUT,2.00,0.10,378,2.50,1.2525,113,1084,0.066021,512,26,0.050781,485,230,47.42,1954.84,21934.09,-19979.25,1.10,12.60,1.60,185.99,163.51,250,8132.37,35462.00,510,1.0000,3.0000,0,200,0,600,0.000000,0.050000,485,0.00,113.00,0.00,113.00,0.00,0.00,0.00,0.00,0
NDX100,PERIOD_H1,15,0,15:00,60,BREAKOUT,2.00,0.10,214,2.50,1.1462,215,472,0.022614,502,14,0.027888,486,231,47.53,2805.33,23399.19,-20593.86,1.14,12.97,2.21,185.98,244.24,250,8132.37,35462.00,510,1.0000,3.0000,0,200,0,600,0.000000,0.050000,486,0.00,215.00,0.00,215.00,0.00,0.00,0.00,0.00,0
NDX100,PERIOD_H1,15,0,15:00,60,BREAKOUT,2.00,0.10,217,1.50,1.0798,124,855,0.032191,503,15,0.029821,486,231,47.53,2603.81,23242.27,-20638.46,1.13,12.04,2.06,186.02,139.96,250,8132.37,35462.00,510,1.0000,3.0000,0,200,0,600,0.000000,0.050000,486,0.00,124.00,0.00,124.00,0.00,0.00,0.00,0.00,0
NDX100,PERIOD_H1,15,0,15:00,60,BREAKOUT,2.00,0.10,378,3.00,1.3108,135,1301,0.066021,511,25,0.048924,485,229,47.22,1398.86,20824.12,-19425.26,1.07,12.16,1.18,186.13,197.16,250,8132.37,35462.00,510,1.0000,3.0000,0,200,0,600,0.000000,0.050000,485,0.00,135.00,0.00,135.00,0.00,0.00,0.00,0.00,0
NDX100,PERIOD_H1,15,0,15:00,60,BREAKOUT,2.00,0.10,54,1.00,1.0131,190,52,0.036476,508,18,0.035433,489,232,47.44,2603.63,22919.63,-20316.00,1.13,13.76,2.05,185.76,192.61,250,8132.37,35462.00,510,1.0000,3.0000,0,200,0,600,0.000000,0.050000,489,0.00,190.00,0.00,190.00,0.00,0.00,0.00,0.00,0
NDX100,PERIOD_H1,15,0,15:00,60,BREAKOUT,2.00,0.10,47,3.00,1.0469,391,488,0.058901,518,30,0.057915,486,233,47.94,2156.46,21871.35,-19714.89,1.11,14.00,1.79,185.76,400.38,250,8132.37,35462.00,510,1.0000,3.0000,0,200,0,600,0.000000,0.050000,486,0.00,391.00,0.00,391.00,0.00,0.00,0.00,0.00,0
NDX100,PERIOD_H1,15,0,15:00,60,BREAKOUT,2.00,0.10,216,2.00,1.1134,35,486,0.069485,534,46,0.086142,487,234,48.05,2191.89,22339.79,-20147.90,1.11,9.90,1.78,185.47,57.68,250,8132.37,35462.00,510,1.0000,3.0000,0,200,0,600,0.000000,0.050000,487,0.00,35.00,0.00,35.00,0.00,0.00,0.00,0.00,0
NDX100,PERIOD_H1,15,0,15:00,60,BREAKOUT,2.00,0.10,385,1.00,1.0790,104,323,0.040034,512,22,0.042969,488,231,47.34,2636.35,23614.03,-20977.68,1.13,14.93,2.06,186.20,119.81,250,8132.37,35462.00,510,1.0000,3.0000,0,200,0,600,0.000000,0.050000,488,0.00,104.00,0.00,104.00,0.00,0.00,0.00,0.00,0
NDX100,PERIOD_H1,15,0,15:00,60,BREAKOUT,2.00,0.10,382,2.00,1.1962,215,1084,0.059761,523,35,0.066922,486,232,47.74,1596.45,21382.57,-19786.12,1.08,12.98,1.34,185.81,254.25,250,8132.37,35462.00,510,1.0000,3.0000,0,200,0,600,0.000000,0.050000,486,0.00,215.00,0.00,215.00,0.00,0.00,0.00,0.00,0
NDX100,PERIOD_H1,15,0,15:00,60,BREAKOUT,2.00,0.10,220,1.00,1.0462,80,351,0.031614,513,24,0.046784,487,230,47.23,2035.61,22586.81,-20551.20,1.10,16.39,1.65,186.13,89.24,250,8132.37,35462.00,510,1.0000,3.0000,0,200,0,600,0.000000,0.050000,487,0.00,80.00,0.00,80.00,0.00,0.00,0.00,0.00,0
NDX100,PERIOD_H1,15,0,15:00,60,BREAKOUT,2.00,0.10,52,1.50,1.0222,88,897,0.019559,499,9,0.018036,488,231,47.34,2843.20,23797.36,-20954.16,1.14,13.75,2.20,186.23,92.44,250,8132.37,35462.00,510,1.0000,3.0000,0,200,0,600,0.000000,0.050000,488,0.00,88.00,0.00,88.00,0.00,0.00,0.00,0.00,0
NDX100,PERIOD_H1,15,0,15:00,60,BREAKOUT,2.00,0.10,48,2.50,1.0387,490,1225,0.032337,500,14,0.028000,485,229,47.22,585.32,19364.03,-18778.71,1.03,15.25,0.51,185.99,497.74,250,8132.37,35462.00,510,1.0000,3.0000,0,200,0,600,0.000000,0.050000,485,0.00,490.00,0.00,490.00,0.00,0.00,0.00,0.00,0
NDX100,PERIOD_H1,15,0,15:00,60,BREAKOUT,2.00,0.10,50,2.00,1.0307,255,1088,0.079208,542,54,0.099631,487,229,47.02,1934.44,21768.65,-19834.21,1.10,12.13,1.62,186.06,261.13,250,8132.37,35462.00,510,1.0000,3.0000,0,200,0,600,0.000000,0.050000,487,0.00,255.00,0.00,255.00,0.00,0.00,0.00,0.00,0
NDX100,PERIOD_H1,15,0,15:00,60,BREAKOUT,2.00,0.10,213,3.00,1.1792,62,1385,0.049178,517,27,0.052224,488,231,47.34,2517.34,23476.96,-20959.62,1.12,14.29,2.01,186.33,97.84,250,8132.37,35462.00,510,1.0000,3.0000,0,200,0,600,0.000000,0.050000,488,0.00,62.00,0.00,62.00,0.00,0.00,0.00,0.00,0
NDX100,PERIOD_H1,15,0,15:00,60,BREAKOUT,2.00,0.10,379,2.50,1.2531,277,402,0.039457,512,24,0.046875,486,229,47.12,1973.59,22351.67,-20378.08,1.10,17.17,1.62,185.86,327.62,250,8132.37,35462.00,510,1.0000,3.0000,0,200,0,600,0.000000,0.050000,486,0.00,277.00,0.00,277.00,0.00,0.00,0.00,0.00,0
NDX100,PERIOD_H1,15,0,15:00,60,BREAKOUT,2.00,0.10,383,1.50,1.1377,260,404,0.024899,501,15,0.029940,484,233,48.14,2585.44,22737.39,-20151.95,1.13,12.08,2.05,185.73,287.54,250,8132.37,35462.00,510,1.0000,3.0000,0,200,0,600,0.000000,0.050000,484,0.00,260.00,0.00,260.00,0.00,0.00,0.00,0.00,0
NDX100,PERIOD_H1,15,0,15:00,60,BREAKOUT,2.00,0.10,215,2.50,1.1468,379,1290,0.096051,526,41,0.077947,483,224,46.38,1068.77,20015.86,-18947.09,1.06,15.74,0.94,186.09,408.36,250,8132.37,35462.00,510,1.0000,3.0000,0,200,0,600,0.000000,0.050000,483,0.00,379.00,0.00,379.00,0.00,0.00,0.00,0.00,0
NDX100,PERIOD_H1,15,0,15:00,60,BREAKOUT,2.00,0.10,218,1.50,1.0801,223,446,0.012266,494,5,0.010121,487,231,47.43,2468.40,22751.65,-20283.25,1.12,12.33,1.96,185.79,239.02,250,8132.37,35462.00,510,1.0000,3.0000,0,200,0,600,0.000000,0.050000,487,0.00,223.00,0.00,223.00,0.00,0.00,0.00,0.00,0
NDX100,PERIOD_H1,15,0,15:00,60,BREAKOUT,2.00,0.10,379,3.00,1.3115,332,482,0.039457,512,24,0.046875,486,227,46.71,1603.45,21569.94,-19966.49,1.08,17.54,1.35,185.73,394.31,250,8132.37,35462.00,510,1.0000,3.0000,0,200,0,600,0.000000,0.050000,486,0.00,332.00,0.00,332.00,0.00,0.00,0.00,0.00,0
NDX100,PERIOD_H1,15,0,15:00,60,BREAKOUT,2.00,0.10,48,3.00,1.0476,588,1469,0.032337,496,13,0.026210,483,229,47.41,753.90,19729.84,-18975.94,1.04,15.62,0.66,185.92,597.52,250,8132.37,35462.00,510,1.0000,3.0000,0,200,0,600,0.000000,0.050000,483,0.00,588.00,0.00,588.00,0.00,0.00,0.00,0.00,0
NDX100,PERIOD_H1,15,0,15:00,60,BREAKOUT,2.00,0.10,55,1.00,1.0133,55,380,0.023193,501,11,0.021956,488,235,48.16,3100.75,24481.50,-21380.75,1.15,12.97,2.38,186.13,57.66,250,8132.37,35462.00,510,1.0000,3.0000,0,200,0,600,0.000000,0.050000,488,0.00,55.00,0.00,55.00,0.00,0.00,0.00,0.00,0
NDX100,PERIOD_H1,15,0,15:00,60,BREAKOUT,2.00,0.10,217,2.00,1.1140,166,1140,0.042921,509,21,0.041257,486,231,47.53,1928.81,22009.61,-20080.80,1.10,10.99,1.58,186.10,188.80,250,8132.37,35462.00,510,1.0000,3.0000,0,200,0,600,0.000000,0.050000,486,0.00,166.00,0.00,166.00,0.00,0.00,0.00,0.00,0
NDX100,PERIOD_H1,15,0,15:00,60,BREAKOUT,2.00,0.10,383,2.00,1.1967,346,538,0.033198,506,20,0.039526,484,228,47.11,1673.15,21032.05,-19358.90,1.09,14.96,1.40,185.54,385.34,250,8132.37,35462.00,510,1.0000,3.0000,0,200,0,600,0.000000,0.050000,484,0.00,346.00,0.00,346.00,0.00,0.00,0.00,0.00,0
NDX100,PERIOD_H1,15,0,15:00,60,BREAKOUT,2.00,0.10,386,1.00,1.0793,170,51,0.026753,500,10,0.020000,489,232,47.44,2580.71,23368.53,-20787.82,1.12,14.27,2.01,185.84,185.86,250,8132.37,35462.00,510,1.0000,3.0000,0,200,0,600,0.000000,0.050000,489,0.00,170.00,0.00,170.00,0.00,0.00,0.00,0.00,0
NDX100,PERIOD_H1,15,0,15:00,60,BREAKOUT,2.00,0.10,221,1.00,1.0464,145,79,0.018331,506,18,0.035573,486,233,47.94,2955.31,23812.26,-20856.95,1.14,14.93,2.27,185.55,154.28,250,8132.37,35462.00,510,1.0000,3.0000,0,200,0,600,0.000000,0.050000,486,0.00,145.00,0.00,145.00,0.00,0.00,0.00,0.00,0
NDX100,PERIOD_H1,15,0,15:00,60,BREAKOUT,2.00,0.10,53,1.50,1.0225,186,488,0.074636,538,50,0.092937,486,230,47.33,2236.37,21712.76,-19476.39,1.11,11.58,1.82,185.58,190.51,250,8132.37,35462.00,510,1.0000,3.0000,0,200,0,600,0.000000,0.050000,486,0.00,186.00,0.00,186.00,0.00,0.00,0.00,0.00,0
NDX100,PERIOD_H1,15,0,15:00,60,BREAKOUT,2.00,0.10,49,2.50,1.0393,154,542,0.005771,492,2,0.004065,488,233,47.75,2885.30,23729.86,-20844.56,1.14,12.62,2.23,185.98,161.86,250,8132.37,35462.00,510,1.0000,3.0000,0,200,0,600,0.000000,0.050000,488,0.00,154.00,0.00,154.00,0.00,0.00,0.00,0.00,0
NDX100,PERIOD_H1,15,0,15:00,60,BREAKOUT,2.00,0.10,214,3.00,1.1799,259,567,0.022614,501,14,0.027944,485,232,47.84,2869.69,23379.53,-20509.84,1.14,12.90,2.26,185.90,294.99,250,8132.37,35462.00,510,1.0000,3.0000,0,200,0,600,0.000000,0.050000,485,0.00,259.00,0.00,259.00,0.00,0.00,0.00,0.00,0
NDX100,PERIOD_H1,15,0,15:00,60,BREAKOUT,2.00,0.10,51,2.00,1.0313,386,542,0.052644,502,15,0.029880,485,233,48.04,2762.85,22671.34,-19908.49,1.14,14.24,2.18,185.77,392.26,250,8132.37,35462.00,510,1.0000,3.0000,0,200,0,600,0.000000,0.050000,485,0.00,386.00,0.00,386.00,0.00,0.00,0.00,0.00,0
NDX100,PERIOD_H1,15,0,15:00,60,BREAKOUT,2.00,0.10,380,2.50,1.2537,441,1220,0.012891,494,7,0.014170,486,228,46.91,1029.68,20366.91,-19337.23,1.05,15.23,0.88,186.16,491.74,250,8132.37,35462.00,510,1.0000,3.0000,0,200,0,600,0.000000,0.050000,486,0.00,441.00,0.00,441.00,0.00,0.00,0.00,0.00,0
NDX100,PERIOD_H1,15,0,15:00,60,BREAKOUT,2.00,0.10,384,1.50,1.1380,58,895,0.004974,493,3,0.006085,488,232,47.54,2855.03,23771.40,-20916.37,1.14,11.77,2.20,186.00,85.60,250,8132.37,35462.00,510,1.0000,3.0000,0,200,0,600,0.000000,0.050000,488,0.00,58.00,0.00,58.00,0.00,0.00,0.00,0.00,0
NDX100,PERIOD_H1,15,0,15:00,60,BREAKOUT,2.00,0.10,216,2.50,1.1474,43,608,0.069485,535,47,0.087850,487,234,48.05,2183.44,22324.90,-20141.46,1.11,9.95,1.78,185.55,72.48,250,8132.37,35462.00,510,1.0000,3.0000,0,200,0,600,0.000000,0.050000,487,0.00,43.00,0.00,43.00,0.00,0.00,0.00,0.00,0
NDX100,PERIOD_H1,15,0,15:00,60,BREAKOUT,2.00,0.10,219,1.50,1.0804,21,37,0.067344,527,41,0.077799,485,231,47.63,2738.16,23528.65,-20790.49,1.13,16.19,2.13,185.46,37.09,250,8132.37,35462.00,510,1.0000,3.0000,0,200,0,600,0.000000,0.050000,485,0.00,21.00,0.00,21.00,0.00,0.00,0.00,0.00,0
NDX100,PERIOD_H1,15,0,15:00,60,BREAKOUT,2.00,0.10,380,3.00,1.3123,529,1464,0.012891,491,7,0.014257,484,227,46.90,832.06,19854.35,-19022.29,1.04,15.32,0.73,186.09,591.45,250,8132.37,35462.00,510,1.0000,3.0000,0,200,0,600,0.000000,0.050000,484,0.00,529.00,0.00,529.00,0.00,0.00,0.00,0.00,0
NDX100,PERIOD_H1,15,0,15:00,60,BREAKOUT,2.00,0.10,49,3.00,1.0483,185,651,0.005771,492,2,0.004065,488,231,47.34,2303.68,22663.72,-20360.04,1.11,11.79,1.84,186.22,194.67,250,8132.37,35462.00,510,1.0000,3.0000,0,200,0,600,0.000000,0.050000,488,0.00,185.00,0.00,185.00,0.00,0.00,0.00,0.00,0
NDX100,PERIOD_H1,15,0,15:00,60,BREAKOUT,2.00,0.10,56,1.00,1.0135,121,107,0.009909,492,2,0.004065,488,234,47.95,2522.43,23628.76,-21106.33,1.12,14.94,1.95,185.84,123.70,250,8132.37,35462.00,510,1.0000,3.0000,0,200,0,600,0.000000,0.050000,488,0.00,121.00,0.00,121.00,0.00,0.00,0.00,0.00,0
NDX100,PERIOD_H1,15,0,15:00,60,BREAKOUT,2.00,0.10,384,2.00,1.1971,77,1193,0.006632,495,5,0.010101,488,229,46.93,2485.19,23153.44,-20668.25,1.12,11.58,1.95,186.08,116.43,250,8132.37,35462.00,510,1.0000,3.0000,0,200,0,600,0.000000,0.050000,488,0.00,77.00,0.00,77.00,0.00,0.00,0.00,0.00,0
NDX100,PERIOD_H1,15,0,15:00,60,BREAKOUT,2.00,0.10,218,2.00,1.1144,297,595,0.016355,494,7,0.014170,485,231,47.63,2240.12,22225.67,-19985.55,1.11,14.17,1.81,186.02,319.89,250,8132.37,35462.00,510,1.0000,3.0000,0,200,0,600,0.000000,0.050000,485,0.00,297.00,0.00,297.00,0.00,0.00,0.00,0.00,0
NDX100,PERIOD_H1,15,0,15:00,60,BREAKOUT,2.00,0.10,387,1.00,1.0795,35,378,0.013469,495,5,0.010101,488,233,47.75,3369.41,24944.31,-21574.90,1.16,13.54,2.55,186.13,50.89,250,8132.37,35462.00,510,1.0000,3.0000,0,200,0,600,0.000000,0.050000,488,0.00,35.00,0.00,35.00,0.00,0.00,0.00,0.00,0
NDX100,PERIOD_H1,15,0,15:00,60,BREAKOUT,2.00,0.10,222,1.00,1.0466,11,406,0.005048,494,4,0.008097,488,233,47.75,3065.00,24222.72,-21157.72,1.14,13.13,2.34,185.74,20.31,250,8132.37,35462.00,510,1.0000,3.0000,0,200,0,600,0.000000,0.050000,488,0.00,11.00,0.00,11.00,0.00,0.00,0.00,0.00,0
NDX100,PERIOD_H1,15,0,15:00,60,BREAKOUT,2.00,0.10,50,2.50,1.0399,318,1360,0.079208,540,53,0.098148,486,228,46.91,1736.56,21385.51,-19648.95,1.09,13.79,1.47,186.02,325.97,250,8132.37,35462.00,510,1.0000,3.0000,0,200,0,600,0.000000,0.050000,486,0.00,318.00,0.00,318.00,0.00,0.00,0.00,0.00,0
NDX100,PERIOD_H1,15,0,15:00,60,BREAKOUT,2.00,0.10,54,1.50,1.0229,285,79,0.054714,514,26,0.050584,486,233,47.94,2838.14,23084.15,-20246.01,1.14,13.51,2.22,185.71,289.57,250,8132.37,35462.00,510,1.0000,3.0000,0,200,0,600,0.000000,0.050000,486,0.00,285.00,0.00,285.00,0.00,0.00,0.00,0.00,0
NDX100,PERIOD_H1,15,0,15:00,60,BREAKOUT,2.00,0.10,215,3.00,1.1807,455,1548,0.096051,524,40,0.076336,483,223,46.17,826.52,19777.95,-18951.43,1.04,16.12,0.74,186.22,491.13,250,8132.37,35462.00,510,1.0000,3.0000,0,200,0,600,0.000000,0.050000,483,0.00,455.00,0.00,455.00,0.00,0.00,0.00,0.00,0
NDX100,PERIOD_H1,15,0,15:00,60,BREAKOUT,2.00,0.10,52,2.00,1.0317,117,1196,0.026078,500,10,0.020000,488,231,47.34,2879.41,23767.60,-20888.19,1.14,12.85,2.23,186.05,123.35,250,8132.37,35462.00,510,1.0000,3.0000,0,200,0,600,0.000000,0.050000,488,0.00,117.00,0.00,117.00,0.00,0.00,0.00,0.00,0
NDX100,PERIOD_H1,15,0,15:00,60,BREAKOUT,2.00,0.10,385,1.50,1.1383,156,485,0.060051,526,36,0.068441,488,229,46.93,1812.05,22113.49,-20301.44,1.09,11.74,1.48,185.61,183.67,250,8132.37,35462.00,510,1.0000,3.0000,0,200,0,600,0.000000,0.050000,488,0.00,156.00,0.00,156.00,0.00,0.00,0.00,0.00,0
NDX100,PERIOD_H1,15,0,15:00,60,BREAKOUT,2.00,0.10,381,2.50,1.2543,105,538,0.086328,525,39,0.074286,484,233,48.14,2979.35,23204.93,-20225.58,1.15,11.56,2.34,185.53,155.86,250,8132.37,35462.00,510,1.0000,3.0000,0,200,0,600,0.000000,0.050000,484,0.00,105.00,0.00,105.00,0.00,0.00,0.00,0.00,0
NDX100,PERIOD_H1,15,0,15:00,60,BREAKOUT,2.00,0.10,217,2.50,1.1482,207,1425,0.042921,508,21,0.041339,485,231,47.63,1748.03,21760.43,-20012.40,1.09,11.94,1.45,186.08,236.64,250,8132.37,35462.00,510,1.0000,3.0000,0,200,0,600,0.000000,0.050000,485,0.00,207.00,0.00,207.00,0.00,0.00,0.00,0.00,0
NDX100,PERIOD_H1,15,0,15:00,60,BREAKOUT,2.00,0.10,220,1.50,1.0809,120,527,0.047421,521,32,0.061420,487,230,47.23,2164.67,22288.16,-20123.49,1.11,13.18,1.77,186.30,136.17,250,8132.37,35462.00,510,1.0000,3.0000,0,200,0,600,0.000000,0.050000,487,0.00,120.00,0.00,120.00,0.00,0.00,0.00,0.00,0
NDX100,PERIOD_H1,15,0,15:00,60,BREAKOUT,2.00,0.10,381,3.00,1.3130,126,645,0.086328,525,39,0.074286,484,232,47.93,2784.32,22823.17,-20038.85,1.14,11.31,2.20,185.80,188.60,250,8132.37,35462.00,510,1.0000,3.0000,0,200,0,600,0.000000,0.050000,484,0.00,126.00,0.00,126.00,0.00,0.00,0.00,0.00,0
NDX100,PERIOD_H1,15,0,15:00,60,BREAKOUT,2.00,0.10,50,3.00,1.0491,382,1632,0.079208,540,54,0.100000,485,228,47.01,1847.52,21325.32,-19477.80,1.09,11.84,1.56,185.88,391.81,250,8132.37,35462.00,510,1.0000,3.0000,0,200,0,600,0.000000,0.050000,485,0.00,382.00,0.00,382.00,0.00,0.00,0.00,0.00,0
NDX100,PERIOD_H1,15,0,15:00,60,BREAKOUT,2.00,0.10,57,1.00,1.0137,186,434,0.046629,513,23,0.044834,488,231,47.34,1993.16,22305.62,-20312.46,1.10,11.58,1.61,185.59,188.73,250,8132.37,35462.00,510,1.0000,3.0000,0,200,0,600,0.000000,0.050000,488,0.00,186.00,0.00,186.00,0.00,0.00,0.00,0.00,0
NDX100,PERIOD_H1,15,0,15:00,60,BREAKOUT,2.00,0.10,219,2.00,1.1149,28,49,0.089792,541,56,0.103512,484,230,47.52,2718.01,23112.77,-20394.76,1.13,16.20,2.15,185.44,50.98,250,8132.37,35462.00,510,1.0000,3.0000,0,200,0,600,0.000000,0.050000,484,0.00,28.00,0.00,28.00,0.00,0.00,0.00,0.00,0
NDX100,PERIOD_H1,15,0,15:00,60,BREAKOUT,2.00,0.10,385,2.00,1.1976,209,647,0.080068,537,49,0.091248,486,225,46.30,1538.71,21250.91,-19712.20,1.08,11.79,1.29,185.69,248.52,250,8132.37,35462.00,510,1.0000,3.0000,0,200,0,600,0.000000,0.050000,486,0.00,209.00,0.00,209.00,0.00,0.00,0.00,0.00,0
NDX100,PERIOD_H1,15,0,15:00,60,BREAKOUT,2.00,0.10,388,1.00,1.0797,101,105,0.000186,490,0,0.000000,488,234,47.95,2624.02,23864.10,-21240.08,1.12,14.97,2.02,185.80,116.93,250,8132.37,35462.00,510,1.0000,3.0000,0,200,0,600,0.000000,0.050000,488,0.00,101.00,0.00,101.00,0.00,0.00,0.00,0.00,0
NDX100,PERIOD_H1,15,0,15:00,60,BREAKOUT,2.00,0.10,223,1.00,1.0468,77,133,0.041768,510,20,0.039216,488,234,47.95,2928.99,24109.18,-21180.19,1.14,15.90,2.27,186.15,86.35,250,8132.37,35462.00,510,1.0000,3.0000,0,200,0,600,0.000000,0.050000,488,0.00,77.00,0.00,77.00,0.00,0.00,0.00,0.00,0
NDX100,PERIOD_H1,15,0,15:00,60,BREAKOUT,2.00,0.10,51,2.50,1.0407,482,678,0.052644,501,15,0.029940,485,231,47.63,1776.70,21396.09,-19619.39,1.09,15.06,1.48,185.89,490.13,250,8132.37,35462.00,510,1.0000,3.0000,0,200,0,600,0.000000,0.050000,485,0.00,482.00,0.00,482.00,0.00,0.00,0.00,0.00,0
NDX100,PERIOD_H1,15,0,15:00,60,BREAKOUT,2.00,0.10,55,1.50,1.0233,83,569,0.034789,509,19,0.037328,488,233,47.75,2720.74,23354.06,-20633.32,1.13,11.85,2.14,185.71,87.66,250,8132.37,35462.00,510,1.0000,3.0000,0,200,0,600,0.000000,0.050000,488,0.00,83.00,0.00,83.00,0.00,0.00,0.00,0.00,0
NDX100,PERIOD_H1,15,0,15:00,60,BREAKOUT,2.00,0.10,53,2.00,1.0322,248,651,0.099515,543,56,0.103131,485,230,47.42,2032.22,21215.34,-19183.12,1.11,12.69,1.68,186.10,254.44,250,8132.37,35462.00,510,1.0000,3.0000,0,200,0,600,0.000000,0.050000,485,0.00,248.00,0.00,248.00,0.00,0.00,0.00,0.00,0
NDX100,PERIOD_H1,15,0,15:00,60,BREAKOUT,2.00,0.10,216,3.00,1.1814,52,729,0.069485,535,47,0.087850,487,233,47.84,1901.36,21943.99,-20042.63,1.09,9.58,1.57,185.48,88.28,250,8132.37,35462.00,510,1.0000,3.0000,0,200,0,600,0.000000,0.050000,487,0.00,52.00,0.00,52.00,0.00,0.00,0.00,0.00,0
NDX100,PERIOD_H1,15,0,15:00,60,BREAKOUT,2.00,0.10,386,1.50,1.1388,255,76,0.040129,511,24,0.046967,486,234,48.15,2598.76,22999.30,-20400.54,1.13,15.13,2.04,186.00,282.75,250,8132.37,35462.00,510,1.0000,3.0000,0,200,0,600,0.000000,0.050000,486,0.00,255.00,0.00,255.00,0.00,0.00,0.00,0.00,0
NDX100,PERIOD_H1,15,0,15:00,60,BREAKOUT,2.00,0.10,218,2.50,1.1488,371,743,0.016355,493,6,0.012170,485,230,47.42,1920.74,21611.51,-19690.77,1.10,13.98,1.58,185.84,400.76,250,8132.37,35462.00,510,1.0000,3.0000,0,200,0,600,0.000000,0.050000,485,0.00,371.00,0.00,371.00,0.00,0.00,0.00,0.00,0
NDX100,PERIOD_H1,15,0,15:00,60,BREAKOUT,2.00,0.10,382,2.50,1.2551,269,1355,0.059761,523,36,0.068834,485,231,47.63,1177.24,20520.19,-19342.95,1.06,14.56,1.01,186.02,320.02,250,8132.37,35462.00,510,1.0000,3.0000,0,200,0,600,0.000000,0.050000,485,0.00,269.00,0.00,269.00,0.00,0.00,0.00,0.00,0
NDX100,PERIOD_H1,15,0,15:00,60,BREAKOUT,2.00,0.10,382,3.00,1.3140,322,1626,0.059761,523,36,0.068834,485,229,47.22,999.36,20337.36,-19338.00,1.05,15.46,0.87,185.78,384.79,250,8132.37,35462.00,510,1.0000,3.0000,0,200,0,600,0.000000,0.050000,485,0.00,322.00,0.00,322.00,0.00,0.00,0.00,0.00,0
NDX100,PERIOD_H1,15,0,15:00,60,BREAKOUT,2.00,0.10,221,1.50,1.0812,218,118,0.027496,508,21,0.041339,485,230,47.42,2142.63,22182.06,-20039.43,1.11,15.35,1.72,185.59,234.24,250,8132.37,35462.00,510,1.0000,3.0000,0,200,0,600,0.000000,0.050000,485,0.00,218.00,0.00,218.00,0.00,0.00,0.00,0.00,0
NDX100,PERIOD_H1,15,0,15:00,60,BREAKOUT,2.00,0.10,51,3.00,1.0501,579,813,0.052644,498,15,0.030120,483,231,47.83,1638.96,20871.82,-19232.86,1.09,14.97,1.38,185.90,589.01,250,8132.37,35462.00,510,1.0000,3.0000,0,200,0,600,0.000000,0.050000,483,0.00,579.00,0.00,579.00,0.00,0.00,0.00,0.00,0
NDX100,PERIOD_H1,15,0,15:00,60,BREAKOUT,2.00,0.10,58,1.00,1.0139,52,161,0.033346,502,12,0.023904,488,233,47.75,2942.85,24129.27,-21186.42,1.14,15.70,2.27,186.39,54.78,250,8132.37,35462.00,510,1.0000,3.0000,0,200,0,600,0.000000,0.050000,488,0.00,52.00,0.00,52.00,0.00,0.00,0.00,0.00,0
NDX100,PERIOD_H1,15,0,15:00,60,BREAKOUT,2.00,0.10,386,2.00,1.1982,340,101,0.053505,518,34,0.065637,482,231,47.93,2070.44,21939.20,-19868.76,1.10,17.33,1.70,186.38,379.64,250,8132.37,35462.00,510,1.0000,3.0000,0,200,0,600,0.000000,0.050000,482,0.00,340.00,0.00,340.00,0.00,0.00,0.00,0.00,0
NDX100,PERIOD_H1,15,0,15:00,60,BREAKOUT,2.00,0.10,220,2.00,1.1155,160,703,0.063228,528,39,0.073864,487,231,47.43,2091.52,21956.25,-19864.73,1.11,12.62,1.71,185.88,183.10,250,8132.37,35462.00,510,1.0000,3.0000,0,200,0,600,0.000000,0.050000,487,0.00,160.00,0.00,160.00,0.00,0.00,0.00,0.00,0
NDX100,PERIOD_H1,15,0,15:00,60,BREAKOUT,2.00,0.10,389,1.00,1.0798,167,432,0.036906,511,22,0.043053,487,230,47.23,2094.13,22570.17,-20476.04,1.10,11.65,1.69,185.93,182.97,250,8132.37,35462.00,510,1.0000,3.0000,0,200,0,600,0.000000,0.050000,487,0.00,167.00,0.00,167.00,0.00,0.00,0.00,0.00,0
NDX100,PERIOD_H1,15,0,15:00,60,BREAKOUT,2.00,0.10,224,1.00,1.0470,142,460,0.028484,505,15,0.029703,488,231,47.34,2592.29,23359.11,-20766.82,1.12,12.67,2.05,185.76,151.40,250,8132.37,35462.00,510,1.0000,3.0000,0,200,0,600,0.000000,0.050000,488,0.00,142.00,0.00,142.00,0.00,0.00,0.00,0.00,0
NDX100,PERIOD_H1,15,0,15:00,60,BREAKOUT,2.00,0.10,52,2.50,1.0413,146,1496,0.026078,500,10,0.020000,488,231,47.34,2747.97,23674.91,-20926.94,1.13,13.11,2.13,185.84,154.25,250,8132.37,35462.00,510,1.0000,3.0000,0,200,0,600,0.000000,0.050000,488,0.00,146.00,0.00,146.00,0.00,0.00,0.00,0.00,0
NDX100,PERIOD_H1,15,0,15:00,60,BREAKOUT,2.00,0.10,56,1.50,1.0236,181,160,0.014864,497,8,0.016097,487,234,48.05,3173.20,23791.01,-20617.81,1.15,12.82,2.42,186.37,185.20,250,8132.37,35462.00,510,1.0000,3.0000,0,200,0,600,0.000000,0.050000,487,0.00,181.00,0.00,181.00,0.00,0.00,0.00,0.00,0
NDX100,PERIOD_H1,15,0,15:00,60,BREAKOUT,2.00,0.10,217,3.00,1.1824,249,1711,0.042921,508,22,0.043307,484,231,47.73,1572.08,21321.02,-19748.94,1.08,12.12,1.33,185.99,285.48,250,8132.37,35462.00,510,1.0000,3.0000,0,200,0,600,0.000000,0.050000,484,0.00,249.00,0.00,249.00,0.00,0.00,0.00,0.00,0
NDX100,PERIOD_H1,15,0,15:00,60,BREAKOUT,2.00,0.10,54,2.00,1.0327,379,105,0.072951,523,36,0.068834,485,233,48.04,2310.49,22031.11,-19720.62,1.12,15.71,1.87,185.71,385.53,250,8132.37,35462.00,510,1.0000,3.0000,0,200,0,600,0.000000,0.050000,485,0.00,379.00,0.00,379.00,0.00,0.00,0.00,0.00,0
NDX100,PERIOD_H1,15,0,15:00,60,BREAKOUT,2.00,0.10,219,2.50,1.1494,35,61,0.089792,541,56,0.103512,484,230,47.52,2728.69,23111.84,-20383.15,1.13,16.21,2.15,185.44,64.87,250,8132.37,35462.00,510,1.0000,3.0000,0,200,0,600,0.000000,0.050000,484,0.00,35.00,0.00,35.00,0.00,0.00,0.00,0.00,0
NDX100,PERIOD_H1,15,0,15:00,60,BREAKOUT,2.00,0.10,383,2.50,1.2557,433,673,0.033198,505,20,0.039604,484,227,46.90,1078.62,20083.81,-19005.19,1.06,15.03,0.93,185.80,484.14,250,8132.37,35462.00,510,1.0000,3.0000,0,200,0,600,0.000000,0.050000,484,0.00,433.00,0.00,433.00,0.00,0.00,0.00,0.00,0
NDX100,PERIOD_H1,15,0,15:00,60,BREAKOUT,2.00,0.10,387,1.50,1.1391,53,566,0.020204,501,11,0.021956,488,232,47.54,2955.50,23748.84,-20793.34,1.14,13.29,2.29,185.67,80.81,250,8132.37,35462.00,510,1.0000,3.0000,0,200,0,600,0.000000,0.050000,488,0.00,53.00,0.00,53.00,0.00,0.00,0.00,0.00,0
NDX100,PERIOD_H1,15,0,15:00,60,BREAKOUT,2.00,0.10,383,3.00,1.3147,519,808,0.033198,502,20,0.039841,482,227,47.10,946.86,19821.65,-18874.79,1.05,15.17,0.83,185.76,581.94,250,8132.37,35462.00,510,1.0000,3.0000,0,200,0,600,0.000000,0.050000,482,0.00,519.00,0.00,519.00,0.00,0.00,0.00,0.00,0
NDX100,PERIOD_H1,15,0,15:00,60,BREAKOUT,2.00,0.10,222,1.50,1.0815,16,609,0.007572,497,7,0.014085,488,233,47.75,2942.87,23841.11,-20898.24,1.14,13.25,2.26,185.92,32.30,250,8132.37,35462.00,510,1.0000,3.0000,0,200,0,600,0.000000,0.050000,488,0.00,16.00,0.00,16.00,0.00,0.00,0.00,0.00,0
NDX100,PERIOD_H1,15,0,15:00,60,BREAKOUT,2.00,0.10,52,3.00,1.0508,175,1795,0.026078,500,10,0.020000,488,228,46.72,2194.30,22668.77,-20474.47,1.11,14.62,1.75,186.09,185.16,250,8132.37,35462.00,510,1.0000,3.0000,0,200,0,600,0.000000,0.050000,488,0.00,175.00,0.00,175.00,0.00,0.00,0.00,0.00,0
NDX100,PERIOD_H1,15,0,15:00,60,BREAKOUT,2.00,0.10,387,2.00,1.1987,71,755,0.026939,503,13,0.025845,488,230,47.13,2591.33,23159.08,-20567.75,1.13,13.24,2.04,185.64,110.74,250,8132.37,35462.00,510,1.0000,3.0000,0,200,0,600,0.000000,0.050000,488,0.00,71.00,0.00,71.00,0.00,0.00,0.00,0.00,0
NDX100,PERIOD_H1,15,0,15:00,60,BREAKOUT,2.00,0.10,221,2.00,1.1160,291,157,0.036662,511,26,0.050881,483,229,47.41,2137.46,21697.62,-19560.16,1.11,16.96,1.73,186.03,314.19,250,8132.37,35462.00,510,1.0000,3.0000,0,200,0,600,0.000000,0.050000,483,0.00,291.00,0.00,291.00,0.00,0.00,0.00,0.00,0
NDX100,PERIOD_H1,15,0,15:00,60,BREAKOUT,2.00,0.10,59,1.00,1.0141,118,488,0.020063,496,6,0.012097,488,234,47.95,3257.88,24540.17,-21282.29,1.15,13.14,2.47,185.78,120.82,250,8132.37,35462.00,510,1.0000,3.0000,0,200,0,600,0.000000,0.050000,488,0.00,118.00,0.00,118.00,0.00,0.00,0.00,0.00,0
NDX100,PERIOD_H1,15,0,15:00,60,BREAKOUT,2.00,0.10,390,1.00,1.0801,32,159,0.023623,507,17,0.033531,488,232,47.54,3020.14,24318.10,-21297.96,1.14,16.07,2.32,186.41,48.02,250,8132.37,35462.00,510,1.0000,3.0000,0,200,0,600,0.000000,0.050000,488,0.00,32.00,0.00,32.00,0.00,0.00,0.00,0.00,0
NDX100,PERIOD_H1,15,0,15:00,60,BREAKOUT,2.00,0.10,225,1.00,1.0472,8,187,0.015201,498,9,0.018072,488,235,48.16,3181.03,24495.42,-21314.39,1.15,14.68,2.42,186.60,17.44,250,8132.37,35462.00,510,1.0000,3.0000,0,200,0,600,0.000000,0.050000,488,0.00,8.00,0.00,8.00,0.00,0.00,0.00,0.00,0
NDX100,PERIOD_H1,15,0,15:00,60,BREAKOUT,2.00,0.10,57,1.50,1.0239,280,651,0.069944,534,47,0.088015,485,230,47.42,1794.92,21623.48,-19828.56,1.09,12.98,1.49,186.09,284.79,250,8132.37,35462.00,510,1.0000,3.0000,0,200,0,600,0.000000,0.050000,485,0.00,280.00,0.00,280.00,0.00,0.00,0.00,0.00,0
NDX100,PERIOD_H1,15,0,15:00,60,BREAKOUT,2.00,0.10,53,2.50,1.0419,310,813,0.099515,541,56,0.103512,483,230,47.62,2033.61,21095.75,-19062.14,1.11,14.38,1.68,185.75,318.37,250,8132.37,35462.00,510,1.0000,3.0000,0,200,0,600,0.000000,0.050000,483,0.00,310.00,0.00,310.00,0.00,0.00,0.00,0.00,0
NDX100,PERIOD_H1,15,0,15:00,60,BREAKOUT,2.00,0.10,55,2.00,1.0333,111,759,0.046385,519,30,0.057803,487,234,48.05,2867.04,23726.03,-20858.99,1.14,12.77,2.24,185.73,117.65,250,8132.37,35462.00,510,1.0000,3.0000,0,200,0,600,0.000000,0.050000,487,0.00,111.00,0.00,111.00,0.00,0.00,0.00,0.00,0
NDX100,PERIOD_H1,15,0,15:00,60,BREAKOUT,2.00,0.10,218,3.00,1.1831,446,892,0.016355,492,6,0.012195,485,229,47.22,1315.27,20643.85,-19328.58,1.07,15.28,1.12,186.35,482.62,250,8132.37,35462.00,510,1.0000,3.0000,0,200,0,600,0.000000,0.050000,485,0.00,446.00,0.00,446.00,0.00,0.00,0.00,0.00,0
NDX100,PERIOD_H1,15,0,15:00,60,BREAKOUT,2.00,0.10,220,2.50,1.1502,199,879,0.063228,527,38,0.072106,487,230,47.23,1664.13,21138.15,-19474.02,1.09,12.90,1.39,186.03,229.03,250,8132.37,35462.00,510,1.0000,3.0000,0,200,0,600,0.000000,0.050000,487,0.00,199.00,0.00,199.00,0.00,0.00,0.00,0.00,0
NDX100,PERIOD_H1,15,0,15:00,60,BREAKOUT,2.00,0.10,384,3.00,1.3154,116,1789,0.006632,495,5,0.010101,488,227,46.52,2041.28,22558.02,-20516.74,1.10,14.18,1.64,186.03,179.09,250,8132.37,35462.00,510,1.0000,3.0000,0,200,0,600,0.000000,0.050000,488,0.00,116.00,0.00,116.00,0.00,0.00,0.00,0.00,0
NDX100,PERIOD_H1,15,0,15:00,60,BREAKOUT,2.00,0.10,388,1.50,1.1394,152,157,0.000279,490,0,0.000000,488,235,48.16,2994.29,24135.01,-21140.72,1.14,15.00,2.30,186.39,179.88,250,8132.37,35462.00,510,1.0000,3.0000,0,200,0,600,0.000000,0.050000,488,0.00,152.00,0.00,152.00,0.00,0.00,0.00,0.00,0
NDX100,PERIOD_H1,15,0,15:00,60,BREAKOUT,2.00,0.10,384,2.50,1.2563,97,1491,0.006632,495,5,0.010101,488,229,46.93,2391.28,23071.67,-20680.39,1.12,11.52,1.89,185.87,148.26,250,8132.37,35462.00,510,1.0000,3.0000,0,200,0,600,0.000000,0.050000,488,0.00,97.00,0.00,97.00,0.00,0.00,0.00,0.00,0
NDX100,PERIOD_H1,15,0,15:00,60,BREAKOUT,2.00,0.10,223,1.50,1.0818,115,199,0.062651,515,25,0.048544,488,233,47.75,2832.63,23749.57,-20916.94,1.14,15.03,2.21,186.31,131.36,250,8132.37,35462.00,510,1.0000,3.0000,0,200,0,600,0.000000,0.050000,488,0.00,115.00,0.00,115.00,0.00,0.00,0.00,0.00,0
NDX100,PERIOD_H1,15,0,15:00,60,BREAKOUT,2.00,0.10,53,3.00,1.0515,372,976,0.099515,540,55,0.101852,483,229,47.41,1482.76,20299.20,-18816.44,1.08,17.21,1.27,186.20,382.30,250,8132.37,35462.00,510,1.0000,3.0000,0,200,0,600,0.000000,0.050000,483,0.00,372.00,0.00,372.00,0.00,0.00,0.00,0.00,0
NDX100,PERIOD_H1,15,0,15:00,60,BREAKOUT,2.00,0.10,60,1.00,1.0143,183,215,0.006780,494,4,0.008097,488,235,48.16,3058.53,24050.63,-20992.10,1.15,14.26,2.34,186.33,185.86,250,8132.37,35462.00,510,1.0000,3.0000,0,200,0,600,0.000000,0.050000,488,0.00,183.00,0.00,183.00,0.00,0.00,0.00,0.00,0
NDX100,PERIOD_H1,15,0,15:00,60,BREAKOUT,2.00,0.10,388,2.00,1.1991,202,209,0.000372,489,0,0.000000,487,234,48.05,2711.32,23431.37,-20720.05,1.13,14.61,2.11,186.29,241.83,250,8132.37,35462.00,510,1.0000,3.0000,0,200,0,600,0.000000,0.050000,487,0.00,202.00,0.00,202.00,0.00,0.00,0.00,0.00,0
NDX100,PERIOD_H1,15,0,15:00,60,BREAKOUT,2.00,0.10,222,2.00,1.1164,22,811,0.010096,497,7,0.014085,488,233,47.75,2990.71,23828.82,-20838.11,1.14,13.43,2.29,185.66,45.29,250,8132.37,35462.00,510,1.0000,3.0000,0,200,0,600,0.000000,0.050000,488,0.00,22.00,0.00,22.00,0.00,0.00,0.00,0.00,0
NDX100,PERIOD_H1,15,0,15:00,60,BREAKOUT,2.00,0.10,391,1.00,1.0803,98,486,0.010340,501,12,0.023952,487,232,47.64,2602.76,23480.37,-20877.61,1.12,13.38,2.03,185.82,114.05,250,8132.37,35462.00,510,1.0000,3.0000,0,200,0,600,0.000000,0.050000,487,0.00,98.00,0.00,98.00,0.00,0.00,0.00,0.00,0
NDX100,PERIOD_H1,15,0,15:00,60,BREAKOUT,2.00,0.10,226,1.00,1.0474,73,514,0.001920,491,1,0.002037,488,233,47.75,2887.99,23946.85,-21058.86,1.14,13.34,2.22,185.85,82.47,250,8132.37,35462.00,510,1.0000,3.0000,0,200,0,600,0.000000,0.050000,488,0.00,73.00,0.00,73.00,0.00,0.00,0.00,0.00,0
NDX100,PERIOD_H1,15,0,15:00,60,BREAKOUT,2.00,0.10,54,2.50,1.0425,474,131,0.072951,522,37,0.070881,484,233,48.14,2409.51,21897.00,-19487.49,1.12,15.15,1.96,186.20,482.49,250,8132.37,35462.00,510,1.0000,3.0000,0,200,0,600,0.000000,0.050000,484,0.00,474.00,0.00,474.00,0.00,0.00,0.00,0.00,0
NDX100,PERIOD_H1,15,0,15:00,60,BREAKOUT,2.00,0.10,58,1.50,1.0244,78,241,0.050019,516,27,0.052326,487,230,47.23,1985.85,22245.46,-20259.61,1.10,15.93,1.61,186.43,82.87,250,8132.37,35462.00,510,1.0000,3.0000,0,200,0,600,0.000000,0.050000,487,0.00,78.00,0.00,78.00,0.00,0.00,0.00,0.00,0
NDX100,PERIOD_H1,15,0,15:00,60,BREAKOUT,2.00,0.10,56,2.00,1.0337,242,213,0.019819,497,9,0.018109,486,234,48.15,3045.08,23590.44,-20545.36,1.15,13.10,2.34,186.35,248.00,250,8132.37,35462.00,510,1.0000,3.0000,0,200,0,600,0.000000,0.050000,486,0.00,242.00,0.00,242.00,0.00,0.00,0.00,0.00,0
NDX100,PERIOD_H1,15,0,15:00,60,BREAKOUT,2.00,0.10,221,2.50,1.1508,363,196,0.036662,510,26,0.050980,482,228,47.30,1907.09,21375.26,-19468.17,1.10,17.74,1.58,186.10,393.15,250,8132.37,35462.00,510,1.0000,3.0000,0,200,0,600,0.000000,0.050000,482,0.00,363.00,0.00,363.00,0.00,0.00,0.00,0.00,0
NDX100,PERIOD_H1,15,0,15:00,60,BREAKOUT,2.00,0.10,219,3.00,1.1838,43,73,0.089792,543,58,0.106814,484,230,47.52,2738.08,23131.78,-20393.70,1.13,16.15,2.17,185.36,79.77,250,8132.37,35462.00,510,1.0000,3.0000,0,200,0,600,0.000000,0.050000,484,0.00,43.00,0.00,43.00,0.00,0.00,0.00,0.00,0
NDX100,PERIOD_H1,15,0,15:00,60,BREAKOUT,2.00,0.10,385,3.00,1.3162,313,970,0.080068,536,49,0.091418,485,223,45.98,615.10,19634.75,-19019.65,1.03,16.99,0.54,186.03,376.23,250,8132.37,35462.00,510,1.0000,3.0000,0,200,0,600,0.000000,0.050000,485,0.00,313.00,0.00,313.00,0.00,0.00,0.00,0.00,0
NDX100,PERIOD_H1,15,0,15:00,60,BREAKOUT,2.00,0.10,385,2.50,1.2569,261,809,0.080068,536,49,0.091418,485,225,46.39,1269.03,20622.49,-19353.46,1.07,13.59,1.08,185.51,312.38,250,8132.37,35462.00,510,1.0000,3.0000,0,200,0,600,0.000000,0.050000,485,0.00,261.00,0.00,261.00,0.00,0.00,0.00,0.00,0
NDX100,PERIOD_H1,15,0,15:00,60,BREAKOUT,2.00,0.10,389,1.50,1.1397,250,648,0.055359,519,31,0.059730,486,232,47.74,1820.29,21586.21,-19765.92,1.09,11.16,1.50,185.97,277.94,250,8132.37,35462.00,510,1.0000,3.0000,0,200,0,600,0.000000,0.050000,486,0.00,250.00,0.00,250.00,0.00,0.00,0.00,0.00,0
NDX100,PERIOD_H1,15,0,15:00,60,BREAKOUT,2.00,0.10,224,1.50,1.0822,213,690,0.042727,514,24,0.046693,488,229,46.93,1869.50,21889.84,-20020.34,1.09,12.41,1.55,185.59,229.45,250,8132.37,35462.00,510,1.0000,3.0000,0,200,0,600,0.000000,0.050000,488,0.00,213.00,0.00,213.00,0.00,0.00,0.00,0.00,0
NDX100,PERIOD_H1,15,0,15:00,60,BREAKOUT,2.00,0.10,54,3.00,1.0522,569,157,0.072951,519,37,0.071291,482,233,48.34,1844.63,20928.79,-19084.16,1.10,15.82,1.55,186.64,579.45,250,8132.37,35462.00,510,1.0000,3.0000,0,200,0,600,0.000000,0.050000,482,0.00,569.00,0.00,569.00,0.00,0.00,0.00,0.00,0
NDX100,PERIOD_H1,15,0,15:00,60,BREAKOUT,2.00,0.10,61,1.00,1.0145,49,542,0.043500,503,15,0.029821,486,233,47.94,3057.62,24061.22,-21003.60,1.15,13.94,2.36,186.07,51.89,250,8132.37,35462.00,510,1.0000,3.0000,0,200,0,600,0.000000,0.050000,486,0.00,49.00,0.00,49.00,0.00,0.00,0.00,0.00,0
NDX100,PERIOD_H1,15,0,15:00,60,BREAKOUT,2.00,0.10,389,2.00,1.1996,333,864,0.073812,530,45,0.084906,483,228,47.20,846.63,19736.89,-18890.26,1.04,14.47,0.74,185.99,372.92,250,8132.37,35462.00,510,1.0000,3.0000,0,200,0,600,0.000000,0.050000,483,0.00,333.00,0.00,333.00,0.00,0.00,0.00,0.00,0
NDX100,PERIOD_H1,15,0,15:00,60,BREAKOUT,2.00,0.10,223,2.00,1.1169,153,266,0.083535,527,37,0.070209,488,231,47.34,2100.87,22286.26,-20185.39,1.10,15.20,1.70,186.50,176.38,250,8132.37,35462.00,510,1.0000,3.0000,0,200,0,600,0.000000,0.050000,488,0.00,153.00,0.00,153.00,0.00,0.00,0.00,0.00,0
NDX100,PERIOD_H1,15,0,15:00,60,BREAKOUT,2.00,0.10,392,1.00,1.0804,164,213,0.047060,512,22,0.042969,488,232,47.54,3014.58,23767.42,-20752.84,1.15,13.54,2.34,186.31,180.09,250,8132.37,35462.00,510,1.0000,3.0000,0,200,0,600,0.000000,0.050000,488,0.00,164.00,0.00,164.00,0.00,0.00,0.00,0.00,0
NDX100,PERIOD_H1,15,0,15:00,60,BREAKOUT,2.00,0.10,227,1.00,1.0475,139,241,0.038638,502,13,0.025896,487,236,48.46,3538.38,24535.55,-20997.17,1.17,13.78,2.64,186.23,148.51,250,8132.37,35462.00,510,1.0000,3.0000,0,200,0,600,0.000000,0.050000,487,0.00,139.00,0.00,139.00,0.00,0.00,0.00,0.00,0
NDX100,PERIOD_H1,15,0,15:00,60,BREAKOUT,2.00,0.10,55,2.50,1.0432,138,949,0.046385,520,31,0.059615,487,235,48.25,2915.34,23717.79,-20802.45,1.14,12.10,2.29,186.39,146.65,250,8132.37,35462.00,510,1.0000,3.0000,0,200,0,600,0.000000,0.050000,487,0.00,138.00,0.00,138.00,0.00,0.00,0.00,0.00,0
NDX100,PERIOD_H1,15,0,15:00,60,BREAKOUT,2.00,0.10,59,1.50,1.0247,177,732,0.030094,501,11,0.021956,488,233,47.75,2405.59,22670.78,-20265.19,1.12,12.04,1.91,185.79,181.93,250,8132.37,35462.00,510,1.0000,3.0000,0,200,0,600,0.000000,0.050000,488,0.00,177.00,0.00,177.00,0.00,0.00,0.00,0.00,0
NDX100,PERIOD_H1,15,0,15:00,60,BREAKOUT,2.00,0.10,222,2.50,1.1514,27,1014,0.010096,497,7,0.014085,488,231,47.34,2410.78,23107.19,-20696.41,1.12,15.88,1.90,185.95,57.27,250,8132.37,35462.00,510,1.0000,3.0000,0,200,0,600,0.000000,0.050000,488,0.00,27.00,0.00,27.00,0.00,0.00,0.00,0.00,0
NDX100,PERIOD_H1,15,0,15:00,60,BREAKOUT,2.00,0.10,57,2.00,1.0342,373,868,0.093258,548,64,0.116788,482,228,47.30,1145.61,20270.08,-19124.47,1.06,14.75,1.00,185.88,379.84,250,8132.37,35462.00,510,1.0000,3.0000,0,200,0,600,0.000000,0.050000,482,0.00,373.00,0.00,373.00,0.00,0.00,0.00,0.00,0
NDX100,PERIOD_H1,15,0,15:00,60,BREAKOUT,2.00,0.10,220,3.00,1.1848,239,1054,0.063228,526,38,0.072243,486,230,47.33,1561.30,20928.09,-19366.79,1.08,12.93,1.32,185.94,275.96,250,8132.37,35462.00,510,1.0000,3.0000,0,200,0,600,0.000000,0.050000,486,0.00,239.00,0.00,239.00,0.00,0.00,0.00,0.00,0
NDX100,PERIOD_H1,15,0,15:00,60,BREAKOUT,2.00,0.10,386,2.50,1.2577,425,126,0.053505,516,33,0.063953,482,231,47.93,2219.17,21884.67,-19665.50,1.11,17.52,1.83,186.58,476.54,250,8132.37,35462.00,510,1.0000,3.0000,0,200,0,600,0.000000,0.050000,482,0.00,425.00,0.00,425.00,0.00,0.00,0.00,0.00,0
NDX100,PERIOD_H1,15,0,15:00,60,BREAKOUT,2.00,0.10,386,3.00,1.3171,510,152,0.053505,512,32,0.062500,480,231,48.13,1834.29,21227.21,-19392.92,1.09,17.87,1.55,186.89,573.43,250,8132.37,35462.00,510,1.0000,3.0000,0,200,0,600,0.000000,0.050000,480,0.00,510.00,0.00,510.00,0.00,0.00,0.00,0.00,0
NDX100,PERIOD_H1,15,0,15:00,60,BREAKOUT,2.00,0.10,225,1.50,1.0826,12,280,0.022802,501,12,0.023952,488,234,47.95,2672.60,23758.80,-21086.20,1.13,14.44,2.07,186.43,28.51,250,8132.37,35462.00,510,1.0000,3.0000,0,200,0,600,0.000000,0.050000,488,0.00,12.00,0.00,12.00,0.00,0.00,0.00,0.00,0
NDX100,PERIOD_H1,15,0,15:00,60,BREAKOUT,2.00,0.10,390,1.50,1.1401,48,238,0.035434,513,24,0.046784,487,229,47.02,2903.17,24048.66,-21145.49,1.14,16.24,2.25,186.22,76.03,250,8132.37,35462.00,510,1.0000,3.0000,0,200,0,600,0.000000,0.050000,487,0.00,48.00,0.00,48.00,0.00,0.00,0.00,0.00,0
NDX100,PERIOD_H1,15,0,15:00,60,BREAKOUT,2.00,0.10,55,3.00,1.0532,166,1139,0.046385,520,31,0.059615,487,234,48.05,2726.24,23474.01,-20747.77,1.13,11.99,2.15,186.06,176.64,250,8132.37,35462.00,510,1.0000,3.0000,0,200,0,600,0.000000,0.050000,487,0.00,166.00,0.00,166.00,0.00,0.00,0.00,0.00,0
NDX100,PERIOD_H1,15,0,15:00,60,BREAKOUT,2.00,0.10,62,1.00,1.0147,115,269,0.030216,505,16,0.031683,487,237,48.67,3128.39,24098.25,-20969.86,1.15,15.74,2.39,186.60,117.94,250,8132.37,35462.00,510,1.0000,3.0000,0,200,0,600,0.000000,0.050000,487,0.00,115.00,0.00,115.00,0.00,0.00,0.00,0.00,0
NDX100,PERIOD_H1,15,0,15:00,60,BREAKOUT,2.00,0.10,224,2.00,1.1175,284,920,0.056969,519,31,0.059730,486,229,47.12,1544.83,21343.28,-19798.45,1.08,12.66,1.30,186.03,307.50,250,8132.37,35462.00,510,1.0000,3.0000,0,200,0,600,0.000000,0.050000,486,0.00,284.00,0.00,284.00,0.00,0.00,0.00,0.00,0
NDX100,PERIOD_H1,15,0,15:00,60,BREAKOUT,2.00,0.10,390,2.00,1.2002,65,318,0.047246,518,30,0.057915,486,228,46.91,2657.43,23472.73,-20815.30,1.13,15.97,2.10,186.30,105.04,250,8132.37,35462.00,510,1.0000,3.0000,0,200,0,600,0.000000,0.050000,486,0.00,65.00,0.00,65.00,0.00,0.00,0.00,0.00,0
NDX100,PERIOD_H1,15,0,15:00,60,BREAKOUT,2.00,0.10,228,1.00,1.0478,5,568,0.025355,504,13,0.025794,489,233,47.65,2992.21,24055.82,-21063.61,1.14,13.50,2.29,185.68,14.56,250,8132.37,35462.00,510,1.0000,3.0000,0,200,0,600,0.000000,0.050000,489,0.00,5.00,0.00,5.00,0.00,0.00,0.00,0.00,0
NDX100,PERIOD_H1,15,0,15:00,60,BREAKOUT,2.00,0.10,393,1.00,1.0806,29,540,0.033776,508,19,0.037402,487,230,47.23,2263.71,23318.61,-21054.90,1.11,13.46,1.81,185.79,45.13,250,8132.37,35462.00,510,1.0000,3.0000,0,200,0,600,0.000000,0.050000,487,0.00,29.00,0.00,29.00,0.00,0.00,0.00,0.00,0
NDX100,PERIOD_H1,15,0,15:00,60,BREAKOUT,2.00,0.10,56,2.50,1.0438,302,267,0.019819,495,8,0.016162,485,233,48.04,2748.01,22948.08,-20200.07,1.14,14.99,2.14,186.65,309.80,250,8132.37,35462.00,510,1.0000,3.0000,0,200,0,600,0.000000,0.050000,485,0.00,302.00,0.00,302.00,0.00,0.00,0.00,0.00,0
NDX100,PERIOD_H1,15,0,15:00,60,BREAKOUT,2.00,0.10,60,1.50,1.0250,275,323,0.010170,494,6,0.012146,486,234,48.15,2645.93,23192.37,-20546.44,1.13,14.84,2.07,186.48,280.00,250,8132.37,35462.00,510,1.0000,3.0000,0,200,0,600,0.000000,0.050000,486,0.00,275.00,0.00,275.00,0.00,0.00,0.00,0.00,0
NDX100,PERIOD_H1,15,0,15:00,60,BREAKOUT,2.00,0.10,223,2.50,1.1520,192,332,0.083535,528,38,0.071970,488,229,46.93,1839.60,21607.59,-19767.99,1.09,13.92,1.51,186.16,222.39,250,8132.37,35462.00,510,1.0000,3.0000,0,200,0,600,0.000000,0.050000,488,0.00,192.00,0.00,192.00,0.00,0.00,0.00,0.00,0
NDX100,PERIOD_H1,15,0,15:00,60,BREAKOUT,2.00,0.10,221,3.00,1.1856,436,236,0.036662,509,26,0.051081,482,226,46.89,1550.53,20796.65,-19246.12,1.08,17.53,1.31,186.08,473.11,250,8132.37,35462.00,510,1.0000,3.0000,0,200,0,600,0.000000,0.050000,482,0.00,436.00,0.00,436.00,0.00,0.00,0.00,0.00,0
NDX100,PERIOD_H1,15,0,15:00,60,BREAKOUT,2.00,0.10,58,2.00,1.0348,104,322,0.066692,523,35,0.066922,486,230,47.33,1368.76,20808.34,-19439.58,1.07,15.56,1.15,186.46,110.96,250,8132.37,35462.00,510,1.0000,3.0000,0,200,0,600,0.000000,0.050000,486,0.00,104.00,0.00,104.00,0.00,0.00,0.00,0.00,0
NDX100,PERIOD_H1,15,0,15:00,60,BREAKOUT,2.00,0.10,387,2.50,1.2583,89,944,0.026939,503,13,0.025845,488,230,47.13,2497.25,22885.63,-20388.38,1.12,12.64,1.98,186.01,140.66,250,8132.37,35462.00,510,1.0000,3.0000,0,200,0,600,0.000000,0.050000,488,0.00,89.00,0.00,89.00,0.00,0.00,0.00,0.00,0
NDX100,PERIOD_H1,15,0,15:00,60,BREAKOUT,2.00,0.10,387,3.00,1.3179,106,1133,0.026939,503,13,0.025845,488,229,46.93,2407.86,22742.27,-20334.41,1.12,12.45,1.92,185.97,169.58,250,8132.37,35462.00,510,1.0000,3.0000,0,200,0,600,0.000000,0.050000,488,0.00,106.00,0.00,106.00,0.00,0.00,0.00,0.00,0
NDX100,PERIOD_H1,15,0,15:00,60,BREAKOUT,2.00,0.10,226,1.50,1.0829,110,771,0.002879,491,1,0.002037,488,233,47.75,2808.60,23611.41,-20802.81,1.14,12.75,2.17,185.75,126.58,250,8132.37,35462.00,510,1.0000,3.0000,0,200,0,600,0.000000,0.050000,488,0.00,110.00,0.00,110.00,0.00,0.00,0.00,0.00,0
NDX100,PERIOD_H1,15,0,15:00,60,BREAKOUT,2.00,0.10,391,1.50,1.1405,147,729,0.015510,504,15,0.029762,487,233,47.84,2793.46,23305.24,-20511.78,1.14,12.58,2.17,185.84,175.09,250,8132.37,35462.00,510,1.0000,3.0000,0,200,0,600,0.000000,0.050000,487,0.00,147.00,0.00,147.00,0.00,0.00,0.00,0.00,0
NDX100,PERIOD_H1,15,0,15:00,60,BREAKOUT,2.00,0.10,56,3.00,1.0540,363,320,0.019819,495,9,0.018182,484,232,47.93,2308.87,22358.64,-20049.77,1.12,16.12,1.85,186.51,372.60,250,8132.37,35462.00,510,1.0000,3.0000,0,200,0,600,0.000000,0.050000,484,0.00,363.00,0.00,363.00,0.00,0.00,0.00,0.00,0
NDX100,PERIOD_H1,15,0,15:00,60,BREAKOUT,2.00,0.10,63,1.00,1.0149,180,596,0.016933,499,12,0.024048,486,230,47.33,2095.10,22148.86,-20053.76,1.10,11.17,1.70,185.99,182.98,250,8132.37,35462.00,510,1.0000,3.0000,0,200,0,600,0.000000,0.050000,486,0.00,180.00,0.00,180.00,0.00,0.00,0.00,0.00,0
NDX100,PERIOD_H1,15,0,15:00,60,BREAKOUT,2.00,0.10,229,1.00,1.0480,70,295,0.012072,495,5,0.010101,488,235,48.16,3133.88,24280.30,-21146.42,1.15,15.76,2.39,186.27,79.60,250,8132.37,35462.00,510,1.0000,3.0000,0,200,0,600,0.000000,0.050000,488,0.00,70.00,0.00,70.00,0.00,0.00,0.00,0.00,0
NDX100,PERIOD_H1,15,0,15:00,60,BREAKOUT,2.00,0.10,225,2.00,1.1180,16,374,0.030403,504,15,0.029762,488,234,47.95,2979.41,24239.88,-21260.47,1.14,12.09,2.29,186.11,39.59,250,8132.37,35462.00,510,1.0000,3.0000,0,200,0,600,0.000000,0.050000,488,0.00,16.00,0.00,16.00,0.00,0.00,0.00,0.00,0
NDX100,PERIOD_H1,15,0,15:00,60,BREAKOUT,2.00,0.10,391,2.00,1.2007,196,972,0.020679,509,20,0.039293,487,231,47.43,1627.00,21475.27,-19848.27,1.08,15.24,1.34,186.15,236.13,250,8132.37,35462.00,510,1.0000,3.0000,0,200,0,600,0.000000,0.050000,487,0.00,196.00,0.00,196.00,0.00,0.00,0.00,0.00,0
NDX100,PERIOD_H1,15,0,15:00,60,BREAKOUT,2.00,0.10,394,1.00,1.0809,95,267,0.020493,504,15,0.029762,487,235,48.25,2903.41,23779.57,-20876.16,1.14,15.59,2.23,186.20,111.17,250,8132.37,35462.00,510,1.0000,3.0000,0,200,0,600,0.000000,0.050000,487,0.00,95.00,0.00,95.00,0.00,0.00,0.00,0.00,0
NDX100,PERIOD_H1,15,0,15:00,60,BREAKOUT,2.00,0.10,57,2.50,1.0444,466,1084,0.093258,548,65,0.118613,482,226,46.89,687.14,19451.69,-18764.55,1.04,14.68,0.62,185.57,474.89,250,8132.37,35462.00,510,1.0000,3.0000,0,200,0,600,0.000000,0.050000,482,0.00,466.00,0.00,466.00,0.00,0.00,0.00,0.00,0
NDX100,PERIOD_H1,15,0,15:00,60,BREAKOUT,2.00,0.10,224,2.50,1.1527,356,1150,0.056969,518,30,0.057915,486,226,46.50,1028.98,20566.70,-19537.72,1.05,15.30,0.90,186.07,386.55,250,8132.37,35462.00,510,1.0000,3.0000,0,200,0,600,0.000000,0.050000,486,0.00,356.00,0.00,356.00,0.00,0.00,0.00,0.00,0
NDX100,PERIOD_H1,15,0,15:00,60,BREAKOUT,2.00,0.10,61,1.50,1.0253,73,813,0.065249,513,26,0.050682,485,233,48.04,2987.72,23916.24,-20928.52,1.14,14.17,2.32,185.69,78.06,250,8132.37,35462.00,510,1.0000,3.0000,0,200,0,600,0.000000,0.050000,485,0.00,73.00,0.00,73.00,0.00,0.00,0.00,0.00,0
NDX100,PERIOD_H1,15,0,15:00,60,BREAKOUT,2.00,0.10,222,3.00,1.1863,33,1217,0.010096,497,7,0.014085,488,232,47.54,2836.00,23671.27,-20835.27,1.14,13.46,2.19,186.10,70.26,250,8132.37,35462.00,510,1.0000,3.0000,0,200,0,600,0.000000,0.050000,488,0.00,33.00,0.00,33.00,0.00,0.00,0.00,0.00,0
NDX100,PERIOD_H1,15,0,15:00,60,BREAKOUT,2.00,0.10,59,2.00,1.0352,235,976,0.040126,506,17,0.033597,487,232,47.64,1741.14,21709.93,-19968.79,1.09,15.47,1.43,186.22,242.05,250,8132.37,35462.00,510,1.0000,3.0000,0,200,0,600,0.000000,0.050000,487,0.00,235.00,0.00,235.00,0.00,0.00,0.00,0.00,0
NDX100,PERIOD_H1,15,0,15:00,60,BREAKOUT,2.00,0.10,227,1.50,1.0832,209,362,0.057957,508,19,0.037402,487,235,48.25,3596.46,24303.82,-20707.36,1.17,10.52,2.70,185.90,225.64,250,8132.37,35462.00,510,1.0000,3.0000,0,200,0,600,0.000000,0.050000,487,0.00,209.00,0.00,209.00,0.00,0.00,0.00,0.00,0
NDX100,PERIOD_H1,15,0,15:00,60,BREAKOUT,2.00,0.10,388,3.00,1.3186,303,314,0.000372,488,0,0.000000,486,232,47.74,2101.01,22291.91,-20190.90,1.10,17.21,1.69,186.65,366.72,250,8132.37,35462.00,510,1.0000,3.0000,0,200,0,600,0.000000,0.050000,486,0.00,303.00,0.00,303.00,0.00,0.00,0.00,0.00,0
NDX100,PERIOD_H1,15,0,15:00,60,BREAKOUT,2.00,0.10,388,2.50,1.2589,253,262,0.000372,488,0,0.000000,486,234,48.15,2699.41,23183.04,-20483.63,1.13,14.70,2.10,186.55,304.77,250,8132.37,35462.00,510,1.0000,3.0000,0,200,0,600,0.000000,0.050000,486,0.00,253.00,0.00,253.00,0.00,0.00,0.00,0.00,0
NDX100,PERIOD_H1,15,0,15:00,60,BREAKOUT,2.00,0.10,57,3.00,1.0547,559,1301,0.093258,545,65,0.119266,480,225,46.88,431.45,18981.73,-18550.28,1.02,14.76,0.40,186.03,569.94,250,8132.37,35462.00,510,1.0000,3.0000,0,200,0,600,0.000000,0.050000,480,0.00,559.00,0.00,559.00,0.00,0.00,0.00,0.00,0
NDX100,PERIOD_H1,15,0,15:00,60,BREAKOUT,2.00,0.10,392,1.50,1.1408,245,320,0.070589,524,35,0.066794,487,230,47.23,2318.75,22356.99,-20038.24,1.12,12.76,1.88,186.55,273.16,250,8132.37,35462.00,510,1.0000,3.0000,0,200,0,600,0.000000,0.050000,487,0.00,245.00,0.00,245.00,0.00,0.00,0.00,0.00,0
NDX100,PERIOD_H1,15,0,15:00,60,BREAKOUT,2.00,0.10,64,1.00,1.0151,46,323,0.003652,490,0,0.000000,488,234,47.95,3011.98,24525.53,-21513.55,1.14,16.08,2.29,186.35,49.02,250,8132.37,35462.00,510,1.0000,3.0000,0,200,0,600,0.000000,0.050000,488,0.00,46.00,0.00,46.00,0.00,0.00,0.00,0.00,0
NDX100,PERIOD_H1,15,0,15:00,60,BREAKOUT,2.00,0.10,230,1.00,1.0482,136,23,0.048791,508,18,0.035433,489,235,48.06,2690.42,23747.55,-21057.13,1.13,15.21,2.10,185.95,145.63,250,8132.37,35462.00,510,1.0000,3.0000,0,200,0,600,0.000000,0.050000,489,0.00,136.00,0.00,136.00,0.00,0.00,0.00,0.00,0
NDX100,PERIOD_H1,15,0,15:00,60,BREAKOUT,2.00,0.10,392,2.00,1.2011,327,426,0.094119,541,54,0.099815,485,227,46.80,2184.57,22020.75,-19836.18,1.11,13.71,1.82,185.95,367.22,250,8132.37,35462.00,510,1.0000,3.0000,0,200,0,600,0.000000,0.050000,485,0.00,327.00,0.00,327.00,0.00,0.00,0.00,0.00,0
NDX100,PERIOD_H1,15,0,15:00,60,BREAKOUT,2.00,0.10,395,1.00,1.0811,160,594,0.007212,494,4,0.008097,488,232,47.54,2925.27,23671.22,-20745.95,1.14,12.61,2.26,185.88,176.21,250,8132.37,35462.00,510,1.0000,3.0000,0,200,0,600,0.000000,0.050000,488,0.00,160.00,0.00,160.00,0.00,0.00,0.00,0.00,0
NDX100,PERIOD_H1,15,0,15:00,60,BREAKOUT,2.00,0.10,226,2.00,1.1184,147,1028,0.003839,491,1,0.002037,488,231,47.34,2257.58,22902.92,-20645.34,1.11,15.26,1.79,185.79,170.68,250,8132.37,35462.00,510,1.0000,3.0000,0,200,0,600,0.000000,0.050000,488,0.00,147.00,0.00,147.00,0.00,0.00,0.00,0.00,0
NDX100,PERIOD_H1,15,0,15:00,60,BREAKOUT,2.00,0.10,58,2.50,1.0452,130,402,0.066692,523,35,0.066922,486,229,47.12,1674.38,21184.54,-19510.16,1.09,12.04,1.40,185.94,139.05,250,8132.37,35462.00,510,1.0000,3.0000,0,200,0,600,0.000000,0.050000,486,0.00,130.00,0.00,130.00,0.00,0.00,0.00,0.00,0
NDX100,PERIOD_H1,15,0,15:00,60,BREAKOUT,2.00,0.10,225,2.50,1.1533,20,467,0.030403,504,15,0.029762,488,232,47.54,2689.60,23609.22,-20919.62,1.13,12.47,2.10,185.95,50.67,250,8132.37,35462.00,510,1.0000,3.0000,0,200,0,600,0.000000,0.050000,488,0.00,20.00,0.00,20.00,0.00,0.00,0.00,0.00,0
NDX100,PERIOD_H1,15,0,15:00,60,BREAKOUT,2.00,0.10,223,3.00,1.1870,230,398,0.083535,528,40,0.075758,486,230,47.33,2151.33,21808.79,-19657.46,1.11,9.69,1.76,185.83,267.40,250,8132.37,35462.00,510,1.0000,3.0000,0,200,0,600,0.000000,0.050000,486,0.00,230.00,0.00,230.00,0.00,0.00,0.00,0.00,0
NDX100,PERIOD_H1,15,0,15:00,60,BREAKOUT,2.00,0.10,62,1.50,1.0257,172,404,0.045325,515,26,0.050485,487,234,48.05,2703.20,23287.36,-20584.16,1.13,15.24,2.11,185.91,177.15,250,8132.37,35462.00,510,1.0000,3.0000,0,200,0,600,0.000000,0.050000,487,0.00,172.00,0.00,172.00,0.00,0.00,0.00,0.00,0
NDX100,PERIOD_H1,15,0,15:00,60,BREAKOUT,2.00,0.10,60,2.00,1.0357,367,430,0.013559,494,7,0.014170,485,230,47.42,2351.88,22631.95,-20280.07,1.12,14.94,1.90,186.11,374.14,250,8132.37,35462.00,510,1.0000,3.0000,0,200,0,600,0.000000,0.050000,485,0.00,367.00,0.00,367.00,0.00,0.00,0.00,0.00,0
NDX100,PERIOD_H1,15,0,15:00,60,BREAKOUT,2.00,0.10,58,3.00,1.0557,156,483,0.066692,522,34,0.065134,486,228,46.91,1412.96,20679.85,-19266.89,1.07,12.41,1.19,185.86,167.13,250,8132.37,35462.00,510,1.0000,3.0000,0,200,0,600,0.000000,0.050000,486,0.00,156.00,0.00,156.00,0.00,0.00,0.00,0.00,0
NDX100,PERIOD_H1,15,0,15:00,60,BREAKOUT,2.00,0.10,389,3.00,1.3193,500,1296,0.073812,527,44,0.083491,483,225,46.58,160.31,18505.00,-18344.69,1.01,15.15,0.15,185.86,563.87,250,8132.37,35462.00,510,1.0000,3.0000,0,200,0,600,0.000000,0.050000,483,0.00,500.00,0.00,500.00,0.00,0.00,0.00,0.00,0
NDX100,PERIOD_H1,15,0,15:00,60,BREAKOUT,2.00,0.10,389,2.50,1.2595,417,1080,0.073812,529,45,0.085066,483,226,46.79,538.39,19077.88,-18539.49,1.03,15.50,0.49,185.72,468.89,250,8132.37,35462.00,510,1.0000,3.0000,0,200,0,600,0.000000,0.050000,483,0.00,417.00,0.00,417.00,0.00,0.00,0.00,0.00,0
NDX100,PERIOD_H1,15,0,15:00,60,BREAKOUT,2.00,0.10,228,1.50,1.0836,7,852,0.038032,513,25,0.048733,486,232,47.74,3140.48,24393.88,-21253.40,1.15,13.60,2.41,185.84,23.73,250,8132.37,35462.00,510,1.0000,3.0000,0,200,0,600,0.000000,0.050000,486,0.00,7.00,0.00,7.00,0.00,0.00,0.00,0.00,0
NDX100,PERIOD_H1,15,0,15:00,60,BREAKOUT,2.00,0.10,393,1.50,1.1411,44,810,0.050665,524,36,0.068702,487,231,47.43,2205.41,22704.48,-20499.07,1.11,12.70,1.78,185.69,72.22,250,8132.37,35462.00,510,1.0000,3.0000,0,200,0,600,0.000000,0.050000,487,0.00,44.00,0.00,44.00,0.00,0.00,0.00,0.00,0
NDX100,PERIOD_H1,15,0,15:00,60,BREAKOUT,2.00,0.10,65,1.00,1.0153,111,51,0.040370,513,24,0.046784,488,233,47.75,2529.07,23545.66,-21016.59,1.12,16.17,1.99,185.98,114.05,250,8132.37,35462.00,510,1.0000,3.0000,0,200,0,600,0.000000,0.050000,488,0.00,111.00,0.00,111.00,0.00,0.00,0.00,0.00,0
NDX100,PERIOD_H1,15,0,15:00,60,BREAKOUT,2.00,0.10,231,1.00,1.0483,1,350,0.035508,505,15,0.029703,489,233,47.65,2510.32,23441.17,-20930.85,1.12,16.68,1.96,185.99,10.67,250,8132.37,35462.00,510,1.0000,3.0000,0,200,0,600,0.000000,0.050000,489,0.00,1.00,0.00,1.00,0.00,0.00,0.00,0.00,0
NDX100,PERIOD_H1,15,0,15:00,60,BREAKOUT,2.00,0.10,393,2.00,1.2016,58,1081,0.067553,532,44,0.082707,487,229,47.02,1404.24,21309.24,-19905.00,1.07,12.83,1.18,185.84,98.31,250,8132.37,35462.00,510,1.0000,3.0000,0,200,0,600,0.000000,0.050000,487,0.00,58.00,0.00,58.00,0.00,0.00,0.00,0.00,0
NDX100,PERIOD_H1,15,0,15:00,60,BREAKOUT,2.00,0.10,227,2.00,1.1189,278,482,0.077276,519,32,0.061657,485,236,48.66,3033.45,22714.52,-19681.07,1.15,9.70,2.34,185.63,301.77,250,8132.37,35462.00,510,1.0000,3.0000,0,200,0,600,0.000000,0.050000,485,0.00,278.00,0.00,278.00,0.00,0.00,0.00,0.00,0
NDX100,PERIOD_H1,15,0,15:00,60,BREAKOUT,2.00,0.10,396,1.00,1.0812,26,322,0.043930,508,19,0.037402,487,233,47.84,2721.03,23508.50,-20787.47,1.13,14.94,2.11,186.63,42.25,250,8132.37,35462.00,510,1.0000,3.0000,0,200,0,600,0.000000,0.050000,487,0.00,26.00,0.00,26.00,0.00,0.00,0.00,0.00,0
NDX100,PERIOD_H1,15,0,15:00,60,BREAKOUT,2.00,0.10,226,2.50,1.1539,184,1285,0.003839,491,2,0.004073,487,231,47.43,2374.25,22699.28,-20325.03,1.12,11.80,1.88,186.29,214.79,250,8132.37,35462.00,510,1.0000,3.0000,0,200,0,600,0.000000,0.050000,487,0.00,184.00,0.00,184.00,0.00,0.00,0.00,0.00,0
NDX100,PERIOD_H1,15,0,15:00,60,BREAKOUT,2.00,0.10,59,2.50,1.0458,294,1220,0.040126,505,17,0.033663,486,234,48.15,2130.17,22040.16,-19909.99,1.11,12.85,1.73,186.14,303.16,250,8132.37,35462.00,510,1.0000,3.0000,0,200,0,600,0.000000,0.050000,486,0.00,294.00,0.00,294.00,0.00,0.00,0.00,0.00,0
NDX100,PERIOD_H1,15,0,15:00,60,BREAKOUT,2.00,0.10,224,3.00,1.1880,427,1380,0.056969,517,30,0.058027,486,224,46.09,866.19,20293.37,-19427.18,1.04,15.37,0.77,186.13,464.60,250,8132.37,35462.00,510,1.0000,3.0000,0,200,0,600,0.000000,0.050000,486,0.00,427.00,0.00,427.00,0.00,0.00,0.00,0.00,0
NDX100,PERIOD_H1,15,0,15:00,60,BREAKOUT,2.00,0.10,63,1.50,1.0261,270,895,0.025400,504,18,0.035714,485,231,47.63,1813.31,21615.45,-19802.14,1.09,13.08,1.50,186.12,275.21,250,8132.37,35462.00,510,1.0000,3.0000,0,200,0,600,0.000000,0.050000,485,0.00,270.00,0.00,270.00,0.00,0.00,0.00,0.00,0
NDX100,PERIOD_H1,15,0,15:00,60,BREAKOUT,2.00,0.10,61,2.00,1.0362,98,1084,0.086999,524,38,0.072519,484,232,47.93,3124.05,23908.58,-20784.53,1.15,14.24,2.44,185.90,105.23,250,8132.37,35462.00,510,1.0000,3.0000,0,200,0,600,0.000000,0.050000,484,0.00,98.00,0.00,98.00,0.00,0.00,0.00,0.00,0
NDX100,PERIOD_H1,15,0,15:00,60,BREAKOUT,2.00,0.10,390,3.00,1.3203,97,477,0.047246,517,29,0.056093,486,226,46.50,2680.98,23298.07,-20617.09,1.13,13.08,2.12,186.02,161.06,250,8132.37,35462.00,510,1.0000,3.0000,0,200,0,600,0.000000,0.050000,486,0.00,97.00,0.00,97.00,0.00,0.00,0.00,0.00,0
NDX100,PERIOD_H1,15,0,15:00,60,BREAKOUT,2.00,0.10,59,3.00,1.0564,353,1464,0.040126,505,17,0.033663,486,232,47.74,1651.44,21261.99,-19610.55,1.08,15.10,1.38,185.87,364.28,250,8132.37,35462.00,510,1.0000,3.0000,0,200,0,600,0.000000,0.050000,486,0.00,353.00,0.00,353.00,0.00,0.00,0.00,0.00,0
NDX100,PERIOD_H1,15,0,15:00,60,BREAKOUT,2.00,0.10,390,2.50,1.2603,81,397,0.047246,517,29,0.056093,486,227,46.71,2871.10,23706.64,-20835.54,1.14,13.20,2.25,186.00,133.05,250,8132.37,35462.00,510,1.0000,3.0000,0,200,0,600,0.000000,0.050000,486,0.00,81.00,0.00,81.00,0.00,0.00,0.00,0.00,0
NDX100,PERIOD_H1,15,0,15:00,60,BREAKOUT,2.00,0.10,229,1.50,1.0840,105,443,0.018107,495,6,0.012121,487,233,47.84,3149.64,24218.52,-21068.88,1.15,12.94,2.40,185.84,121.79,250,8132.37,35462.00,510,1.0000,3.0000,0,200,0,600,0.000000,0.050000,487,0.00,105.00,0.00,105.00,0.00,0.00,0.00,0.00,0
NDX100,PERIOD_H1,15,0,15:00,60,BREAKOUT,2.00,0.10,394,1.50,1.1415,142,401,0.030740,506,17,0.033597,487,234,48.05,2985.39,23806.35,-20820.96,1.14,12.67,2.30,185.60,170.31,250,8132.37,35462.00,510,1.0000,3.0000,0,200,0,600,0.000000,0.050000,487,0.00,142.00,0.00,142.00,0.00,0.00,0.00,0.00,0
NDX100,PERIOD_H1,15,0,15:00,60,BREAKOUT,2.00,0.10,66,1.00,1.0155,177,378,0.027087,503,14,0.027833,487,230,47.23,2556.94,22886.75,-20329.81,1.13,12.24,2.02,185.96,180.10,250,8132.37,35462.00,510,1.0000,3.0000,0,200,0,600,0.000000,0.050000,487,0.00,177.00,0.00,177.00,0.00,0.00,0.00,0.00,0
NDX100,PERIOD_H1,15,0,15:00,60,BREAKOUT,2.00,0.10,232,1.00,1.0486,67,77,0.022225,503,13,0.025845,489,233,47.65,2456.70,23740.32,-21283.62,1.12,17.64,1.93,185.80,76.72,250,8132.37,35462.00,510,1.0000,3.0000,0,200,0,600,0.000000,0.050000,489,0.00,67.00,0.00,67.00,0.00,0.00,0.00,0.00,0
NDX100,PERIOD_H1,15,0,15:00,60,BREAKOUT,2.00,0.10,394,2.00,1.2022,189,535,0.040986,513,26,0.050682,485,230,47.42,1780.44,21329.35,-19548.91,1.09,12.05,1.46,185.94,229.44,250,8132.37,35462.00,510,1.0000,3.0000,0,200,0,600,0.000000,0.050000,485,0.00,189.00,0.00,189.00,0.00,0.00,0.00,0.00,0
NDX100,PERIOD_H1,15,0,15:00,60,BREAKOUT,2.00,0.10,228,2.00,1.1195,9,1137,0.050710,518,30,0.057915,486,231,47.53,2805.24,24083.36,-21278.12,1.13,13.71,2.21,186.10,32.90,250,8132.37,35462.00,510,1.0000,3.0000,0,200,0,600,0.000000,0.050000,486,0.00,9.00,0.00,9.00,0.00,0.00,0.00,0.00,0
NDX100,PERIOD_H1,15,0,15:00,60,BREAKOUT,2.00,0.10,397,1.00,1.0815,92,49,0.030647,510,20,0.039216,489,232,47.44,2480.74,23542.44,-21061.70,1.12,17.22,1.94,185.84,108.30,250,8132.37,35462.00,510,1.0000,3.0000,0,200,0,600,0.000000,0.050000,489,0.00,92.00,0.00,92.00,0.00,0.00,0.00,0.00,0
NDX100,PERIOD_H1,15,0,15:00,60,BREAKOUT,2.00,0.10,225,3.00,1.1887,23,561,0.030403,504,15,0.029762,488,232,47.54,2732.89,23593.39,-20860.50,1.13,12.27,2.14,185.74,60.75,250,8132.37,35462.00,510,1.0000,3.0000,0,200,0,600,0.000000,0.050000,488,0.00,23.00,0.00,23.00,0.00,0.00,0.00,0.00,0
NDX100,PERIOD_H1,15,0,15:00,60,BREAKOUT,2.00,0.10,60,2.50,1.0464,458,538,0.013559,493,7,0.014199,485,229,47.22,1928.81,21714.35,-19785.54,1.10,14.64,1.60,185.81,467.28,250,8132.37,35462.00,510,1.0000,3.0000,0,200,0,600,0.000000,0.050000,485,0.00,458.00,0.00,458.00,0.00,0.00,0.00,0.00,0
NDX100,PERIOD_H1,15,0,15:00,60,BREAKOUT,2.00,0.10,227,2.50,1.1545,348,603,0.077276,520,33,0.063462,485,235,48.45,2713.13,22180.25,-19467.12,1.14,11.77,2.13,185.82,378.91,250,8132.37,35462.00,510,1.0000,3.0000,0,200,0,600,0.000000,0.050000,485,0.00,348.00,0.00,348.00,0.00,0.00,0.00,0.00,0
NDX100,PERIOD_H1,15,0,15:00,60,BREAKOUT,2.00,0.10,64,1.50,1.0264,69,485,0.005477,490,0,0.000000,488,232,47.54,2827.96,23920.56,-21092.60,1.13,13.32,2.18,185.78,74.28,250,8132.37,35462.00,510,1.0000,3.0000,0,200,0,600,0.000000,0.050000,488,0.00,69.00,0.00,69.00,0.00,0.00,0.00,0.00,0
NDX100,PERIOD_H1,15,0,15:00,60,BREAKOUT,2.00,0.10,62,2.00,1.0368,229,538,0.060433,527,40,0.075901,485,232,47.84,2119.45,22107.72,-19988.27,1.11,14.62,1.72,185.89,236.35,250,8132.37,35462.00,510,1.0000,3.0000,0,200,0,600,0.000000,0.050000,485,0.00,229.00,0.00,229.00,0.00,0.00,0.00,0.00,0
NDX100,PERIOD_H1,15,0,15:00,60,BREAKOUT,2.00,0.10,391,3.00,1.3211,294,1458,0.020679,506,19,0.037549,485,230,47.42,1647.75,21211.80,-19564.05,1.08,15.29,1.38,185.80,358.21,250,8132.37,35462.00,510,1.0000,3.0000,0,200,0,600,0.000000,0.050000,485,0.00,294.00,0.00,294.00,0.00,0.00,0.00,0.00,0
NDX100,PERIOD_H1,15,0,15:00,60,BREAKOUT,2.00,0.10,391,2.50,1.2609,245,1215,0.020679,507,20,0.039448,485,232,47.84,2104.23,21869.23,-19765.00,1.11,12.70,1.71,186.24,297.17,250,8132.37,35462.00,510,1.0000,3.0000,0,200,0,600,0.000000,0.050000,485,0.00,245.00,0.00,245.00,0.00,0.00,0.00,0.00,0
NDX100,PERIOD_H1,15,0,15:00,60,BREAKOUT,2.00,0.10,60,3.00,1.0571,550,645,0.013559,490,7,0.014286,483,228,47.20,1484.82,21001.35,-19516.53,1.08,14.61,1.26,186.32,561.43,250,8132.37,35462.00,510,1.0000,3.0000,0,200,0,600,0.000000,0.050000,483,0.00,550.00,0.00,550.00,0.00,0.00,0.00,0.00,0
NDX100,PERIOD_H1,15,0,15:00,60,BREAKOUT,2.00,0.10,230,1.50,1.0843,204,34,0.073187,521,31,0.059501,489,234,47.85,2515.66,22768.55,-20252.89,1.12,13.85,1.98,185.83,220.86,250,8132.37,35462.00,510,1.0000,3.0000,0,200,0,600,0.000000,0.050000,489,0.00,204.00,0.00,204.00,0.00,0.00,0.00,0.00,0
NDX100,PERIOD_H1,15,0,15:00,60,BREAKOUT,2.00,0.10,395,1.50,1.1419,240,892,0.010817,494,5,0.010121,487,232,47.64,2158.69,22298.59,-20139.90,1.11,12.64,1.74,186.06,268.37,250,8132.37,35462.00,510,1.0000,3.0000,0,200,0,600,0.000000,0.050000,487,0.00,240.00,0.00,240.00,0.00,0.00,0.00,0.00,0
NDX100,PERIOD_H1,15,0,15:00,60,BREAKOUT,2.00,0.10,67,1.00,1.0157,43,105,0.013805,500,12,0.024000,486,235,48.35,2728.33,24370.61,-21642.28,1.13,16.49,2.10,185.91,46.14,250,8132.37,35462.00,510,1.0000,3.0000,0,200,0,600,0.000000,0.050000,486,0.00,43.00,0.00,43.00,0.00,0.00,0.00,0.00,0
NDX100,PERIOD_H1,15,0,15:00,60,BREAKOUT,2.00,0.10,233,1.00,1.0488,133,404,0.008943,491,1,0.002037,488,233,47.75,2949.79,24027.75,-21077.96,1.14,12.72,2.27,185.84,142.75,250,8132.37,35462.00,510,1.0000,3.0000,0,200,0,600,0.000000,0.050000,488,0.00,133.00,0.00,133.00,0.00,0.00,0.00,0.00,0
NDX100,PERIOD_H1,15,0,15:00,60,BREAKOUT,2.00,0.10,395,2.00,1.2026,321,1189,0.014423,496,9,0.018145,485,229,47.22,1636.64,21450.51,-19813.87,1.08,15.21,1.36,186.25,361.53,250,8132.37,35462.00,510,1.0000,3.0000,0,200,0,600,0.000000,0.050000,485,0.00,321.00,0.00,321.00,0.00,0.00,0.00,0.00,0
NDX100,PERIOD_H1,15,0,15:00,60,BREAKOUT,2.00,0.10,229,2.00,1.1199,140,591,0.024143,498,9,0.018072,487,232,47.64,2719.16,23260.76,-20541.60,1.13,13.13,2.13,185.89,163.99,250,8132.37,35462.00,510,1.0000,3.0000,0,200,0,600,0.000000,0.050000,487,0.00,140.00,0.00,140.00,0.00,0.00,0.00,0.00,0
NDX100,PERIOD_H1,15,0,15:00,60,BREAKOUT,2.00,0.10,398,1.00,1.0817,157,376,0.017364,499,9,0.018036,488,234,47.95,3371.09,24703.09,-21332.00,1.16,12.65,2.55,186.15,173.33,250,8132.37,35462.00,510,1.0000,3.0000,0,200,0,600,0.000000,0.050000,488,0.00,157.00,0.00,157.00,0.00,0.00,0.00,0.00,0
NDX100,PERIOD_H1,15,0,15:00,60,BREAKOUT,2.00,0.10,226,3.00,1.1895,220,1542,0.003839,490,2,0.004082,486,231,47.53,2404.89,22717.66,-20312.77,1.12,12.54,1.91,185.97,257.89,250,8132.37,35462.00,510,1.0000,3.0000,0,200,0,600,0.000000,0.050000,486,0.00,220.00,0.00,220.00,0.00,0.00,0.00,0.00,0
NDX100,PERIOD_H1,15,0,15:00,60,BREAKOUT,2.00,0.10,61,2.50,1.0470,122,1355,0.086999,524,38,0.072519,484,232,47.93,3092.48,23763.49,-20671.01,1.15,13.53,2.42,186.14,131.40,250,8132.37,35462.00,510,1.0000,3.0000,0,200,0,600,0.000000,0.050000,484,0.00,122.00,0.00,122.00,0.00,0.00,0.00,0.00,0
NDX100,PERIOD_H1,15,0,15:00,60,BREAKOUT,2.00,0.10,228,2.50,1.1553,12,1421,0.050710,518,30,0.057915,486,231,47.53,2923.20,24217.59,-21294.39,1.14,14.14,2.29,185.97,43.06,250,8132.37,35462.00,510,1.0000,3.0000,0,200,0,600,0.000000,0.050000,486,0.00,12.00,0.00,12.00,0.00,0.00,0.00,0.00,0
NDX100,PERIOD_H1,15,0,15:00,60,BREAKOUT,2.00,0.10,65,1.50,1.0267,167,76,0.060555,520,31,0.059615,488,235,48.16,2961.63,23858.84,-20897.21,1.14,15.50,2.29,185.89,172.34,250,8132.37,35462.00,510,1.0000,3.0000,0,200,0,600,0.000000,0.050000,488,0.00,167.00,0.00,167.00,0.00,0.00,0.00,0.00,0
NDX100,PERIOD_H1,15,0,15:00,60,BREAKOUT,2.00,0.10,63,2.00,1.0372,360,1193,0.033866,506,20,0.039526,485,227,46.80,1390.50,20979.51,-19589.01,1.07,15.59,1.18,186.22,367.45,250,8132.37,35462.00,510,1.0000,3.0000,0,200,0,600,0.000000,0.050000,485,0.00,360.00,0.00,360.00,0.00,0.00,0.00,0.00,0
NDX100,PERIOD_H1,15,0,15:00,60,BREAKOUT,2.00,0.10,392,3.00,1.3218,491,639,0.094119,540,56,0.103704,484,225,46.49,1049.05,19805.13,-18756.08,1.06,13.87,0.93,185.97,555.36,250,8132.37,35462.00,510,1.0000,3.0000,0,200,0,600,0.000000,0.050000,484,0.00,491.00,0.00,491.00,0.00,0.00,0.00,0.00,0
NDX100,PERIOD_H1,15,0,15:00,60,BREAKOUT,2.00,0.10,61,3.00,1.0579,147,1626,0.086999,524,38,0.072519,484,231,47.73,3133.38,23918.34,-20784.96,1.15,13.89,2.46,185.88,158.57,250,8132.37,35462.00,510,1.0000,3.0000,0,200,0,600,0.000000,0.050000,484,0.00,147.00,0.00,147.00,0.00,0.00,0.00,0.00,0
NDX100,PERIOD_H1,15,0,15:00,60,BREAKOUT,2.00,0.10,392,2.50,1.2615,409,533,0.094119,542,56,0.103321,485,225,46.39,1568.33,20643.40,-19075.07,1.08,13.74,1.35,185.69,461.29,250,8132.37,35462.00,510,1.0000,3.0000,0,200,0,600,0.000000,0.050000,485,0.00,409.00,0.00,409.00,0.00,0.00,0.00,0.00,0
NDX100,PERIOD_H1,15,0,15:00,60,BREAKOUT,2.00,0.10,231,1.50,1.0846,2,524,0.053262,512,23,0.044922,487,231,47.43,2120.96,22376.62,-20255.66,1.10,13.72,1.72,185.85,18.92,250,8132.37,35462.00,510,1.0000,3.0000,0,200,0,600,0.000000,0.050000,487,0.00,2.00,0.00,2.00,0.00,0.00,0.00,0.00,0
NDX100,PERIOD_H1,15,0,15:00,60,BREAKOUT,2.00,0.10,396,1.50,1.1422,39,482,0.065895,524,38,0.072519,484,229,47.31,2325.69,22515.92,-20190.23,1.12,12.43,1.87,186.10,67.43,250,8132.37,35462.00,510,1.0000,3.0000,0,200,0,600,0.000000,0.050000,484,0.00,39.00,0.00,39.00,0.00,0.00,0.00,0.00,0
NDX100,PERIOD_H1,15,0,15:00,60,BREAKOUT,2.00,0.10,68,1.00,1.0159,108,432,0.000522,490,0,0.000000,488,232,47.54,2914.39,24199.61,-21285.22,1.14,13.72,2.24,185.94,111.17,250,8132.37,35462.00,510,1.0000,3.0000,0,200,0,600,0.000000,0.050000,488,0.00,108.00,0.00,108.00,0.00,0.00,0.00,0.00,0
NDX100,PERIOD_H1,15,0,15:00,60,BREAKOUT,2.00,0.10,234,1.00,1.0490,198,131,0.045662,526,38,0.072243,487,232,47.64,2135.06,22007.68,-19872.62,1.11,13.75,1.73,185.93,207.79,250,8132.37,35462.00,510,1.0000,3.0000,0,200,0,600,0.000000,0.050000,487,0.00,198.00,0.00,198.00,0.00,0.00,0.00,0.00,0
NDX100,PERIOD_H1,15,0,15:00,60,BREAKOUT,2.00,0.10,230,2.00,1.1204,272,45,0.097583,535,49,0.091589,485,235,48.45,2444.38,22584.98,-20140.60,1.12,14.11,1.96,185.67,296.08,250,8132.37,35462.00,510,1.0000,3.0000,0,200,0,600,0.000000,0.050000,485,0.00,272.00,0.00,272.00,0.00,0.00,0.00,0.00,0
NDX100,PERIOD_H1,15,0,15:00,60,BREAKOUT,2.00,0.10,396,2.00,1.2031,52,643,0.087860,539,53,0.098330,484,230,47.52,2697.89,22463.70,-19765.81,1.14,12.77,2.14,186.35,92.62,250,8132.37,35462.00,510,1.0000,3.0000,0,200,0,600,0.000000,0.050000,484,0.00,52.00,0.00,52.00,0.00,0.00,0.00,0.00,0
NDX100,PERIOD_H1,15,0,15:00,60,BREAKOUT,2.00,0.10,399,1.00,1.0819,23,103,0.004082,494,6,0.012146,486,233,47.94,2561.49,23910.93,-21349.44,1.12,15.70,1.98,185.76,37.57,250,8132.37,35462.00,510,1.0000,3.0000,0,200,0,600,0.000000,0.050000,486,0.00,23.00,0.00,23.00,0.00,0.00,0.00,0.00,0
NDX100,PERIOD_H1,15,0,15:00,60,BREAKOUT,2.00,0.10,62,2.50,1.0478,286,673,0.060433,526,40,0.076046,484,233,48.14,2025.86,21834.28,-19808.42,1.10,14.48,1.66,185.99,295.56,250,8132.37,35462.00,510,1.0000,3.0000,0,200,0,600,0.000000,0.050000,484,0.00,286.00,0.00,286.00,0.00,0.00,0.00,0.00,0
NDX100,PERIOD_H1,15,0,15:00,60,BREAKOUT,2.00,0.10,227,3.00,1.1902,417,724,0.077276,519,33,0.063584,485,233,48.04,2261.33,21516.39,-19255.06,1.12,11.64,1.82,185.67,455.04,250,8132.37,35462.00,510,1.0000,3.0000,0,200,0,600,0.000000,0.050000,485,0.00,417.00,0.00,417.00,0.00,0.00,0.00,0.00,0
NDX100,PERIOD_H1,15,0,15:00,60,BREAKOUT,2.00,0.10,229,2.50,1.1559,176,739,0.024143,498,9,0.018072,487,231,47.43,2247.54,22318.24,-20070.70,1.11,12.19,1.80,185.80,207.18,250,8132.37,35462.00,510,1.0000,3.0000,0,200,0,600,0.000000,0.050000,487,0.00,176.00,0.00,176.00,0.00,0.00,0.00,0.00,0
NDX100,PERIOD_H1,15,0,15:00,60,BREAKOUT,2.00,0.10,66,1.50,1.0271,265,566,0.040630,513,25,0.048733,486,230,47.33,1785.02,21423.87,-19638.85,1.09,12.99,1.48,185.61,270.43,250,8132.37,35462.00,510,1.0000,3.0000,0,200,0,600,0.000000,0.050000,486,0.00,265.00,0.00,265.00,0.00,0.00,0.00,0.00,0
NDX100,PERIOD_H1,15,0,15:00,60,BREAKOUT,2.00,0.10,64,2.00,1.0377,91,647,0.007303,491,1,0.002037,488,231,47.34,2721.57,23572.33,-20850.76,1.13,13.19,2.11,186.01,98.54,250,8132.37,35462.00,510,1.0000,3.0000,0,200,0,600,0.000000,0.050000,488,0.00,91.00,0.00,91.00,0.00,0.00,0.00,0.00,0
NDX100,PERIOD_H1,15,0,15:00,60,BREAKOUT,2.00,0.10,393,3.00,1.3225,87,1621,0.067553,532,44,0.082707,487,229,47.02,1364.96,21315.83,-19950.87,1.07,13.06,1.15,185.78,151.50,250,8132.37,35462.00,510,1.0000,3.0000,0,200,0,600,0.000000,0.050000,487,0.00,87.00,0.00,87.00,0.00,0.00,0.00,0.00,0
NDX100,PERIOD_H1,15,0,15:00,60,BREAKOUT,2.00,0.10,62,3.00,1.0588,344,808,0.060433,526,40,0.076046,484,230,47.52,1321.30,20678.14,-19356.84,1.07,17.22,1.13,186.02,355.77,250,8132.37,35462.00,510,1.0000,3.0000,0,200,0,600,0.000000,0.050000,484,0.00,344.00,0.00,344.00,0.00,0.00,0.00,0.00,0
NDX100,PERIOD_H1,15,0,15:00,60,BREAKOUT,2.00,0.10,393,2.50,1.2620,73,1351,0.067553,532,44,0.082707,487,230,47.23,1429.49,21365.64,-19936.15,1.07,12.67,1.20,186.02,125.41,250,8132.37,35462.00,510,1.0000,3.0000,0,200,0,600,0.000000,0.050000,487,0.00,73.00,0.00,73.00,0.00,0.00,0.00,0.00,0
NDX100,PERIOD_H1,15,0,15:00,60,BREAKOUT,2.00,0.10,232,1.50,1.0850,101,115,0.033338,508,18,0.035433,488,233,47.75,2369.21,23436.04,-21066.83,1.11,16.69,1.86,185.83,118.00,250,8132.37,35462.00,510,1.0000,3.0000,0,200,0,600,0.000000,0.050000,488,0.00,101.00,0.00,101.00,0.00,0.00,0.00,0.00,0
NDX100,PERIOD_H1,15,0,15:00,60,BREAKOUT,2.00,0.10,397,1.50,1.1426,137,73,0.045970,522,32,0.061303,489,232,47.44,2375.07,23226.76,-20851.69,1.11,16.15,1.88,185.78,165.52,250,8132.37,35462.00,510,1.0000,3.0000,0,200,0,600,0.000000,0.050000,489,0.00,137.00,0.00,137.00,0.00,0.00,0.00,0.00,0
NDX100,PERIOD_H1,15,0,15:00,60,BREAKOUT,2.00,0.10,69,1.00,1.0161,174,159,0.037240,507,17,0.033531,488,238,48.77,3904.54,25092.83,-21188.29,1.18,15.99,2.92,186.37,177.21,250,8132.37,35462.00,510,1.0000,3.0000,0,200,0,600,0.000000,0.050000,488,0.00,174.00,0.00,174.00,0.00,0.00,0.00,0.00,0
NDX100,PERIOD_H1,15,0,15:00,60,BREAKOUT,2.00,0.10,235,1.00,1.0492,64,458,0.032379,513,25,0.048733,486,231,47.53,2589.28,23299.29,-20710.01,1.13,14.31,2.05,186.01,72.76,250,8132.37,35462.00,510,1.0000,3.0000,0,200,0,600,0.000000,0.050000,486,0.00,64.00,0.00,64.00,0.00,0.00,0.00,0.00,0
NDX100,PERIOD_H1,15,0,15:00,60,BREAKOUT,2.00,0.10,231,2.00,1.1209,3,699,0.071017,520,32,0.061538,486,229,47.12,1570.29,21691.75,-20121.46,1.08,16.40,1.30,185.90,27.17,250,8132.37,35462.00,510,1.0000,3.0000,0,200,0,600,0.000000,0.050000,486,0.00,3.00,0.00,3.00,0.00,0.00,0.00,0.00,0
NDX100,PERIOD_H1,15,0,15:00,60,BREAKOUT,2.00,0.10,397,2.00,1.2037,183,97,0.061293,529,39,0.073724,488,230,47.13,1753.58,21839.87,-20086.29,1.09,15.68,1.43,185.77,223.74,250,8132.37,35462.00,510,1.0000,3.0000,0,200,0,600,0.000000,0.050000,488,0.00,183.00,0.00,183.00,0.00,0.00,0.00,0.00,0
NDX100,PERIOD_H1,15,0,15:00,60,BREAKOUT,2.00,0.10,400,1.00,1.0820,88,430,0.040800,513,24,0.046784,487,230,47.23,3001.97,24294.36,-21292.39,1.14,13.83,2.34,186.08,104.41,250,8132.37,35462.00,510,1.0000,3.0000,0,200,0,600,0.000000,0.050000,487,0.00,88.00,0.00,88.00,0.00,0.00,0.00,0.00,0
NDX100,PERIOD_H1,15,0,15:00,60,BREAKOUT,2.00,0.10,228,3.00,1.1912,14,1705,0.050710,518,30,0.057915,486,230,47.33,2968.92,24312.78,-21343.86,1.14,14.05,2.33,186.06,52.23,250,8132.37,35462.00,510,1.0000,3.0000,0,200,0,600,0.000000,0.050000,486,0.00,14.00,0.00,14.00,0.00,0.00,0.00,0.00,0
NDX100,PERIOD_H1,15,0,15:00,60,BREAKOUT,2.00,0.10,63,2.50,1.0484,450,1491,0.033866,504,19,0.037698,485,226,46.60,1151.21,20473.50,-19322.29,1.06,15.50,0.99,185.92,459.68,250,8132.37,35462.00,510,1.0000,3.0000,0,200,0,600,0.000000,0.050000,485,0.00,450.00,0.00,450.00,0.00,0.00,0.00,0.00,0
NDX100,PERIOD_H1,15,0,15:00,60,BREAKOUT,2.00,0.10,230,2.50,1.1565,340,56,0.097583,534,49,0.091760,484,233,48.14,1991.31,21763.84,-19772.53,1.10,16.30,1.65,185.82,371.30,250,8132.37,35462.00,510,1.0000,3.0000,0,200,0,600,0.000000,0.050000,484,0.00,340.00,0.00,340.00,0.00,0.00,0.00,0.00,0
NDX100,PERIOD_H1,15,0,15:00,60,BREAKOUT,2.00,0.10,67,1.50,1.0275,64,157,0.020708,502,14,0.027888,486,236,48.56,2997.61,24049.25,-21051.64,1.14,16.20,2.31,186.51,69.49,250,8132.37,35462.00,510,1.0000,3.0000,0,200,0,600,0.000000,0.050000,486,0.00,64.00,0.00,64.00,0.00,0.00,0.00,0.00,0
NDX100,PERIOD_H1,15,0,15:00,60,BREAKOUT,2.00,0.10,65,2.00,1.0381,223,101,0.080740,530,43,0.081132,485,233,48.04,2375.93,22237.32,-19861.39,1.12,14.92,1.92,186.18,230.63,250,8132.37,35462.00,510,1.0000,3.0000,0,200,0,600,0.000000,0.050000,485,0.00,223.00,0.00,223.00,0.00,0.00,0.00,0.00,0
NDX100,PERIOD_H1,15,0,15:00,60,BREAKOUT,2.00,0.10,394,3.00,1.3235,284,802,0.040986,512,27,0.052734,483,229,47.41,1273.29,20371.49,-19098.20,1.07,14.70,1.08,185.77,348.70,250,8132.37,35462.00,510,1.0000,3.0000,0,200,0,600,0.000000,0.050000,483,0.00,284.00,0.00,284.00,0.00,0.00,0.00,0.00,0
NDX100,PERIOD_H1,15,0,15:00,60,BREAKOUT,2.00,0.10,63,3.00,1.0596,540,1789,0.033866,501,17,0.033932,484,224,46.28,562.99,19586.71,-19023.72,1.03,17.97,0.50,186.30,551.91,250,8132.37,35462.00,510,1.0000,3.0000,0,200,0,600,0.000000,0.050000,484,0.00,540.00,0.00,540.00,0.00,0.00,0.00,0.00,0
NDX100,PERIOD_H1,15,0,15:00,60,BREAKOUT,2.00,0.10,394,2.50,1.2628,237,668,0.040986,511,26,0.050881,483,231,47.83,1809.10,21293.98,-19484.88,1.09,11.69,1.49,185.97,289.57,250,8132.37,35462.00,510,1.0000,3.0000,0,200,0,600,0.000000,0.050000,483,0.00,237.00,0.00,237.00,0.00,0.00,0.00,0.00,0
NDX100,PERIOD_H1,15,0,15:00,60,BREAKOUT,2.00,0.10,233,1.50,1.0853,199,606,0.013415,493,3,0.006085,488,231,47.34,2339.63,22639.86,-20300.23,1.12,11.65,1.86,185.90,216.07,250,8132.37,35462.00,510,1.0000,3.0000,0,200,0,600,0.000000,0.050000,488,0.00,199.00,0.00,199.00,0.00,0.00,0.00,0.00,0
NDX100,PERIOD_H1,15,0,15:00,60,BREAKOUT,2.00,0.10,398,1.50,1.1429,236,564,0.026045,500,12,0.024000,486,232,47.74,2482.60,22811.71,-20329.11,1.12,12.43,1.97,185.95,264.58,250,8132.37,35462.00,510,1.0000,3.0000,0,200,0,600,0.000000,0.050000,486,0.00,236.00,0.00,236.00,0.00,0.00,0.00,0.00,0
NDX100,PERIOD_H1,15,0,15:00,60,BREAKOUT,2.00,0.10,70,1.00,1.0163,39,486,0.023959,497,7,0.014085,488,233,47.75,2596.62,23694.40,-21097.78,1.12,13.28,2.02,185.71,42.26,250,8132.37,35462.00,510,1.0000,3.0000,0,200,0,600,0.000000,0.050000,488,0.00,39.00,0.00,39.00,0.00,0.00,0.00,0.00,0
NDX100,PERIOD_H1,15,0,15:00,60,BREAKOUT,2.00,0.10,236,1.00,1.0494,129,185,0.019097,502,12,0.023904,488,233,47.75,2625.89,23249.66,-20623.77,1.13,14.49,2.07,186.60,138.88,250,8132.37,35462.00,510,1.0000,3.0000,0,200,0,600,0.000000,0.050000,488,0.00,129.00,0.00,129.00,0.00,0.00,0.00,0.00,0
NDX100,PERIOD_H1,15,0,15:00,60,BREAKOUT,2.00,0.10,232,2.00,1.1215,134,153,0.044450,517,27,0.052224,488,235,48.16,2541.14,23110.26,-20569.12,1.12,16.52,2.01,186.31,158.29,250,8132.37,35462.00,510,1.0000,3.0000,0,200,0,600,0.000000,0.050000,488,0.00,134.00,0.00,134.00,0.00,0.00,0.00,0.00,0
NDX100,PERIOD_H1,15,0,15:00,60,BREAKOUT,2.00,0.10,398,2.00,1.2042,314,752,0.034727,502,16,0.031873,484,231,47.73,2204.07,22065.41,-19861.34,1.11,12.86,1.78,185.94,354.83,250,8132.37,35462.00,510,1.0000,3.0000,0,200,0,600,0.000000,0.050000,484,0.00,314.00,0.00,314.00,0.00,0.00,0.00,0.00,0
NDX100,PERIOD_H1,15,0,15:00,60,BREAKOUT,2.00,0.10,229,3.00,1.1919,211,886,0.024143,496,8,0.016129,486,231,47.53,2324.55,22391.96,-20067.41,1.12,12.15,1.86,186.11,249.38,250,8132.37,35462.00,510,1.0000,3.0000,0,200,0,600,0.000000,0.050000,486,0.00,211.00,0.00,211.00,0.00,0.00,0.00,0.00,0
NDX100,PERIOD_H1,15,0,15:00,60,BREAKOUT,2.00,0.10,401,1.00,1.0823,154,157,0.027517,503,14,0.027833,487,233,47.84,2808.03,23807.92,-20999.89,1.13,15.94,2.18,186.20,170.46,250,8132.37,35462.00,510,1.0000,3.0000,0,200,0,600,0.000000,0.050000,487,0.00,154.00,0.00,154.00,0.00,0.00,0.00,0.00,0
NDX100,PERIOD_H1,15,0,15:00,60,BREAKOUT,2.00,0.10,64,2.50,1.0490,114,809,0.007303,491,1,0.002037,488,232,47.54,2781.66,23614.44,-20832.78,1.13,12.85,2.15,185.61,123.80,250,8132.37,35462.00,510,1.0000,3.0000,0,200,0,600,0.000000,0.050000,488,0.00,114.00,0.00,114.00,0.00,0.00,0.00,0.00,0
NDX100,PERIOD_H1,15,0,15:00,60,BREAKOUT,2.00,0.10,231,2.50,1.1571,4,874,0.071017,520,32,0.061538,486,229,47.12,1339.20,21415.72,-20076.52,1.07,16.16,1.13,186.22,35.42,250,8132.37,35462.00,510,1.0000,3.0000,0,200,0,600,0.000000,0.050000,486,0.00,4.00,0.00,4.00,0.00,0.00,0.00,0.00,0
NDX100,PERIOD_H1,15,0,15:00,60,BREAKOUT,2.00,0.10,68,1.50,1.0278,162,648,0.000783,492,2,0.004065,488,231,47.34,2820.96,23690.70,-20869.74,1.14,12.79,2.18,186.01,167.55,250,8132.37,35462.00,510,1.0000,3.0000,0,200,0,600,0.000000,0.050000,488,0.00,162.00,0.00,162.00,0.00,0.00,0.00,0.00,0
NDX100,PERIOD_H1,15,0,15:00,60,BREAKOUT,2.00,0.10,66,2.00,1.0388,354,755,0.054173,517,31,0.059961,484,230,47.52,1654.93,20927.40,-19272.47,1.09,15.50,1.39,185.69,361.75,250,8132.37,35462.00,510,1.0000,3.0000,0,200,0,600,0.000000,0.050000,484,0.00,354.00,0.00,354.00,0.00,0.00,0.00,0.00,0
NDX100,PERIOD_H1,15,0,15:00,60,BREAKOUT,2.00,0.10,395,3.00,1.3242,481,1783,0.014423,492,9,0.018293,483,225,46.58,925.96,20463.24,-19537.28,1.05,17.99,0.81,186.32,545.85,250,8132.37,35462.00,510,1.0000,3.0000,0,200,0,600,0.000000,0.050000,483,0.00,481.00,0.00,481.00,0.00,0.00,0.00,0.00,0
NDX100,PERIOD_H1,15,0,15:00,60,BREAKOUT,2.00,0.10,64,3.00,1.0603,137,970,0.007303,491,1,0.002037,488,231,47.34,2317.16,23009.80,-20692.64,1.11,15.35,1.83,186.16,149.06,250,8132.37,35462.00,510,1.0000,3.0000,0,200,0,600,0.000000,0.050000,488,0.00,137.00,0.00,137.00,0.00,0.00,0.00,0.00,0
NDX100,PERIOD_H1,15,0,15:00,60,BREAKOUT,2.00,0.10,395,2.50,1.2634,401,1486,0.014423,495,9,0.018182,485,227,46.80,1269.42,20789.55,-19520.13,1.07,15.21,1.08,185.91,453.69,250,8132.37,35462.00,510,1.0000,3.0000,0,200,0,600,0.000000,0.050000,485,0.00,401.00,0.00,401.00,0.00,0.00,0.00,0.00,0
NDX100,PERIOD_H1,15,0,15:00,60,BREAKOUT,2.00,0.10,234,1.50,1.0857,297,196,0.068493,542,57,0.105166,484,230,47.52,1338.24,20356.67,-19018.43,1.07,16.48,1.15,186.32,314.13,250,8132.37,35462.00,510,1.0000,3.0000,0,200,0,600,0.000000,0.050000,484,0.00,297.00,0.00,297.00,0.00,0.00,0.00,0.00,0
NDX100,PERIOD_H1,15,0,15:00,60,BREAKOUT,2.00,0.10,71,1.00,1.0165,105,213,0.010675,493,4,0.008114,487,234,48.05,2935.77,24191.44,-21255.67,1.14,15.72,2.26,186.42,108.30,250,8132.37,35462.00,510,1.0000,3.0000,0,200,0,600,0.000000,0.050000,487,0.00,105.00,0.00,105.00,0.00,0.00,0.00,0.00,0
NDX100,PERIOD_H1,15,0,15:00,60,BREAKOUT,2.00,0.10,399,1.50,1.1432,34,154,0.006123,495,7,0.014141,486,234,48.15,3061.08,24215.20,-21154.12,1.14,15.66,2.35,186.42,59.50,250,8132.37,35462.00,510,1.0000,3.0000,0,200,0,600,0.000000,0.050000,486,0.00,34.00,0.00,34.00,0.00,0.00,0.00,0.00,0
NDX100,PERIOD_H1,15,0,15:00,60,BREAKOUT,2.00,0.10,237,1.00,1.0496,195,512,0.005814,492,2,0.004065,488,231,47.34,2437.90,22667.82,-20229.92,1.12,12.32,1.92,185.84,204.91,250,8132.37,35462.00,510,1.0000,3.0000,0,200,0,600,0.000000,0.050000,488,0.00,195.00,0.00,195.00,0.00,0.00,0.00,0.00,0
NDX100,PERIOD_H1,15,0,15:00,60,BREAKOUT,2.00,0.10,399,2.00,1.2046,45,206,0.008164,495,7,0.014141,486,234,48.15,3037.54,24180.00,-21142.46,1.14,15.71,2.33,186.46,81.42,250,8132.37,35462.00,510,1.0000,3.0000,0,200,0,600,0.000000,0.050000,486,0.00,45.00,0.00,45.00,0.00,0.00,0.00,0.00,0
NDX100,PERIOD_H1,15,0,15:00,60,BREAKOUT,2.00,0.10,233,2.00,1.1219,265,808,0.017887,494,7,0.014170,485,232,47.84,2145.15,22244.35,-20099.20,1.11,12.50,1.74,185.72,289.38,250,8132.37,35462.00,510,1.0000,3.0000,0,200,0,600,0.000000,0.050000,485,0.00,265.00,0.00,265.00,0.00,0.00,0.00,0.00,0
NDX100,PERIOD_H1,15,0,15:00,60,BREAKOUT,2.00,0.10,230,3.00,1.1926,407,68,0.097583,532,49,0.092105,483,231,47.83,1598.44,21251.71,-19653.27,1.08,17.23,1.36,185.87,445.53,250,8132.37,35462.00,510,1.0000,3.0000,0,200,0,600,0.000000,0.050000,483,0.00,407.00,0.00,407.00,0.00,0.00,0.00,0.00,0
NDX100,PERIOD_H1,15,0,15:00,60,BREAKOUT,2.00,0.10,402,1.00,1.0825,20,484,0.014235,502,12,0.023904,488,232,47.54,2579.27,23674.25,-21094.98,1.12,13.59,2.02,185.74,36.49,250,8132.37,35462.00,510,1.0000,3.0000,0,200,0,600,0.000000,0.050000,488,0.00,20.00,0.00,20.00,0.00,0.00,0.00,0.00,0
NDX100,PERIOD_H1,15,0,15:00,60,BREAKOUT,2.00,0.10,65,2.50,1.0496,278,126,0.080740,528,42,0.079545,484,235,48.55,2914.62,22835.24,-19920.62,1.15,14.84,2.31,186.39,287.92,250,8132.37,35462.00,510,1.0000,3.0000,0,200,0,600,0.000000,0.050000,484,0.00,278.00,0.00,278.00,0.00,0.00,0.00,0.00,0
NDX100,PERIOD_H1,15,0,15:00,60,BREAKOUT,2.00,0.10,232,2.50,1.1579,168,192,0.044450,517,27,0.052224,488,234,47.95,2232.29,22302.08,-20069.79,1.11,15.93,1.79,186.51,199.58,250,8132.37,35462.00,510,1.0000,3.0000,0,200,0,600,0.000000,0.050000,488,0.00,168.00,0.00,168.00,0.00,0.00,0.00,0.00,0
NDX100,PERIOD_H1,15,0,15:00,60,BREAKOUT,2.00,0.10,69,1.50,1.0281,261,238,0.055860,508,19,0.037402,487,238,48.87,3490.40,24028.64,-20538.24,1.17,15.20,2.67,186.39,266.62,250,8132.37,35462.00,510,1.0000,3.0000,0,200,0,600,0.000000,0.050000,487,0.00,261.00,0.00,261.00,0.00,0.00,0.00,0.00,0
NDX100,PERIOD_H1,15,0,15:00,60,BREAKOUT,2.00,0.10,67,2.00,1.0392,85,210,0.027610,502,14,0.027888,486,236,48.56,2938.56,23827.24,-20888.68,1.14,16.22,2.27,186.44,92.84,250,8132.37,35462.00,510,1.0000,3.0000,0,200,0,600,0.000000,0.050000,486,0.00,85.00,0.00,85.00,0.00,0.00,0.00,0.00,0
NDX100,PERIOD_H1,15,0,15:00,60,BREAKOUT,2.00,0.10,396,3.00,1.3250,78,965,0.087860,540,54,0.100000,484,229,47.31,2074.01,21688.48,-19614.47,1.11,14.36,1.68,186.35,142.99,250,8132.37,35462.00,510,1.0000,3.0000,0,200,0,600,0.000000,0.050000,484,0.00,78.00,0.00,78.00,0.00,0.00,0.00,0.00,0
NDX100,PERIOD_H1,15,0,15:00,60,BREAKOUT,2.00,0.10,65,3.00,1.0610,334,152,0.080740,528,42,0.079545,484,233,48.14,2371.15,21975.33,-19604.18,1.12,17.74,1.93,186.51,346.21,250,8132.37,35462.00,510,1.0000,3.0000,0,200,0,600,0.000000,0.050000,484,0.00,334.00,0.00,334.00,0.00,0.00,0.00,0.00,0
NDX100,PERIOD_H1,15,0,15:00,60,BREAKOUT,2.00,0.10,396,2.50,1.2640,65,804,0.087860,539,53,0.098330,484,230,47.52,2426.53,22043.51,-19616.98,1.12,12.13,1.94,185.95,117.81,250,8132.37,35462.00,510,1.0000,3.0000,0,200,0,600,0.000000,0.050000,484,0.00,65.00,0.00,65.00,0.00,0.00,0.00,0.00,0
NDX100,PERIOD_H1,15,0,15:00,60,BREAKOUT,2.00,0.10,235,1.50,1.0861,96,687,0.048568,521,34,0.065259,485,233,48.04,2515.11,22649.53,-20134.42,1.12,14.31,2.00,185.52,111.32,250,8132.37,35462.00,510,1.0000,3.0000,0,200,0,600,0.000000,0.050000,485,0.00,96.00,0.00,96.00,0.00,0.00,0.00,0.00,0
NDX100,PERIOD_H1,15,0,15:00,60,BREAKOUT,2.00,0.10,72,1.00,1.0167,171,540,0.047394,513,23,0.044834,488,229,46.93,2212.71,22450.98,-20238.27,1.11,12.47,1.79,185.74,174.33,250,8132.37,35462.00,510,1.0000,3.0000,0,200,0,600,0.000000,0.050000,488,0.00,171.00,0.00,171.00,0.00,0.00,0.00,0.00,0
NDX100,PERIOD_H1,15,0,15:00,60,BREAKOUT,2.00,0.10,400,1.50,1.1436,133,645,0.061200,521,32,0.061420,487,230,47.23,3029.98,23698.83,-20668.85,1.15,12.41,2.37,186.08,161.71,250,8132.37,35462.00,510,1.0000,3.0000,0,200,0,600,0.000000,0.050000,487,0.00,133.00,0.00,133.00,0.00,0.00,0.00,0.00,0
NDX100,PERIOD_H1,15,0,15:00,60,BREAKOUT,2.00,0.10,238,1.00,1.0497,61,239,0.042532,514,26,0.050584,486,236,48.56,2711.19,23440.68,-20729.49,1.13,15.86,2.13,186.33,70.95,250,8132.37,35462.00,510,1.0000,3.0000,0,200,0,600,0.000000,0.050000,486,0.00,61.00,0.00,61.00,0.00,0.00,0.00,0.00,0
NDX100,PERIOD_H1,15,0,15:00,60,BREAKOUT,2.00,0.10,234,2.00,1.1224,396,262,0.091324,553,69,0.124774,483,226,46.79,906.57,19397.88,-18491.31,1.05,17.34,0.81,186.38,420.48,250,8132.37,35462.00,510,1.0000,3.0000,0,200,0,600,0.000000,0.050000,483,0.00,396.00,0.00,396.00,0.00,0.00,0.00,0.00,0
NDX100,PERIOD_H1,15,0,15:00,60,BREAKOUT,2.00,0.10,400,2.00,1.2051,177,860,0.081600,533,46,0.086304,485,230,47.42,2639.98,22848.13,-20208.15,1.13,11.28,2.12,186.17,218.02,250,8132.37,35462.00,510,1.0000,3.0000,0,200,0,600,0.000000,0.050000,485,0.00,177.00,0.00,177.00,0.00,0.00,0.00,0.00,0
NDX100,PERIOD_H1,15,0,15:00,60,BREAKOUT,2.00,0.10,231,3.00,1.1934,4,1049,0.071017,520,32,0.061538,486,228,46.91,1343.29,21300.56,-19957.27,1.07,16.28,1.13,185.95,42.67,250,8132.37,35462.00,510,1.0000,3.0000,0,200,0,600,0.000000,0.050000,486,0.00,4.00,0.00,4.00,0.00,0.00,0.00,0.00,0
NDX100,PERIOD_H1,15,0,15:00,60,BREAKOUT,2.00,0.10,403,1.00,1.0826,85,211,0.000952,490,0,0.000000,488,235,48.16,2943.98,24203.20,-21259.22,1.14,15.70,2.26,186.53,101.53,250,8132.37,35462.00,510,1.0000,3.0000,0,200,0,600,0.000000,0.050000,488,0.00,85.00,0.00,85.00,0.00,0.00,0.00,0.00,0
NDX100,PERIOD_H1,15,0,15:00,60,BREAKOUT,2.00,0.10,233,2.50,1.1585,332,1010,0.017887,494,7,0.014170,485,228,47.01,1276.44,20925.08,-19648.64,1.06,17.79,1.08,186.00,363.70,250,8132.37,35462.00,510,1.0000,3.0000,0,200,0,600,0.000000,0.050000,485,0.00,332.00,0.00,332.00,0.00,0.00,0.00,0.00,0
NDX100,PERIOD_H1,15,0,15:00,60,BREAKOUT,2.00,0.10,66,2.50,1.0504,442,944,0.054173,516,31,0.060078,484,229,47.31,1344.54,20430.91,-19086.37,1.07,15.29,1.15,186.11,452.08,250,8132.37,35462.00,510,1.0000,3.0000,0,200,0,600,0.000000,0.050000,484,0.00,442.00,0.00,442.00,0.00,0.00,0.00,0.00,0
NDX100,PERIOD_H1,15,0,15:00,60,BREAKOUT,2.00,0.10,70,1.50,1.0285,59,729,0.035938,501,11,0.021956,488,233,47.75,2647.15,23634.61,-20987.46,1.13,13.43,2.07,185.74,64.70,250,8132.37,35462.00,510,1.0000,3.0000,0,200,0,600,0.000000,0.050000,488,0.00,59.00,0.00,59.00,0.00,0.00,0.00,0.00,0
NDX100,PERIOD_H1,15,0,15:00,60,BREAKOUT,2.00,0.10,68,2.00,1.0397,216,864,0.001044,492,2,0.004065,488,231,47.34,2246.26,22582.39,-20336.13,1.11,11.91,1.79,186.01,223.93,250,8132.37,35462.00,510,1.0000,3.0000,0,200,0,600,0.000000,0.050000,488,0.00,216.00,0.00,216.00,0.00,0.00,0.00,0.00,0
NDX100,PERIOD_H1,15,0,15:00,60,BREAKOUT,2.00,0.10,397,3.00,1.3259,275,146,0.061293,528,41,0.077652,485,230,47.42,1582.51,21192.12,-19609.61,1.08,18.99,1.33,186.04,340.19,250,8132.37,35462.00,510,1.0000,3.0000,0,200,0,600,0.000000,0.050000,485,0.00,275.00,0.00,275.00,0.00,0.00,0.00,0.00,0
NDX100,PERIOD_H1,15,0,15:00,60,BREAKOUT,2.00,0.10,66,3.00,1.0620,531,1133,0.054173,514,32,0.062257,482,227,47.10,1062.22,19922.71,-18860.49,1.06,15.33,0.93,186.35,543.40,250,8132.37,35462.00,510,1.0000,3.0000,0,200,0,600,0.000000,0.050000,482,0.00,531.00,0.00,531.00,0.00,0.00,0.00,0.00,0
NDX100,PERIOD_H1,15,0,15:00,60,BREAKOUT,2.00,0.10,397,2.50,1.2648,229,122,0.061293,528,39,0.073864,487,231,47.43,1549.25,21474.71,-19925.46,1.08,16.40,1.29,185.82,281.96,250,8132.37,35462.00,510,1.0000,3.0000,0,200,0,600,0.000000,0.050000,487,0.00,229.00,0.00,229.00,0.00,0.00,0.00,0.00,0
NDX100,PERIOD_H1,15,0,15:00,60,BREAKOUT,2.00,0.10,236,1.50,1.0864,194,278,0.028645,503,13,0.025845,488,231,47.34,2149.64,22290.74,-20141.10,1.11,14.26,1.73,186.55,211.28,250,8132.37,35462.00,510,1.0000,3.0000,0,200,0,600,0.000000,0.050000,488,0.00,194.00,0.00,194.00,0.00,0.00,0.00,0.00,0
NDX100,PERIOD_H1,15,0,15:00,60,BREAKOUT,2.00,0.10,73,1.00,1.0169,36,267,0.034112,506,17,0.033597,487,234,48.05,2398.90,23164.79,-20765.89,1.12,15.86,1.88,186.66,39.38,250,8132.37,35462.00,510,1.0000,3.0000,0,200,0,600,0.000000,0.050000,487,0.00,36.00,0.00,36.00,0.00,0.00,0.00,0.00,0
NDX100,PERIOD_H1,15,0,15:00,60,BREAKOUT,2.00,0.10,401,1.50,1.1440,231,236,0.041276,506,18,0.035573,486,231,47.53,2939.47,23558.53,-20619.06,1.14,12.44,2.28,186.22,259.80,250,8132.37,35462.00,510,1.0000,3.0000,0,200,0,600,0.000000,0.050000,486,0.00,231.00,0.00,231.00,0.00,0.00,0.00,0.00,0
NDX100,PERIOD_H1,15,0,15:00,60,BREAKOUT,2.00,0.10,239,1.00,1.0500,126,566,0.029250,499,9,0.018036,488,233,47.75,2743.80,23474.91,-20731.11,1.13,12.42,2.14,185.71,136.00,250,8132.37,35462.00,510,1.0000,3.0000,0,200,0,600,0.000000,0.050000,488,0.00,126.00,0.00,126.00,0.00,0.00,0.00,0.00,0
NDX100,PERIOD_H1,15,0,15:00,60,BREAKOUT,2.00,0.10,232,3.00,1.1943,201,230,0.044450,516,27,0.052326,487,233,47.84,2103.20,22187.10,-20083.90,1.10,16.68,1.70,186.38,239.87,250,8132.37,35462.00,510,1.0000,3.0000,0,200,0,600,0.000000,0.050000,487,0.00,201.00,0.00,201.00,0.00,0.00,0.00,0.00,0
NDX100,PERIOD_H1,15,0,15:00,60,BREAKOUT,2.00,0.10,401,2.00,1.2057,308,314,0.055034,507,20,0.039448,485,229,47.22,2206.84,22220.11,-20013.27,1.11,16.53,1.80,186.40,349.14,250,8132.37,35462.00,510,1.0000,3.0000,0,200,0,600,0.000000,0.050000,485,0.00,308.00,0.00,308.00,0.00,0.00,0.00,0.00,0
NDX100,PERIOD_H1,15,0,15:00,60,BREAKOUT,2.00,0.10,235,2.00,1.1230,128,916,0.064757,531,44,0.082863,485,234,48.25,2466.61,22032.69,-19566.08,1.13,12.69,1.97,185.73,149.89,250,8132.37,35462.00,510,1.0000,3.0000,0,200,0,600,0.000000,0.050000,485,0.00,128.00,0.00,128.00,0.00,0.00,0.00,0.00,0
NDX100,PERIOD_H1,15,0,15:00,60,BREAKOUT,2.00,0.10,404,1.00,1.0828,151,538,0.037671,508,18,0.035433,488,230,47.13,2846.03,23236.32,-20390.29,1.14,13.70,2.21,185.71,167.57,250,8132.37,35462.00,510,1.0000,3.0000,0,200,0,600,0.000000,0.050000,488,0.00,151.00,0.00,151.00,0.00,0.00,0.00,0.00,0
NDX100,PERIOD_H1,15,0,15:00,60,BREAKOUT,2.00,0.10,234,2.50,1.1591,496,327,0.091324,548,66,0.120438,482,226,46.89,742.49,19143.36,-18400.87,1.04,18.04,0.67,186.47,527.82,250,8132.37,35462.00,510,1.0000,3.0000,0,200,0,600,0.000000,0.050000,482,0.00,496.00,0.00,496.00,0.00,0.00,0.00,0.00,0
NDX100,PERIOD_H1,15,0,15:00,60,BREAKOUT,2.00,0.10,67,2.50,1.0510,106,262,0.027610,502,14,0.027888,486,235,48.35,2745.63,23540.71,-20795.08,1.13,16.19,2.13,186.59,116.20,250,8132.37,35462.00,510,1.0000,3.0000,0,200,0,600,0.000000,0.050000,486,0.00,106.00,0.00,106.00,0.00,0.00,0.00,0.00,0
NDX100,PERIOD_H1,15,0,15:00,60,BREAKOUT,2.00,0.10,71,1.50,1.0288,157,320,0.016013,494,5,0.010121,487,233,47.84,2861.84,23905.81,-21043.97,1.14,15.01,2.20,186.70,162.77,250,8132.37,35462.00,510,1.0000,3.0000,0,200,0,600,0.000000,0.050000,487,0.00,157.00,0.00,157.00,0.00,0.00,0.00,0.00,0
NDX100,PERIOD_H1,15,0,15:00,60,BREAKOUT,2.00,0.10,69,2.00,1.0401,347,318,0.074480,520,33,0.063462,485,238,49.07,3162.65,23311.79,-20149.14,1.16,17.54,2.48,186.50,355.03,250,8132.37,35462.00,510,1.0000,3.0000,0,200,0,600,0.000000,0.050000,485,0.00,347.00,0.00,347.00,0.00,0.00,0.00,0.00,0
NDX100,PERIOD_H1,15,0,15:00,60,BREAKOUT,2.00,0.10,398,3.00,1.3267,471,1127,0.034727,499,16,0.032064,483,229,47.41,1546.57,20984.30,-19437.73,1.08,13.01,1.30,186.35,536.33,250,8132.37,35462.00,510,1.0000,3.0000,0,200,0,600,0.000000,0.050000,483,0.00,471.00,0.00,471.00,0.00,0.00,0.00,0.00,0
NDX100,PERIOD_H1,15,0,15:00,60,BREAKOUT,2.00,0.10,67,3.00,1.0627,128,314,0.027610,502,14,0.027888,486,235,48.35,2865.33,23615.04,-20749.71,1.14,15.69,2.22,186.67,140.55,250,8132.37,35462.00,510,1.0000,3.0000,0,200,0,600,0.000000,0.050000,486,0.00,128.00,0.00,128.00,0.00,0.00,0.00,0.00,0
NDX100,PERIOD_H1,15,0,15:00,60,BREAKOUT,2.00,0.10,398,2.50,1.2654,393,939,0.034727,501,16,0.031936,484,230,47.52,1829.86,21356.55,-19526.69,1.09,12.96,1.51,186.37,446.08,250,8132.37,35462.00,510,1.0000,3.0000,0,200,0,600,0.000000,0.050000,484,0.00,393.00,0.00,393.00,0.00,0.00,0.00,0.00,0
NDX100,PERIOD_H1,15,0,15:00,60,BREAKOUT,2.00,0.10,237,1.50,1.0867,293,768,0.008721,492,4,0.008130,486,231,47.53,1999.64,21946.25,-19946.61,1.10,15.09,1.62,185.77,310.35,250,8132.37,35462.00,510,1.0000,3.0000,0,200,0,600,0.000000,0.050000,486,0.00,293.00,0.00,293.00,0.00,0.00,0.00,0.00,0
NDX100,PERIOD_H1,15,0,15:00,60,BREAKOUT,2.00,0.10,74,1.00,1.0171,102,595,0.020829,497,7,0.014085,488,232,47.54,2792.03,23812.69,-21020.66,1.13,13.28,2.17,185.92,105.42,250,8132.37,35462.00,510,1.0000,3.0000,0,200,0,600,0.000000,0.050000,488,0.00,102.00,0.00,102.00,0.00,0.00,0.00,0.00,0
NDX100,PERIOD_H1,15,0,15:00,60,BREAKOUT,2.00,0.10,402,1.50,1.1443,29,726,0.021353,508,18,0.035433,488,231,47.34,2956.07,23781.06,-20824.99,1.14,13.54,2.28,185.73,57.86,250,8132.37,35462.00,510,1.0000,3.0000,0,200,0,600,0.000000,0.050000,488,0.00,29.00,0.00,29.00,0.00,0.00,0.00,0.00,0
NDX100,PERIOD_H1,15,0,15:00,60,BREAKOUT,2.00,0.10,240,1.00,1.0502,192,294,0.015967,495,6,0.012121,487,233,47.84,2897.97,23652.25,-20754.28,1.14,13.91,2.24,186.41,202.03,250,8132.37,35462.00,510,1.0000,3.0000,0,200,0,600,0.000000,0.050000,487,0.00,192.00,0.00,192.00,0.00,0.00,0.00,0.00,0
NDX100,PERIOD_H1,15,0,15:00,60,BREAKOUT,2.00,0.10,402,2.00,1.2062,39,968,0.028471,510,20,0.039216,488,229,46.93,2285.00,22892.05,-20607.05,1.11,16.55,1.83,186.10,80.23,250,8132.37,35462.00,510,1.0000,3.0000,0,200,0,600,0.000000,0.050000,488,0.00,39.00,0.00,39.00,0.00,0.00,0.00,0.00,0
NDX100,PERIOD_H1,15,0,15:00,60,BREAKOUT,2.00,0.10,233,3.00,1.1951,398,1211,0.017887,494,7,0.014170,485,228,47.01,1384.99,20997.85,-19612.86,1.07,14.93,1.17,186.26,437.01,250,8132.37,35462.00,510,1.0000,3.0000,0,200,0,600,0.000000,0.050000,485,0.00,398.00,0.00,398.00,0.00,0.00,0.00,0.00,0
NDX100,PERIOD_H1,15,0,15:00,60,BREAKOUT,2.00,0.10,405,1.00,1.0831,16,265,0.024389,500,10,0.020000,488,235,48.16,3214.48,24838.03,-21623.55,1.15,15.95,2.42,186.53,32.61,250,8132.37,35462.00,510,1.0000,3.0000,0,200,0,600,0.000000,0.050000,488,0.00,16.00,0.00,16.00,0.00,0.00,0.00,0.00,0
NDX100,PERIOD_H1,15,0,15:00,60,BREAKOUT,2.00,0.10,236,2.00,1.1234,259,370,0.038194,505,17,0.033663,486,234,48.15,2725.35,22874.72,-20149.37,1.14,9.71,2.15,186.18,283.69,250,8132.37,35462.00,510,1.0000,3.0000,0,200,0,600,0.000000,0.050000,486,0.00,259.00,0.00,259.00,0.00,0.00,0.00,0.00,0
NDX100,PERIOD_H1,15,0,15:00,60,BREAKOUT,2.00,0.10,235,2.50,1.1599,160,1145,0.064757,531,44,0.082863,485,232,47.84,1943.75,20981.13,-19037.38,1.10,11.98,1.60,185.57,188.46,250,8132.37,35462.00,510,1.0000,3.0000,0,200,0,600,0.000000,0.050000,485,0.00,160.00,0.00,160.00,0.00,0.00,0.00,0.00,0
NDX100,PERIOD_H1,15,0,15:00,60,BREAKOUT,2.00,0.10,68,2.50,1.0516,270,1080,0.001044,491,2,0.004073,487,231,47.43,2026.36,22148.37,-20122.01,1.10,12.50,1.65,185.83,280.32,250,8132.37,35462.00,510,1.0000,3.0000,0,200,0,600,0.000000,0.050000,487,0.00,270.00,0.00,270.00,0.00,0.00,0.00,0.00,0
NDX100,PERIOD_H1,15,0,15:00,60,BREAKOUT,2.00,0.10,72,1.50,1.0292,256,810,0.071091,524,35,0.066794,487,227,46.61,1309.96,20410.51,-19100.55,1.07,13.24,1.11,185.74,261.83,250,8132.37,35462.00,510,1.0000,3.0000,0,200,0,600,0.000000,0.050000,487,0.00,256.00,0.00,256.00,0.00,0.00,0.00,0.00,0
NDX100,PERIOD_H1,15,0,15:00,60,BREAKOUT,2.00,0.10,70,2.00,1.0407,79,972,0.047917,507,18,0.035503,487,232,47.64,2227.24,22911.62,-20684.38,1.11,15.84,1.80,185.98,87.15,250,8132.37,35462.00,510,1.0000,3.0000,0,200,0,600,0.000000,0.050000,487,0.00,79.00,0.00,79.00,0.00,0.00,0.00,0.00,0
NDX100,PERIOD_H1,15,0,15:00,60,BREAKOUT,2.00,0.10,399,3.00,1.3274,68,309,0.008164,495,7,0.014141,486,233,47.94,2877.21,23697.65,-20820.44,1.14,14.99,2.22,186.40,126.28,250,8132.37,35462.00,510,1.0000,3.0000,0,200,0,600,0.000000,0.050000,486,0.00,68.00,0.00,68.00,0.00,0.00,0.00,0.00,0
NDX100,PERIOD_H1,15,0,15:00,60,BREAKOUT,2.00,0.10,68,3.00,1.0635,324,1296,0.001044,490,2,0.004082,486,229,47.12,1633.79,21521.71,-19887.92,1.08,15.06,1.35,185.95,336.70,250,8132.37,35462.00,510,1.0000,3.0000,0,200,0,600,0.000000,0.050000,486,0.00,324.00,0.00,324.00,0.00,0.00,0.00,0.00,0
NDX100,PERIOD_H1,15,0,15:00,60,BREAKOUT,2.00,0.10,399,2.50,1.2660,57,257,0.008164,495,7,0.014141,486,233,47.94,2964.39,23838.29,-20873.90,1.14,15.07,2.28,186.53,104.35,250,8132.37,35462.00,510,1.0000,3.0000,0,200,0,600,0.000000,0.050000,486,0.00,57.00,0.00,57.00,0.00,0.00,0.00,0.00,0
NDX100,PERIOD_H1,15,0,15:00,60,BREAKOUT,2.00,0.10,238,1.50,1.0871,91,359,0.063798,521,33,0.063340,486,238,48.97,2995.08,23723.76,-20728.68,1.14,15.92,2.33,186.04,108.41,250,8132.37,35462.00,510,1.0000,3.0000,0,200,0,600,0.000000,0.050000,486,0.00,91.00,0.00,91.00,0.00,0.00,0.00,0.00,0
NDX100,PERIOD_H1,15,0,15:00,60,BREAKOUT,2.00,0.10,75,1.00,1.0173,167,322,0.007546,494,4,0.008097,488,233,47.75,2860.45,23902.76,-21042.31,1.14,15.47,2.20,186.35,170.45,250,8132.37,35462.00,510,1.0000,3.0000,0,200,0,600,0.000000,0.050000,488,0.00,167.00,0.00,167.00,0.00,0.00,0.00,0.00,0
NDX100,PERIOD_H1,15,0,15:00,60,BREAKOUT,2.00,0.10,403,1.50,1.1446,128,317,0.001428,490,0,0.000000,488,234,47.95,2891.08,24000.48,-21109.40,1.14,15.13,2.22,186.44,156.93,250,8132.37,35462.00,510,1.0000,3.0000,0,200,0,600,0.000000,0.050000,488,0.00,128.00,0.00,128.00,0.00,0.00,0.00,0.00,0
NDX100,PERIOD_H1,15,0,15:00,60,BREAKOUT,2.00,0.10,403,2.00,1.2066,170,423,0.001904,490,0,0.000000,488,231,47.34,2879.80,23568.21,-20688.41,1.14,11.64,2.22,185.78,211.32,250,8132.37,35462.00,510,1.0000,3.0000,0,200,0,600,0.000000,0.050000,488,0.00,170.00,0.00,170.00,0.00,0.00,0.00,0.00,0
NDX100,PERIOD_H1,15,0,15:00,60,BREAKOUT,2.00,0.10,241,1.00,1.0504,57,21,0.002684,492,2,0.004065,489,234,47.85,2722.72,24171.60,-21448.88,1.13,15.84,2.11,185.93,67.07,250,8132.37,35462.00,510,1.0000,3.0000,0,200,0,600,0.000000,0.050000,489,0.00,57.00,0.00,57.00,0.00,0.00,0.00,0.00,0
NDX100,PERIOD_H1,15,0,15:00,60,BREAKOUT,2.00,0.10,234,3.00,1.1958,595,393,0.091324,544,64,0.117647,480,224,46.67,675.64,18854.62,-18178.98,1.04,14.98,0.62,185.91,634.16,250,8132.37,35462.00,510,1.0000,3.0000,0,200,0,600,0.000000,0.050000,480,0.00,595.00,0.00,595.00,0.00,0.00,0.00,0.00,0
NDX100,PERIOD_H1,15,0,15:00,60,BREAKOUT,2.00,0.10,69,2.50,1.0522,434,397,0.074480,517,31,0.059961,485,237,48.87,3064.27,23041.86,-19977.59,1.15,14.62,2.43,185.89,444.43,250,8132.37,35462.00,510,1.0000,3.0000,0,200,0,600,0.000000,0.050000,485,0.00,434.00,0.00,434.00,0.00,0.00,0.00,0.00,0
NDX100,PERIOD_H1,15,0,15:00,60,BREAKOUT,2.00,0.10,406,1.00,1.0833,82,593,0.011106,496,6,0.012097,488,232,47.54,2558.05,23267.25,-20709.20,1.12,12.35,2.02,185.88,98.65,250,8132.37,35462.00,510,1.0000,3.0000,0,200,0,600,0.000000,0.050000,488,0.00,82.00,0.00,82.00,0.00,0.00,0.00,0.00,0
NDX100,PERIOD_H1,15,0,15:00,60,BREAKOUT,2.00,0.10,237,2.00,1.1239,390,1024,0.011628,492,5,0.010163,485,229,47.22,1505.32,21104.89,-19599.57,1.08,17.22,1.25,185.99,414.78,250,8132.37,35462.00,510,1.0000,3.0000,0,200,0,600,0.000000,0.050000,485,0.00,390.00,0.00,390.00,0.00,0.00,0.00,0.00,0
NDX100,PERIOD_H1,15,0,15:00,60,BREAKOUT,2.00,0.10,236,2.50,1.1605,324,463,0.038194,504,16,0.031746,486,231,47.53,1740.72,21476.43,-19735.71,1.09,14.08,1.44,185.77,356.10,250,8132.37,35462.00,510,1.0000,3.0000,0,200,0,600,0.000000,0.050000,486,0.00,324.00,0.00,324.00,0.00,0.00,0.00,0.00,0
NDX100,PERIOD_H1,15,0,15:00,60,BREAKOUT,2.00,0.10,73,1.50,1.0296,54,401,0.051168,515,28,0.054369,485,234,48.25,3021.78,23588.48,-20566.70,1.15,12.88,2.33,185.80,59.92,250,8132.37,35462.00,510,1.0000,3.0000,0,200,0,600,0.000000,0.050000,485,0.00,54.00,0.00,54.00,0.00,0.00,0.00,0.00,0
NDX100,PERIOD_H1,15,0,15:00,60,BREAKOUT,2.00,0.10,71,2.00,1.0412,210,426,0.021351,499,10,0.020040,487,230,47.23,2645.92,23212.22,-20566.30,1.13,11.81,2.08,186.08,218.24,250,8132.37,35462.00,510,1.0000,3.0000,0,200,0,600,0.000000,0.050000,487,0.00,210.00,0.00,210.00,0.00,0.00,0.00,0.00,0
NDX100,PERIOD_H1,15,0,15:00,60,BREAKOUT,2.00,0.10,400,3.00,1.3281,265,1290,0.081600,531,46,0.086629,483,229,47.41,1976.49,21842.22,-19865.73,1.10,15.01,1.65,186.27,330.63,250,8132.37,35462.00,510,1.0000,3.0000,0,200,0,600,0.000000,0.050000,483,0.00,265.00,0.00,265.00,0.00,0.00,0.00,0.00,0
NDX100,PERIOD_H1,15,0,15:00,60,BREAKOUT,2.00,0.10,69,3.00,1.0642,521,477,0.074480,514,31,0.060311,483,236,48.86,2549.85,22064.12,-19514.27,1.13,15.28,2.08,186.11,533.84,250,8132.37,35462.00,510,1.0000,3.0000,0,200,0,600,0.000000,0.050000,483,0.00,521.00,0.00,521.00,0.00,0.00,0.00,0.00,0
NDX100,PERIOD_H1,15,0,15:00,60,BREAKOUT,2.00,0.10,400,2.50,1.2666,221,1075,0.081600,532,46,0.086466,484,230,47.52,2390.61,22515.68,-20125.07,1.12,12.44,1.95,186.16,274.32,250,8132.37,35462.00,510,1.0000,3.0000,0,200,0,600,0.000000,0.050000,484,0.00,221.00,0.00,221.00,0.00,0.00,0.00,0.00,0
NDX100,PERIOD_H1,15,0,15:00,60,BREAKOUT,2.00,0.10,239,1.50,1.0875,189,850,0.043876,503,14,0.027833,487,233,47.84,2776.76,23432.03,-20655.27,1.13,11.85,2.18,185.93,206.50,250,8132.37,35462.00,510,1.0000,3.0000,0,200,0,600,0.000000,0.050000,487,0.00,189.00,0.00,189.00,0.00,0.00,0.00,0.00,0
NDX100,PERIOD_H1,15,0,15:00,60,BREAKOUT,2.00,0.10,76,1.00,1.0175,33,49,0.044264,511,25,0.048924,485,234,48.25,2409.42,23458.31,-21048.89,1.11,15.26,1.89,185.98,36.49,250,8132.37,35462.00,510,1.0000,3.0000,0,200,0,600,0.000000,0.050000,485,0.00,33.00,0.00,33.00,0.00,0.00,0.00,0.00,0
NDX100,PERIOD_H1,15,0,15:00,60,BREAKOUT,2.00,0.10,404,1.50,1.1449,226,808,0.056506,514,25,0.048638,487,233,47.84,2465.11,22039.83,-19574.72,1.13,12.95,1.96,185.73,254.99,250,8132.37,35462.00,510,1.0000,3.0000,0,200,0,600,0.000000,0.050000,487,0.00,226.00,0.00,226.00,0.00,0.00,0.00,0.00,0
NDX100,PERIOD_H1,15,0,15:00,60,BREAKOUT,2.00,0.10,242,1.00,1.0505,123,348,0.039404,507,17,0.033531,488,234,47.95,2468.05,22935.99,-20467.94,1.12,14.99,1.96,185.96,133.11,250,8132.37,35462.00,510,1.0000,3.0000,0,200,0,600,0.000000,0.050000,488,0.00,123.00,0.00,123.00,0.00,0.00,0.00,0.00,0
NDX100,PERIOD_H1,15,0,15:00,60,BREAKOUT,2.00,0.10,404,2.00,1.2071,302,1077,0.075341,520,32,0.061538,486,230,47.33,1487.87,20506.27,-19018.40,1.08,16.26,1.25,185.85,343.41,250,8132.37,35462.00,510,1.0000,3.0000,0,200,0,600,0.000000,0.050000,486,0.00,302.00,0.00,302.00,0.00,0.00,0.00,0.00,0
NDX100,PERIOD_H1,15,0,15:00,60,BREAKOUT,2.00,0.10,235,3.00,1.1968,192,1374,0.064757,532,45,0.084586,485,232,47.84,1734.29,20797.20,-19062.91,1.09,13.08,1.44,185.74,227.03,250,8132.37,35462.00,510,1.0000,3.0000,0,200,0,600,0.000000,0.050000,485,0.00,192.00,0.00,192.00,0.00,0.00,0.00,0.00,0
NDX100,PERIOD_H1,15,0,15:00,60,BREAKOUT,2.00,0.10,70,2.50,1.0530,98,1215,0.047917,507,18,0.035503,487,232,47.64,2526.21,23348.29,-20822.08,1.12,13.50,2.02,186.08,108.59,250,8132.37,35462.00,510,1.0000,3.0000,0,200,0,600,0.000000,0.050000,487,0.00,98.00,0.00,98.00,0.00,0.00,0.00,0.00,0
NDX100,PERIOD_H1,15,0,15:00,60,BREAKOUT,2.00,0.10,237,2.50,1.1611,488,1281,0.011628,489,5,0.010225,484,228,47.11,1520.48,21070.69,-19550.21,1.08,15.23,1.28,186.31,520.22,250,8132.37,35462.00,510,1.0000,3.0000,0,200,0,600,0.000000,0.050000,484,0.00,488.00,0.00,488.00,0.00,0.00,0.00,0.00,0
NDX100,PERIOD_H1,15,0,15:00,60,BREAKOUT,2.00,0.10,407,1.00,1.0834,148,320,0.047824,514,25,0.048638,487,231,47.43,2144.63,22625.30,-20480.67,1.10,15.87,1.72,186.74,164.69,250,8132.37,35462.00,510,1.0000,3.0000,0,200,0,600,0.000000,0.050000,487,0.00,148.00,0.00,148.00,0.00,0.00,0.00,0.00,0
NDX100,PERIOD_H1,15,0,15:00,60,BREAKOUT,2.00,0.10,238,2.00,1.1244,121,479,0.085064,531,43,0.080979,486,235,48.35,2635.38,22708.06,-20072.68,1.13,13.20,2.09,185.73,145.87,250,8132.37,35462.00,510,1.0000,3.0000,0,200,0,600,0.000000,0.050000,486,0.00,121.00,0.00,121.00,0.00,0.00,0.00,0.00,0
NDX100,PERIOD_H1,15,0,15:00,60,BREAKOUT,2.00,0.10,74,1.50,1.0299,153,892,0.031243,503,14,0.027833,487,232,47.64,2767.60,23769.26,-21001.66,1.13,13.11,2.17,186.16,158.98,250,8132.37,35462.00,510,1.0000,3.0000,0,200,0,600,0.000000,0.050000,487,0.00,153.00,0.00,153.00,0.00,0.00,0.00,0.00,0
NDX100,PERIOD_H1,15,0,15:00,60,BREAKOUT,2.00,0.10,72,2.00,1.0417,341,1081,0.094787,537,50,0.093110,485,227,46.80,1312.39,20029.24,-18716.85,1.07,15.15,1.14,185.94,349.33,250,8132.37,35462.00,510,1.0000,3.0000,0,200,0,600,0.000000,0.050000,485,0.00,341.00,0.00,341.00,0.00,0.00,0.00,0.00,0
NDX100,PERIOD_H1,15,0,15:00,60,BREAKOUT,2.00,0.10,70,3.00,1.0652,118,1458,0.047917,507,18,0.035503,487,232,47.64,2518.42,23299.56,-20781.14,1.12,12.86,2.02,185.66,131.04,250,8132.37,35462.00,510,1.0000,3.0000,0,200,0,600,0.000000,0.050000,487,0.00,118.00,0.00,118.00,0.00,0.00,0.00,0.00,0
NDX100,PERIOD_H1,15,0,15:00,60,BREAKOUT,2.00,0.10,401,3.00,1.3291,462,471,0.055034,504,20,0.039683,484,225,46.49,1498.99,21048.98,-19549.99,1.08,15.10,1.28,185.72,527.82,250,8132.37,35462.00,510,1.0000,3.0000,0,200,0,600,0.000000,0.050000,484,0.00,462.00,0.00,462.00,0.00,0.00,0.00,0.00,0
NDX100,PERIOD_H1,15,0,15:00,60,BREAKOUT,2.00,0.10,401,2.50,1.2674,385,393,0.055034,506,19,0.037549,485,226,46.60,2089.99,22014.05,-19924.06,1.10,14.69,1.73,185.63,438.48,250,8132.37,35462.00,510,1.0000,3.0000,0,200,0,600,0.000000,0.050000,485,0.00,385.00,0.00,385.00,0.00,0.00,0.00,0.00,0
NDX100,PERIOD_H1,15,0,15:00,60,BREAKOUT,2.00,0.10,240,1.50,1.0878,288,440,0.023951,493,6,0.012170,485,232,47.84,2849.84,23328.70,-20478.86,1.14,12.41,2.23,185.81,305.56,250,8132.37,35462.00,510,1.0000,3.0000,0,200,0,600,0.000000,0.050000,485,0.00,288.00,0.00,288.00,0.00,0.00,0.00,0.00,0
NDX100,PERIOD_H1,15,0,15:00,60,BREAKOUT,2.00,0.10,77,1.00,1.0177,99,376,0.030982,510,20,0.039216,488,231,47.34,2916.68,23813.73,-20897.05,1.14,13.05,2.28,185.92,102.54,250,8132.37,35462.00,510,1.0000,3.0000,0,200,0,600,0.000000,0.050000,488,0.00,99.00,0.00,99.00,0.00,0.00,0.00,0.00,0
NDX100,PERIOD_H1,15,0,15:00,60,BREAKOUT,2.00,0.10,243,1.00,1.0508,189,75,0.026121,504,14,0.027778,489,232,47.44,2272.20,22630.14,-20357.94,1.11,14.07,1.80,185.80,199.16,250,8132.37,35462.00,510,1.0000,3.0000,0,200,0,600,0.000000,0.050000,489,0.00,189.00,0.00,189.00,0.00,0.00,0.00,0.00,0
NDX100,PERIOD_H1,15,0,15:00,60,BREAKOUT,2.00,0.10,405,1.50,1.1454,25,398,0.036583,501,11,0.021956,488,234,47.95,3394.39,25020.92,-21626.53,1.16,13.18,2.56,185.82,54.07,250,8132.37,35462.00,510,1.0000,3.0000,0,200,0,600,0.000000,0.050000,488,0.00,25.00,0.00,25.00,0.00,0.00,0.00,0.00,0
NDX100,PERIOD_H1,15,0,15:00,60,BREAKOUT,2.00,0.10,405,2.00,1.2077,33,531,0.048778,511,21,0.041096,488,235,48.16,3096.71,24189.56,-21092.85,1.15,13.69,2.37,185.80,74.54,250,8132.37,35462.00,510,1.0000,3.0000,0,200,0,600,0.000000,0.050000,488,0.00,33.00,0.00,33.00,0.00,0.00,0.00,0.00,0
NDX100,PERIOD_H1,15,0,15:00,60,BREAKOUT,2.00,0.10,236,3.00,1.1975,388,555,0.038194,503,15,0.029821,486,229,47.12,1395.43,20906.43,-19511.00,1.07,14.81,1.18,185.72,427.50,250,8132.37,35462.00,510,1.0000,3.0000,0,200,0,600,0.000000,0.050000,486,0.00,388.00,0.00,388.00,0.00,0.00,0.00,0.00,0
NDX100,PERIOD_H1,15,0,15:00,60,BREAKOUT,2.00,0.10,238,2.50,1.1617,152,598,0.085064,531,43,0.080979,486,235,48.35,2668.05,22602.43,-19934.38,1.13,12.25,2.12,185.91,184.33,250,8132.37,35462.00,510,1.0000,3.0000,0,200,0,600,0.000000,0.050000,486,0.00,152.00,0.00,152.00,0.00,0.00,0.00,0.00,0
NDX100,PERIOD_H1,15,0,15:00,60,BREAKOUT,2.00,0.10,408,1.00,1.0836,13,47,0.034542,509,19,0.037328,489,233,47.65,2567.99,23797.99,-21230.00,1.12,14.74,2.00,185.78,29.72,250,8132.37,35462.00,510,1.0000,3.0000,0,200,0,600,0.000000,0.050000,489,0.00,13.00,0.00,13.00,0.00,0.00,0.00,0.00,0
NDX100,PERIOD_H1,15,0,15:00,60,BREAKOUT,2.00,0.10,71,2.50,1.0536,262,533,0.021351,498,10,0.020080,486,231,47.53,2235.24,22375.83,-20140.59,1.11,12.36,1.80,185.92,272.71,250,8132.37,35462.00,510,1.0000,3.0000,0,200,0,600,0.000000,0.050000,486,0.00,262.00,0.00,262.00,0.00,0.00,0.00,0.00,0
NDX100,PERIOD_H1,15,0,15:00,60,BREAKOUT,2.00,0.10,239,2.00,1.1250,252,1133,0.058501,507,19,0.037475,486,235,48.35,2832.48,23273.40,-20440.92,1.14,12.69,2.23,186.28,276.99,250,8132.37,35462.00,510,1.0000,3.0000,0,200,0,600,0.000000,0.050000,486,0.00,252.00,0.00,252.00,0.00,0.00,0.00,0.00,0
NDX100,PERIOD_H1,15,0,15:00,60,BREAKOUT,2.00,0.10,75,1.50,1.0302,251,482,0.011319,494,5,0.010121,487,232,47.64,2488.22,22864.66,-20376.44,1.12,12.85,1.96,185.84,257.05,250,8132.37,35462.00,510,1.0000,3.0000,0,200,0,600,0.000000,0.050000,487,0.00,251.00,0.00,251.00,0.00,0.00,0.00,0.00,0
NDX100,PERIOD_H1,15,0,15:00,60,BREAKOUT,2.00,0.10,402,3.00,1.3298,59,1453,0.028471,511,21,0.041096,488,229,46.93,2779.77,23367.54,-20587.77,1.14,13.14,2.18,185.74,124.97,250,8132.37,35462.00,510,1.0000,3.0000,0,200,0,600,0.000000,0.050000,488,0.00,59.00,0.00,59.00,0.00,0.00,0.00,0.00,0
NDX100,PERIOD_H1,15,0,15:00,60,BREAKOUT,2.00,0.10,73,2.00,1.0423,72,535,0.068224,522,35,0.067050,485,230,47.42,2406.74,22515.13,-20108.39,1.12,13.10,1.93,185.92,80.45,250,8132.37,35462.00,510,1.0000,3.0000,0,200,0,600,0.000000,0.050000,485,0.00,72.00,0.00,72.00,0.00,0.00,0.00,0.00,0
NDX100,PERIOD_H1,15,0,15:00,60,BREAKOUT,2.00,0.10,71,3.00,1.0659,315,640,0.021351,497,10,0.020121,485,230,47.42,1728.92,21616.41,-19887.49,1.09,14.94,1.42,186.08,328.18,250,8132.37,35462.00,510,1.0000,3.0000,0,200,0,600,0.000000,0.050000,485,0.00,315.00,0.00,315.00,0.00,0.00,0.00,0.00,0
NDX100,PERIOD_H1,15,0,15:00,60,BREAKOUT,2.00,0.10,402,2.50,1.2680,49,1211,0.028471,510,20,0.039216,488,229,46.93,2451.24,23035.61,-20584.37,1.12,13.90,1.95,186.18,102.60,250,8132.37,35462.00,510,1.0000,3.0000,0,200,0,600,0.000000,0.050000,488,0.00,49.00,0.00,49.00,0.00,0.00,0.00,0.00,0
NDX100,PERIOD_H1,15,0,15:00,60,BREAKOUT,2.00,0.10,241,1.50,1.0881,86,31,0.004026,492,2,0.004065,489,234,47.85,2613.32,23863.30,-21249.98,1.12,15.73,2.03,185.90,103.62,250,8132.37,35462.00,510,1.0000,3.0000,0,200,0,600,0.000000,0.050000,489,0.00,86.00,0.00,86.00,0.00,0.00,0.00,0.00,0
NDX100,PERIOD_H1,15,0,15:00,60,BREAKOUT,2.00,0.10,78,1.00,1.0179,164,103,0.017699,500,10,0.020000,488,236,48.36,3198.49,24627.85,-21429.36,1.15,13.90,2.42,185.76,167.58,250,8132.37,35462.00,510,1.0000,3.0000,0,200,0,600,0.000000,0.050000,488,0.00,164.00,0.00,164.00,0.00,0.00,0.00,0.00,0
NDX100,PERIOD_H1,15,0,15:00,60,BREAKOUT,2.00,0.10,244,1.00,1.0510,54,402,0.012838,495,5,0.010101,488,233,47.75,3174.69,24768.50,-21593.81,1.15,13.42,2.42,185.84,64.19,250,8132.37,35462.00,510,1.0000,3.0000,0,200,0,600,0.000000,0.050000,488,0.00,54.00,0.00,54.00,0.00,0.00,0.00,0.00,0
NDX100,PERIOD_H1,15,0,15:00,60,BREAKOUT,2.00,0.10,406,1.50,1.1457,123,889,0.016659,501,12,0.023952,487,232,47.64,2640.38,23198.76,-20558.38,1.13,10.71,2.07,186.07,152.14,250,8132.37,35462.00,510,1.0000,3.0000,0,200,0,600,0.000000,0.050000,487,0.00,123.00,0.00,123.00,0.00,0.00,0.00,0.00,0
NDX100,PERIOD_H1,15,0,15:00,60,BREAKOUT,2.00,0.10,406,2.00,1.2081,164,1185,0.022211,503,15,0.029821,486,231,47.53,2896.74,23366.71,-20469.97,1.14,9.71,2.25,186.48,205.63,250,8132.37,35462.00,510,1.0000,3.0000,0,200,0,600,0.000000,0.050000,486,0.00,164.00,0.00,164.00,0.00,0.00,0.00,0.00,0
NDX100,PERIOD_H1,15,0,15:00,60,BREAKOUT,2.00,0.10,237,3.00,1.1982,585,1537,0.011628,487,5,0.010267,482,227,47.10,1236.92,20450.13,-19213.21,1.06,15.22,1.06,186.04,624.65,250,8132.37,35462.00,510,1.0000,3.0000,0,200,0,600,0.000000,0.050000,482,0.00,585.00,0.00,585.00,0.00,0.00,0.00,0.00,0
NDX100,PERIOD_H1,15,0,15:00,60,BREAKOUT,2.00,0.10,239,2.50,1.1625,316,1416,0.058501,507,20,0.039448,485,233,48.04,2509.22,22819.32,-20310.10,1.12,15.33,2.02,186.10,348.49,250,8132.37,35462.00,510,1.0000,3.0000,0,200,0,600,0.000000,0.050000,485,0.00,316.00,0.00,316.00,0.00,0.00,0.00,0.00,0
NDX100,PERIOD_H1,15,0,15:00,60,BREAKOUT,2.00,0.10,409,1.00,1.0839,79,374,0.021259,504,14,0.027778,488,236,48.36,3068.21,24046.86,-20978.65,1.15,12.98,2.37,186.17,95.77,250,8132.37,35462.00,510,1.0000,3.0000,0,200,0,600,0.000000,0.050000,488,0.00,79.00,0.00,79.00,0.00,0.00,0.00,0.00,0
NDX100,PERIOD_H1,15,0,15:00,60,BREAKOUT,2.00,0.10,240,2.00,1.1254,384,587,0.031935,498,11,0.022088,485,229,47.22,1790.33,21495.79,-19705.46,1.09,14.57,1.49,185.91,409.09,250,8132.37,35462.00,510,1.0000,3.0000,0,200,0,600,0.000000,0.050000,485,0.00,384.00,0.00,384.00,0.00,0.00,0.00,0.00,0
NDX100,PERIOD_H1,15,0,15:00,60,BREAKOUT,2.00,0.10,72,2.50,1.0542,426,1351,0.094787,537,52,0.096834,484,224,46.28,1052.41,19472.78,-18420.37,1.06,14.72,0.93,186.29,436.83,250,8132.37,35462.00,510,1.0000,3.0000,0,200,0,600,0.000000,0.050000,484,0.00,426.00,0.00,426.00,0.00,0.00,0.00,0.00,0
NDX100,PERIOD_H1,15,0,15:00,60,BREAKOUT,2.00,0.10,76,1.50,1.0305,49,73,0.066396,527,41,0.077799,485,233,48.04,2581.80,23636.01,-21054.21,1.12,13.85,2.03,185.83,55.11,250,8132.37,35462.00,510,1.0000,3.0000,0,200,0,600,0.000000,0.050000,485,0.00,49.00,0.00,49.00,0.00,0.00,0.00,0.00,0
NDX100,PERIOD_H1,15,0,15:00,60,BREAKOUT,2.00,0.10,72,3.00,1.0667,512,1621,0.094787,533,51,0.095685,482,223,46.27,947.10,19525.09,-18577.99,1.05,15.66,0.85,186.27,525.33,250,8132.37,35462.00,510,1.0000,3.0000,0,200,0,600,0.000000,0.050000,482,0.00,512.00,0.00,512.00,0.00,0.00,0.00,0.00,0
NDX100,PERIOD_H1,15,0,15:00,60,BREAKOUT,2.00,0.10,403,3.00,1.3306,255,634,0.001904,488,0,0.000000,486,231,47.53,2017.80,22088.03,-20070.23,1.10,14.30,1.62,185.92,321.12,250,8132.37,35462.00,510,1.0000,3.0000,0,200,0,600,0.000000,0.050000,486,0.00,255.00,0.00,255.00,0.00,0.00,0.00,0.00,0
NDX100,PERIOD_H1,15,0,15:00,60,BREAKOUT,2.00,0.10,74,2.00,1.0427,203,1189,0.041658,506,17,0.033597,487,231,47.43,2462.47,22886.31,-20423.84,1.12,11.83,1.96,186.20,211.55,250,8132.37,35462.00,510,1.0000,3.0000,0,200,0,600,0.000000,0.050000,487,0.00,203.00,0.00,203.00,0.00,0.00,0.00,0.00,0
NDX100,PERIOD_H1,15,0,15:00,60,BREAKOUT,2.00,0.10,403,2.50,1.2686,213,528,0.001904,489,0,0.000000,487,232,47.64,2334.55,22637.87,-20303.32,1.11,12.36,1.86,185.85,266.72,250,8132.37,35462.00,510,1.0000,3.0000,0,200,0,600,0.000000,0.050000,487,0.00,213.00,0.00,213.00,0.00,0.00,0.00,0.00,0
NDX100,PERIOD_H1,15,0,15:00,60,BREAKOUT,2.00,0.10,242,1.50,1.0884,185,522,0.059106,521,31,0.059501,488,230,47.13,1583.79,20955.07,-19371.28,1.08,11.36,1.33,185.59,202.69,250,8132.37,35462.00,510,1.0000,3.0000,0,200,0,600,0.000000,0.050000,488,0.00,185.00,0.00,185.00,0.00,0.00,0.00,0.00,0
NDX100,PERIOD_H1,15,0,15:00,60,BREAKOUT,2.00,0.10,79,1.00,1.0181,30,430,0.004416,491,1,0.002037,488,232,47.54,2977.55,24574.61,-21597.06,1.14,13.75,2.27,185.99,33.61,250,8132.37,35462.00,510,1.0000,3.0000,0,200,0,600,0.000000,0.050000,488,0.00,30.00,0.00,30.00,0.00,0.00,0.00,0.00,0
NDX100,PERIOD_H1,15,0,15:00,60,BREAKOUT,2.00,0.10,245,1.00,1.0511,120,129,0.049556,517,28,0.054159,487,232,47.64,2195.13,22638.38,-20443.25,1.11,14.06,1.75,186.47,130.23,250,8132.37,35462.00,510,1.0000,3.0000,0,200,0,600,0.000000,0.050000,487,0.00,120.00,0.00,120.00,0.00,0.00,0.00,0.00,0
NDX100,PERIOD_H1,15,0,15:00,60,BREAKOUT,2.00,0.10,407,2.00,1.2086,295,639,0.095648,526,41,0.077947,484,227,46.90,1149.66,20249.54,-19099.88,1.06,13.42,0.99,185.89,336.72,250,8132.37,35462.00,510,1.0000,3.0000,0,200,0,600,0.000000,0.050000,484,0.00,295.00,0.00,295.00,0.00,0.00,0.00,0.00,0
NDX100,PERIOD_H1,15,0,15:00,60,BREAKOUT,2.00,0.10,238,3.00,1.1990,182,718,0.085064,530,43,0.081132,485,234,48.25,2566.75,22493.76,-19927.01,1.13,12.29,2.05,185.82,221.80,250,8132.37,35462.00,510,1.0000,3.0000,0,200,0,600,0.000000,0.050000,485,0.00,182.00,0.00,182.00,0.00,0.00,0.00,0.00,0
NDX100,PERIOD_H1,15,0,15:00,60,BREAKOUT,2.00,0.10,407,1.50,1.1460,221,480,0.071736,524,36,0.068702,486,228,46.91,1522.35,21267.40,-19745.05,1.08,12.58,1.27,186.00,250.20,250,8132.37,35462.00,510,1.0000,3.0000,0,200,0,600,0.000000,0.050000,486,0.00,221.00,0.00,221.00,0.00,0.00,0.00,0.00,0
NDX100,PERIOD_H1,15,0,15:00,60,BREAKOUT,2.00,0.10,240,2.50,1.1631,480,734,0.031935,495,11,0.022222,484,227,46.90,1298.41,20801.22,-19502.81,1.07,14.93,1.11,185.96,512.61,250,8132.37,35462.00,510,1.0000,3.0000,0,200,0,600,0.000000,0.050000,484,0.00,480.00,0.00,480.00,0.00,0.00,0.00,0.00,0
NDX100,PERIOD_H1,15,0,15:00,60,BREAKOUT,2.00,0.10,410,1.00,1.0840,144,101,0.007976,496,7,0.014113,487,233,47.84,2587.77,23641.68,-21053.91,1.12,14.89,2.00,186.11,160.81,250,8132.37,35462.00,510,1.0000,3.0000,0,200,0,600,0.000000,0.050000,487,0.00,144.00,0.00,144.00,0.00,0.00,0.00,0.00,0
NDX100,PERIOD_H1,15,0,15:00,60,BREAKOUT,2.00,0.10,241,2.00,1.1259,115,41,0.005368,492,2,0.004065,489,234,47.85,2681.70,23909.03,-21227.33,1.13,15.06,2.07,185.84,140.18,250,8132.37,35462.00,510,1.0000,3.0000,0,200,0,600,0.000000,0.050000,489,0.00,115.00,0.00,115.00,0.00,0.00,0.00,0.00,0
NDX100,PERIOD_H1,15,0,15:00,60,BREAKOUT,2.00,0.10,73,2.50,1.0549,90,668,0.068224,522,35,0.067050,485,230,47.42,2178.20,22030.07,-19851.87,1.11,12.94,1.76,185.96,100.99,250,8132.37,35462.00,510,1.0000,3.0000,0,200,0,600,0.000000,0.050000,485,0.00,90.00,0.00,90.00,0.00,0.00,0.00,0.00,0
NDX100,PERIOD_H1,15,0,15:00,60,BREAKOUT,2.00,0.10,77,1.50,1.0310,148,564,0.046474,515,25,0.048544,488,229,46.93,2534.85,22936.45,-20401.60,1.12,12.45,2.03,185.59,154.20,250,8132.37,35462.00,510,1.0000,3.0000,0,200,0,600,0.000000,0.050000,488,0.00,148.00,0.00,148.00,0.00,0.00,0.00,0.00,0
NDX100,PERIOD_H1,15,0,15:00,60,BREAKOUT,2.00,0.10,73,3.00,1.0676,108,802,0.068224,520,33,0.063462,485,230,47.42,2178.80,21961.41,-19782.61,1.11,12.96,1.76,185.68,121.53,250,8132.37,35462.00,510,1.0000,3.0000,0,200,0,600,0.000000,0.050000,485,0.00,108.00,0.00,108.00,0.00,0.00,0.00,0.00,0
NDX100,PERIOD_H1,15,0,15:00,60,BREAKOUT,2.00,0.10,404,3.00,1.3313,452,1615,0.075341,520,34,0.065385,486,226,46.50,874.40,19530.14,-18655.74,1.05,16.46,0.77,185.93,518.26,250,8132.37,35462.00,510,1.0000,3.0000,0,200,0,600,0.000000,0.050000,486,0.00,452.00,0.00,452.00,0.00,0.00,0.00,0.00,0
NDX100,PERIOD_H1,15,0,15:00,60,BREAKOUT,2.00,0.10,75,2.00,1.0432,335,643,0.015091,494,6,0.012146,486,229,47.12,1936.68,21986.18,-20049.50,1.10,15.28,1.57,185.98,343.64,250,8132.37,35462.00,510,1.0000,3.0000,0,200,0,600,0.000000,0.050000,486,0.00,335.00,0.00,335.00,0.00,0.00,0.00,0.00,0
NDX100,PERIOD_H1,15,0,15:00,60,BREAKOUT,2.00,0.10,404,2.50,1.2692,377,1346,0.075341,522,34,0.065134,486,227,46.71,1369.33,20107.90,-18738.57,1.07,15.86,1.17,186.02,430.84,250,8132.37,35462.00,510,1.0000,3.0000,0,200,0,600,0.000000,0.050000,486,0.00,377.00,0.00,377.00,0.00,0.00,0.00,0.00,0
NDX100,PERIOD_H1,15,0,15:00,60,BREAKOUT,2.00,0.10,243,1.50,1.0889,283,112,0.039181,512,25,0.048828,485,232,47.84,2109.60,22242.94,-20133.34,1.10,15.19,1.70,185.78,300.77,250,8132.37,35462.00,510,1.0000,3.0000,0,200,0,600,0.000000,0.050000,485,0.00,283.00,0.00,283.00,0.00,0.00,0.00,0.00,0
NDX100,PERIOD_H1,15,0,15:00,60,BREAKOUT,2.00,0.10,80,1.00,1.0183,95,157,0.041136,518,30,0.057915,486,235,48.35,3907.05,24998.11,-21091.06,1.19,15.35,2.94,186.35,98.65,250,8132.37,35462.00,510,1.0000,3.0000,0,200,0,600,0.000000,0.050000,486,0.00,95.00,0.00,95.00,0.00,0.00,0.00,0.00,0
NDX100,PERIOD_H1,15,0,15:00,60,BREAKOUT,2.00,0.10,408,2.00,1.2091,26,94,0.069085,528,38,0.071970,488,232,47.54,2685.44,23873.66,-21188.22,1.13,15.61,2.10,185.69,67.81,250,8132.37,35462.00,510,1.0000,3.0000,0,200,0,600,0.000000,0.050000,488,0.00,26.00,0.00,26.00,0.00,0.00,0.00,0.00,0
NDX100,PERIOD_H1,15,0,15:00,60,BREAKOUT,2.00,0.10,246,1.00,1.0513,185,456,0.036274,511,25,0.048924,484,229,47.31,1557.31,21097.48,-19540.17,1.08,12.23,1.29,186.04,195.27,250,8132.37,35462.00,510,1.0000,3.0000,0,200,0,600,0.000000,0.050000,484,0.00,185.00,0.00,185.00,0.00,0.00,0.00,0.00,0
NDX100,PERIOD_H1,15,0,15:00,60,BREAKOUT,2.00,0.10,239,3.00,1.2000,379,1699,0.058501,507,20,0.039448,485,230,47.42,2271.23,22321.10,-20049.87,1.11,14.79,1.87,186.07,418.99,250,8132.37,35462.00,510,1.0000,3.0000,0,200,0,600,0.000000,0.050000,485,0.00,379.00,0.00,379.00,0.00,0.00,0.00,0.00,0
NDX100,PERIOD_H1,15,0,15:00,60,BREAKOUT,2.00,0.10,241,2.50,1.1637,144,52,0.005368,492,2,0.004065,489,234,47.85,2607.86,23787.16,-21179.30,1.12,15.03,2.02,185.88,176.73,250,8132.37,35462.00,510,1.0000,3.0000,0,200,0,600,0.000000,0.050000,489,0.00,144.00,0.00,144.00,0.00,0.00,0.00,0.00,0
NDX100,PERIOD_H1,15,0,15:00,60,BREAKOUT,2.00,0.10,408,1.50,1.1463,20,70,0.051814,519,29,0.055877,489,232,47.44,2339.67,23321.76,-20982.09,1.11,15.41,1.85,185.87,49.27,250,8132.37,35462.00,510,1.0000,3.0000,0,200,0,600,0.000000,0.050000,489,0.00,20.00,0.00,20.00,0.00,0.00,0.00,0.00,0
NDX100,PERIOD_H1,15,0,15:00,60,BREAKOUT,2.00,0.10,411,1.00,1.0842,10,428,0.044696,508,20,0.039370,486,234,48.15,3165.30,24867.67,-21702.37,1.15,12.46,2.43,185.93,26.85,250,8132.37,35462.00,510,1.0000,3.0000,0,200,0,600,0.000000,0.050000,486,0.00,10.00,0.00,10.00,0.00,0.00,0.00,0.00,0
NDX100,PERIOD_H1,15,0,15:00,60,BREAKOUT,2.00,0.10,74,2.50,1.0555,254,1486,0.041658,505,17,0.033663,486,232,47.74,2264.18,22558.30,-20294.12,1.11,12.66,1.82,185.98,265.11,250,8132.37,35462.00,510,1.0000,3.0000,0,200,0,600,0.000000,0.050000,486,0.00,254.00,0.00,254.00,0.00,0.00,0.00,0.00,0
NDX100,PERIOD_H1,15,0,15:00,60,BREAKOUT,2.00,0.10,242,2.00,1.1263,246,695,0.078808,532,44,0.082707,486,235,48.35,2386.87,21660.39,-19273.52,1.12,10.50,1.94,185.69,271.27,250,8132.37,35462.00,510,1.0000,3.0000,0,200,0,600,0.000000,0.050000,486,0.00,246.00,0.00,246.00,0.00,0.00,0.00,0.00,0
NDX100,PERIOD_H1,15,0,15:00,60,BREAKOUT,2.00,0.10,78,1.50,1.0313,246,154,0.026549,504,15,0.029762,487,235,48.25,2716.68,23368.52,-20651.84,1.13,13.81,2.14,186.40,252.26,250,8132.37,35462.00,510,1.0000,3.0000,0,200,0,600,0.000000,0.050000,487,0.00,246.00,0.00,246.00,0.00,0.00,0.00,0.00,0
NDX100,PERIOD_H1,15,0,15:00,60,BREAKOUT,2.00,0.10,74,3.00,1.0684,305,1784,0.041658,503,16,0.031809,485,229,47.22,1793.88,21985.23,-20191.35,1.09,17.13,1.48,186.20,318.67,250,8132.37,35462.00,510,1.0000,3.0000,0,200,0,600,0.000000,0.050000,485,0.00,305.00,0.00,305.00,0.00,0.00,0.00,0.00,0
NDX100,PERIOD_H1,15,0,15:00,60,BREAKOUT,2.00,0.10,405,3.00,1.3323,49,796,0.048778,511,21,0.041096,488,235,48.16,2937.91,23571.35,-20633.44,1.14,12.51,2.27,185.78,115.46,250,8132.37,35462.00,510,1.0000,3.0000,0,200,0,600,0.000000,0.050000,488,0.00,49.00,0.00,49.00,0.00,0.00,0.00,0.00,0
NDX100,PERIOD_H1,15,0,15:00,60,BREAKOUT,2.00,0.10,76,2.00,1.0436,66,97,0.088528,536,52,0.097015,482,230,47.72,2267.10,22965.87,-20698.77,1.11,13.56,1.83,185.96,74.73,250,8132.37,35462.00,510,1.0000,3.0000,0,200,0,600,0.000000,0.050000,482,0.00,66.00,0.00,66.00,0.00,0.00,0.00,0.00,0
NDX100,PERIOD_H1,15,0,15:00,60,BREAKOUT,2.00,0.10,405,2.50,1.2700,41,664,0.048778,511,21,0.041096,488,235,48.16,3001.76,23903.72,-20901.96,1.14,13.52,2.31,186.04,95.00,250,8132.37,35462.00,510,1.0000,3.0000,0,200,0,600,0.000000,0.050000,488,0.00,41.00,0.00,41.00,0.00,0.00,0.00,0.00,0
NDX100,PERIOD_H1,15,0,15:00,60,BREAKOUT,2.00,0.10,244,1.50,1.0892,81,603,0.019256,495,6,0.012121,488,232,47.54,2899.50,23985.35,-21085.85,1.14,13.50,2.24,185.94,98.84,250,8132.37,35462.00,510,1.0000,3.0000,0,200,0,600,0.000000,0.050000,488,0.00,81.00,0.00,81.00,0.00,0.00,0.00,0.00,0
NDX100,PERIOD_H1,15,0,15:00,60,BREAKOUT,2.00,0.10,81,1.00,1.0185,161,484,0.027853,504,15,0.029762,487,232,47.64,2562.12,23489.82,-20927.70,1.12,12.68,2.02,185.71,164.70,250,8132.37,35462.00,510,1.0000,3.0000,0,200,0,600,0.000000,0.050000,487,0.00,161.00,0.00,161.00,0.00,0.00,0.00,0.00,0
NDX100,PERIOD_H1,15,0,15:00,60,BREAKOUT,2.00,0.10,409,2.00,1.2097,158,748,0.042518,508,18,0.035433,488,232,47.54,2179.63,22254.42,-20074.79,1.11,11.80,1.75,185.66,199.93,250,8132.37,35462.00,510,1.0000,3.0000,0,200,0,600,0.000000,0.050000,488,0.00,158.00,0.00,158.00,0.00,0.00,0.00,0.00,0
NDX100,PERIOD_H1,15,0,15:00,60,BREAKOUT,2.00,0.10,240,3.00,1.2007,576,881,0.031935,493,11,0.022312,482,228,47.30,1055.13,20174.44,-19119.31,1.06,15.16,0.92,186.01,616.14,250,8132.37,35462.00,510,1.0000,3.0000,0,200,0,600,0.000000,0.050000,482,0.00,576.00,0.00,576.00,0.00,0.00,0.00,0.00,0
NDX100,PERIOD_H1,15,0,15:00,60,BREAKOUT,2.00,0.10,247,1.00,1.0516,51,183,0.022991,504,15,0.029762,487,237,48.67,3000.79,23728.78,-20727.99,1.14,15.91,2.32,186.63,61.32,250,8132.37,35462.00,510,1.0000,3.0000,0,200,0,600,0.000000,0.050000,487,0.00,51.00,0.00,51.00,0.00,0.00,0.00,0.00,0
NDX100,PERIOD_H1,15,0,15:00,60,BREAKOUT,2.00,0.10,242,2.50,1.1643,308,869,0.078808,530,43,0.081132,485,233,48.04,1899.57,20823.60,-18924.03,1.10,11.46,1.59,185.96,340.85,250,8132.37,35462.00,510,1.0000,3.0000,0,200,0,600,0.000000,0.050000,485,0.00,308.00,0.00,308.00,0.00,0.00,0.00,0.00,0
NDX100,PERIOD_H1,15,0,15:00,60,BREAKOUT,2.00,0.10,409,1.50,1.1468,118,561,0.031889,506,16,0.031621,488,233,47.75,2769.99,23383.14,-20613.15,1.13,12.59,2.16,185.80,147.35,250,8132.37,35462.00,510,1.0000,3.0000,0,200,0,600,0.000000,0.050000,488,0.00,118.00,0.00,118.00,0.00,0.00,0.00,0.00,0
NDX100,PERIOD_H1,15,0,15:00,60,BREAKOUT,2.00,0.10,412,1.00,1.0845,76,155,0.031413,506,16,0.031621,488,233,47.75,2736.61,23842.67,-21106.06,1.13,14.97,2.14,186.33,92.90,250,8132.37,35462.00,510,1.0000,3.0000,0,200,0,600,0.000000,0.050000,488,0.00,76.00,0.00,76.00,0.00,0.00,0.00,0.00,0
NDX100,PERIOD_H1,15,0,15:00,60,BREAKOUT,2.00,0.10,75,2.50,1.0561,418,804,0.015091,494,6,0.012146,486,229,47.12,1712.92,21407.33,-19694.41,1.09,15.01,1.42,185.79,429.23,250,8132.37,35462.00,510,1.0000,3.0000,0,200,0,600,0.000000,0.050000,486,0.00,418.00,0.00,418.00,0.00,0.00,0.00,0.00,0
NDX100,PERIOD_H1,15,0,15:00,60,BREAKOUT,2.00,0.10,243,2.00,1.1270,377,150,0.052242,514,27,0.052529,485,232,47.84,2100.64,21770.92,-19670.28,1.11,17.16,1.72,186.32,402.39,250,8132.37,35462.00,510,1.0000,3.0000,0,200,0,600,0.000000,0.050000,485,0.00,377.00,0.00,377.00,0.00,0.00,0.00,0.00,0
NDX100,PERIOD_H1,15,0,15:00,60,BREAKOUT,2.00,0.10,79,1.50,1.0316,45,645,0.006624,494,5,0.010121,487,231,47.43,2861.96,24036.31,-21174.35,1.14,13.36,2.21,186.06,51.32,250,8132.37,35462.00,510,1.0000,3.0000,0,200,0,600,0.000000,0.050000,487,0.00,45.00,0.00,45.00,0.00,0.00,0.00,0.00,0
NDX100,PERIOD_H1,15,0,15:00,60,BREAKOUT,2.00,0.10,75,3.00,1.0691,502,965,0.015091,491,6,0.012220,485,228,47.01,1064.21,20531.39,-19467.18,1.05,17.83,0.91,186.36,515.82,250,8132.37,35462.00,510,1.0000,3.0000,0,200,0,600,0.000000,0.050000,485,0.00,502.00,0.00,502.00,0.00,0.00,0.00,0.00,0
NDX100,PERIOD_H1,15,0,15:00,60,BREAKOUT,2.00,0.10,406,3.00,1.3330,246,1778,0.022211,501,15,0.029940,484,230,47.52,2588.31,22847.54,-20259.23,1.13,12.06,2.06,186.42,312.60,250,8132.37,35462.00,510,1.0000,3.0000,0,200,0,600,0.000000,0.050000,484,0.00,246.00,0.00,246.00,0.00,0.00,0.00,0.00,0
NDX100,PERIOD_H1,15,0,15:00,60,BREAKOUT,2.00,0.10,77,2.00,1.0443,197,752,0.061965,519,29,0.055877,488,230,47.13,2512.93,22772.91,-20259.98,1.12,11.37,2.00,185.47,205.85,250,8132.37,35462.00,510,1.0000,3.0000,0,200,0,600,0.000000,0.050000,488,0.00,197.00,0.00,197.00,0.00,0.00,0.00,0.00,0
NDX100,PERIOD_H1,15,0,15:00,60,BREAKOUT,2.00,0.10,406,2.50,1.2706,205,1482,0.022211,502,15,0.029880,485,232,47.84,2757.02,23157.56,-20400.54,1.14,10.20,2.16,185.98,259.12,250,8132.37,35462.00,510,1.0000,3.0000,0,200,0,600,0.000000,0.050000,485,0.00,205.00,0.00,205.00,0.00,0.00,0.00,0.00,0
NDX100,PERIOD_H1,15,0,15:00,60,BREAKOUT,2.00,0.10,245,1.50,1.0895,180,194,0.074334,527,39,0.074004,486,231,47.53,1580.52,21152.61,-19572.09,1.08,12.82,1.30,186.55,197.90,250,8132.37,35462.00,510,1.0000,3.0000,0,200,0,600,0.000000,0.050000,486,0.00,180.00,0.00,180.00,0.00,0.00,0.00,0.00,0
NDX100,PERIOD_H1,15,0,15:00,60,BREAKOUT,2.00,0.10,82,1.00,1.0187,27,211,0.014570,500,11,0.022000,487,235,48.25,2596.80,24030.83,-21434.03,1.12,16.15,2.02,186.34,30.74,250,8132.37,35462.00,510,1.0000,3.0000,0,200,0,600,0.000000,0.050000,487,0.00,27.00,0.00,27.00,0.00,0.00,0.00,0.00,0
NDX100,PERIOD_H1,15,0,15:00,60,BREAKOUT,2.00,0.10,410,2.00,1.2101,289,202,0.015952,499,13,0.026052,484,233,48.14,2282.63,22290.96,-20008.33,1.11,17.23,1.83,186.39,331.02,250,8132.37,35462.00,510,1.0000,3.0000,0,200,0,600,0.000000,0.050000,484,0.00,289.00,0.00,289.00,0.00,0.00,0.00,0.00,0
NDX100,PERIOD_H1,15,0,15:00,60,BREAKOUT,2.00,0.10,241,3.00,1.2014,172,62,0.005368,492,2,0.004065,489,233,47.65,2556.17,23259.80,-20703.63,1.12,13.64,1.99,185.84,212.28,250,8132.37,35462.00,510,1.0000,3.0000,0,200,0,600,0.000000,0.050000,489,0.00,172.00,0.00,172.00,0.00,0.00,0.00,0.00,0
NDX100,PERIOD_H1,15,0,15:00,60,BREAKOUT,2.00,0.10,243,2.50,1.1650,472,187,0.052242,512,27,0.052734,485,230,47.42,1347.60,20736.96,-19389.36,1.07,17.92,1.15,186.56,505.01,250,8132.37,35462.00,510,1.0000,3.0000,0,200,0,600,0.000000,0.050000,485,0.00,472.00,0.00,472.00,0.00,0.00,0.00,0.00,0
NDX100,PERIOD_H1,15,0,15:00,60,BREAKOUT,2.00,0.10,248,1.00,1.0518,117,510,0.009708,496,6,0.012097,488,234,47.95,3011.91,23934.94,-20923.03,1.14,12.90,2.30,185.72,127.35,250,8132.37,35462.00,510,1.0000,3.0000,0,200,0,600,0.000000,0.050000,488,0.00,117.00,0.00,117.00,0.00,0.00,0.00,0.00,0
NDX100,PERIOD_H1,15,0,15:00,60,BREAKOUT,2.00,0.10,410,1.50,1.1471,217,152,0.011964,498,10,0.020080,486,233,47.94,2620.13,23107.98,-20487.85,1.13,14.61,2.06,186.48,246.42,250,8132.37,35462.00,510,1.0000,3.0000,0,200,0,600,0.000000,0.050000,486,0.00,217.00,0.00,217.00,0.00,0.00,0.00,0.00,0
NDX100,PERIOD_H1,15,0,15:00,60,BREAKOUT,2.00,0.10,413,1.00,1.0847,141,482,0.018130,501,12,0.023952,487,229,47.02,2643.77,23485.98,-20842.21,1.13,12.66,2.06,185.76,157.93,250,8132.37,35462.00,510,1.0000,3.0000,0,200,0,600,0.000000,0.050000,487,0.00,141.00,0.00,141.00,0.00,0.00,0.00,0.00,0
NDX100,PERIOD_H1,15,0,15:00,60,BREAKOUT,2.00,0.10,76,2.50,1.0567,82,122,0.088528,536,52,0.097015,482,230,47.72,2073.86,22606.77,-20532.91,1.10,13.47,1.70,186.37,93.35,250,8132.37,35462.00,510,1.0000,3.0000,0,200,0,600,0.000000,0.050000,482,0.00,82.00,0.00,82.00,0.00,0.00,0.00,0.00,0
NDX100,PERIOD_H1,15,0,15:00,60,BREAKOUT,2.00,0.10,76,3.00,1.0698,99,146,0.088528,536,52,0.097015,482,231,47.93,2445.35,22919.13,-20473.78,1.12,13.48,1.98,186.25,112.97,250,8132.37,35462.00,510,1.0000,3.0000,0,200,0,600,0.000000,0.050000,482,0.00,99.00,0.00,99.00,0.00,0.00,0.00,0.00,0
NDX100,PERIOD_H1,15,0,15:00,60,BREAKOUT,2.00,0.10,80,1.50,1.0319,143,236,0.061704,526,38,0.072243,486,234,48.15,3807.88,24547.08,-20739.20,1.18,14.61,2.88,186.31,149.39,250,8132.37,35462.00,510,1.0000,3.0000,0,200,0,600,0.000000,0.050000,486,0.00,143.00,0.00,143.00,0.00,0.00,0.00,0.00,0
NDX100,PERIOD_H1,15,0,15:00,60,BREAKOUT,2.00,0.10,407,3.00,1.3338,443,959,0.095648,522,38,0.072797,484,225,46.49,313.04,19176.89,-18863.85,1.02,17.10,0.28,186.34,509.75,250,8132.37,35462.00,510,1.0000,3.0000,0,200,0,600,0.000000,0.050000,484,0.00,443.00,0.00,443.00,0.00,0.00,0.00,0.00,0
NDX100,PERIOD_H1,15,0,15:00,60,BREAKOUT,2.00,0.10,244,2.00,1.1274,109,804,0.025675,497,8,0.016097,488,234,47.95,3238.11,24255.61,-21017.50,1.15,12.71,2.46,185.72,134.48,250,8132.37,35462.00,510,1.0000,3.0000,0,200,0,600,0.000000,0.050000,488,0.00,109.00,0.00,109.00,0.00,0.00,0.00,0.00,0
NDX100,PERIOD_H1,15,0,15:00,60,BREAKOUT,2.00,0.10,78,2.00,1.0447,328,206,0.035398,502,15,0.029880,485,234,48.25,2582.81,22831.73,-20248.92,1.13,16.02,2.04,186.46,336.94,250,8132.37,35462.00,510,1.0000,3.0000,0,200,0,600,0.000000,0.050000,485,0.00,328.00,0.00,328.00,0.00,0.00,0.00,0.00,0
NDX100,PERIOD_H1,15,0,15:00,60,BREAKOUT,2.00,0.10,246,1.50,1.0898,278,684,0.054411,519,35,0.067437,482,231,47.93,1514.45,20703.25,-19188.80,1.08,12.81,1.27,186.01,295.97,250,8132.37,35462.00,510,1.0000,3.0000,0,200,0,600,0.000000,0.050000,482,0.00,278.00,0.00,278.00,0.00,0.00,0.00,0.00,0
NDX100,PERIOD_H1,15,0,15:00,60,BREAKOUT,2.00,0.10,407,2.50,1.2712,369,799,0.095648,524,39,0.074427,484,227,46.90,972.54,19920.18,-18947.64,1.05,14.30,0.85,185.92,423.23,250,8132.37,35462.00,510,1.0000,3.0000,0,200,0,600,0.000000,0.050000,484,0.00,369.00,0.00,369.00,0.00,0.00,0.00,0.00,0
NDX100,PERIOD_H1,15,0,15:00,60,BREAKOUT,2.00,0.10,83,1.00,1.0189,92,538,0.001288,490,0,0.000000,488,232,47.54,2776.48,23664.90,-20888.42,1.13,13.38,2.16,185.69,95.77,250,8132.37,35462.00,510,1.0000,3.0000,0,200,0,600,0.000000,0.050000,488,0.00,92.00,0.00,92.00,0.00,0.00,0.00,0.00,0
NDX100,PERIOD_H1,15,0,15:00,60,BREAKOUT,2.00,0.10,411,2.00,1.2106,20,856,0.089392,524,38,0.072519,484,238,49.17,4215.04,25574.99,-21359.95,1.20,11.84,3.14,185.66,62.12,250,8132.37,35462.00,510,1.0000,3.0000,0,200,0,600,0.000000,0.050000,484,0.00,20.00,0.00,20.00,0.00,0.00,0.00,0.00,0
NDX100,PERIOD_H1,15,0,15:00,60,BREAKOUT,2.00,0.10,242,3.00,1.2022,369,1043,0.078808,528,41,0.077652,485,232,47.84,1349.06,20060.73,-18711.67,1.07,12.81,1.16,185.65,409.43,250,8132.37,35462.00,510,1.0000,3.0000,0,200,0,600,0.000000,0.050000,485,0.00,369.00,0.00,369.00,0.00,0.00,0.00,0.00,0
NDX100,PERIOD_H1,15,0,15:00,60,BREAKOUT,2.00,0.10,244,2.50,1.1656,136,1005,0.025675,497,8,0.016097,488,232,47.54,2950.91,23850.27,-20899.36,1.14,15.53,2.26,185.85,169.13,250,8132.37,35462.00,510,1.0000,3.0000,0,200,0,600,0.000000,0.050000,488,0.00,136.00,0.00,136.00,0.00,0.00,0.00,0.00,0
NDX100,PERIOD_H1,15,0,15:00,60,BREAKOUT,2.00,0.10,249,1.00,1.0519,182,237,0.046428,522,33,0.063218,487,232,47.64,2964.20,23428.88,-20464.68,1.14,13.99,2.32,185.77,192.39,250,8132.37,35462.00,510,1.0000,3.0000,0,200,0,600,0.000000,0.050000,487,0.00,182.00,0.00,182.00,0.00,0.00,0.00,0.00,0
NDX100,PERIOD_H1,15,0,15:00,60,BREAKOUT,2.00,0.10,411,1.50,1.1474,15,642,0.067044,516,28,0.054264,486,237,48.77,3612.58,25070.24,-21457.66,1.17,12.42,2.73,186.28,44.48,250,8132.37,35462.00,510,1.0000,3.0000,0,200,0,600,0.000000,0.050000,486,0.00,15.00,0.00,15.00,0.00,0.00,0.00,0.00,0
NDX100,PERIOD_H1,15,0,15:00,60,BREAKOUT,2.00,0.10,77,2.50,1.0575,246,939,0.061965,518,29,0.055985,487,231,47.43,2285.61,22398.17,-20112.56,1.11,12.43,1.85,185.95,257.51,250,8132.37,35462.00,510,1.0000,3.0000,0,200,0,600,0.000000,0.050000,487,0.00,246.00,0.00,246.00,0.00,0.00,0.00,0.00,0
NDX100,PERIOD_H1,15,0,15:00,60,BREAKOUT,2.00,0.10,414,1.00,1.0848,7,209,0.004848,493,3,0.006085,488,235,48.16,3087.46,24476.33,-21388.87,1.14,15.73,2.35,186.24,23.97,250,8132.37,35462.00,510,1.0000,3.0000,0,200,0,600,0.000000,0.050000,488,0.00,7.00,0.00,7.00,0.00,0.00,0.00,0.00,0
NDX100,PERIOD_H1,15,0,15:00,60,BREAKOUT,2.00,0.10,81,1.50,1.0324,241,726,0.041779,514,26,0.050584,486,232,47.74,2256.04,22588.69,-20332.65,1.11,13.02,1.81,185.80,247.47,250,8132.37,35462.00,510,1.0000,3.0000,0,200,0,600,0.000000,0.050000,486,0.00,241.00,0.00,241.00,0.00,0.00,0.00,0.00,0
NDX100,PERIOD_H1,15,0,15:00,60,BREAKOUT,2.00,0.10,77,3.00,1.0708,296,1127,0.061965,517,29,0.056093,486,229,47.12,1838.91,21700.08,-19861.17,1.09,14.81,1.52,185.81,310.16,250,8132.37,35462.00,510,1.0000,3.0000,0,200,0,600,0.000000,0.050000,486,0.00,296.00,0.00,296.00,0.00,0.00,0.00,0.00,0
NDX100,PERIOD_H1,15,0,15:00,60,BREAKOUT,2.00,0.10,408,3.00,1.3345,39,140,0.069085,527,37,0.070209,488,232,47.54,2562.93,23471.98,-20909.05,1.12,15.71,2.03,185.98,105.90,250,8132.37,35462.00,510,1.0000,3.0000,0,200,0,600,0.000000,0.050000,488,0.00,39.00,0.00,39.00,0.00,0.00,0.00,0.00,0
NDX100,PERIOD_H1,15,0,15:00,60,BREAKOUT,2.00,0.10,245,2.00,1.1279,240,258,0.099112,541,54,0.099815,485,233,48.04,1325.24,20542.51,-19217.27,1.07,12.56,1.12,186.60,265.57,250,8132.37,35462.00,510,1.0000,3.0000,0,200,0,600,0.000000,0.050000,485,0.00,240.00,0.00,240.00,0.00,0.00,0.00,0.00,0
NDX100,PERIOD_H1,15,0,15:00,60,BREAKOUT,2.00,0.10,79,2.00,1.0452,60,860,0.008832,494,5,0.010121,487,232,47.64,2721.62,23758.68,-21037.06,1.13,13.74,2.13,186.03,69.03,250,8132.37,35462.00,510,1.0000,3.0000,0,200,0,600,0.000000,0.050000,487,0.00,60.00,0.00,60.00,0.00,0.00,0.00,0.00,0
NDX100,PERIOD_H1,15,0,15:00,60,BREAKOUT,2.00,0.10,408,2.50,1.2718,33,117,0.069085,528,38,0.071970,488,232,47.54,2548.45,23653.82,-21105.37,1.12,15.58,2.01,185.69,87.35,250,8132.37,35462.00,510,1.0000,3.0000,0,200,0,600,0.000000,0.050000,488,0.00,33.00,0.00,33.00,0.00,0.00,0.00,0.00,0
NDX100,PERIOD_H1,15,0,15:00,60,BREAKOUT,2.00,0.10,247,1.50,1.0903,77,275,0.034487,511,22,0.043053,487,237,48.67,2677.07,23146.91,-20469.84,1.13,16.08,2.09,186.79,95.05,250,8132.37,35462.00,510,1.0000,3.0000,0,200,0,600,0.000000,0.050000,487,0.00,77.00,0.00,77.00,0.00,0.00,0.00,0.00,0
NDX100,PERIOD_H1,15,0,15:00,60,BREAKOUT,2.00,0.10,84,1.00,1.0190,158,266,0.038006,505,19,0.037624,484,233,48.14,1921.03,21942.82,-20021.79,1.10,14.50,1.55,186.54,161.81,250,8132.37,35462.00,510,1.0000,3.0000,0,200,0,600,0.000000,0.050000,484,0.00,158.00,0.00,158.00,0.00,0.00,0.00,0.00,0
NDX100,PERIOD_H1,15,0,15:00,60,BREAKOUT,2.00,0.10,412,2.00,1.2112,151,310,0.062825,526,37,0.070342,487,233,47.84,2388.09,22507.60,-20119.51,1.12,14.89,1.92,186.17,193.24,250,8132.37,35462.00,510,1.0000,3.0000,0,200,0,600,0.000000,0.050000,487,0.00,151.00,0.00,151.00,0.00,0.00,0.00,0.00,0
NDX100,PERIOD_H1,15,0,15:00,60,BREAKOUT,2.00,0.10,243,3.00,1.2031,566,225,0.052242,508,26,0.051181,482,230,47.72,1095.06,20106.75,-19011.69,1.06,17.84,0.95,186.30,606.63,250,8132.37,35462.00,510,1.0000,3.0000,0,200,0,600,0.000000,0.050000,482,0.00,566.00,0.00,566.00,0.00,0.00,0.00,0.00,0
NDX100,PERIOD_H1,15,0,15:00,60,BREAKOUT,2.00,0.10,245,2.50,1.1662,300,323,0.099112,540,54,0.100000,484,231,47.73,1052.05,19965.89,-18913.84,1.06,14.97,0.90,186.52,333.25,250,8132.37,35462.00,510,1.0000,3.0000,0,200,0,600,0.000000,0.050000,484,0.00,300.00,0.00,300.00,0.00,0.00,0.00,0.00,0
NDX100,PERIOD_H1,15,0,15:00,60,BREAKOUT,2.00,0.10,250,1.00,1.0522,48,565,0.033145,512,23,0.044922,488,234,47.95,3076.99,23786.62,-20709.63,1.15,13.58,2.36,185.69,58.44,250,8132.37,35462.00,510,1.0000,3.0000,0,200,0,600,0.000000,0.050000,488,0.00,48.00,0.00,48.00,0.00,0.00,0.00,0.00,0
NDX100,PERIOD_H1,15,0,15:00,60,BREAKOUT,2.00,0.10,412,1.50,1.1478,113,233,0.047119,517,27,0.052224,488,234,47.95,2983.29,23799.04,-20815.75,1.14,15.21,2.30,186.27,142.57,250,8132.37,35462.00,510,1.0000,3.0000,0,200,0,600,0.000000,0.050000,488,0.00,113.00,0.00,113.00,0.00,0.00,0.00,0.00,0
NDX100,PERIOD_H1,15,0,15:00,60,BREAKOUT,2.00,0.10,78,2.50,1.0581,410,257,0.035398,502,15,0.029880,485,233,48.04,2387.64,22300.62,-19912.98,1.12,14.54,1.93,186.52,421.62,250,8132.37,35462.00,510,1.0000,3.0000,0,200,0,600,0.000000,0.050000,485,0.00,410.00,0.00,410.00,0.00,0.00,0.00,0.00,0
NDX100,PERIOD_H1,15,0,15:00,60,BREAKOUT,2.00,0.10,415,1.00,1.0850,72,537,0.041566,508,18,0.035433,488,229,46.93,2162.01,22994.81,-20832.80,1.10,13.41,1.74,185.72,89.00,250,8132.37,35462.00,510,1.0000,3.0000,0,200,0,600,0.000000,0.050000,488,0.00,72.00,0.00,72.00,0.00,0.00,0.00,0.00,0
NDX100,PERIOD_H1,15,0,15:00,60,BREAKOUT,2.00,0.10,78,3.00,1.0715,492,309,0.035398,499,15,0.030060,484,233,48.14,2036.15,21859.54,-19823.39,1.10,15.25,1.67,186.58,506.31,250,8132.37,35462.00,510,1.0000,3.0000,0,200,0,600,0.000000,0.050000,484,0.00,492.00,0.00,492.00,0.00,0.00,0.00,0.00,0
NDX100,PERIOD_H1,15,0,15:00,60,BREAKOUT,2.00,0.10,82,1.50,1.0327,40,317,0.021854,503,14,0.027833,487,234,48.05,2430.97,23778.52,-21347.55,1.11,16.97,1.91,186.25,46.54,250,8132.37,35462.00,510,1.0000,3.0000,0,200,0,600,0.000000,0.050000,487,0.00,40.00,0.00,40.00,0.00,0.00,0.00,0.00,0
NDX100,PERIOD_H1,15,0,15:00,60,BREAKOUT,2.00,0.10,409,3.00,1.3355,236,1122,0.042518,506,18,0.035573,486,233,47.94,1979.62,21892.80,-19913.18,1.10,12.76,1.62,186.12,303.09,250,8132.37,35462.00,510,1.0000,3.0000,0,200,0,600,0.000000,0.050000,486,0.00,236.00,0.00,236.00,0.00,0.00,0.00,0.00,0
NDX100,PERIOD_H1,15,0,15:00,60,BREAKOUT,2.00,0.10,246,2.00,1.1283,371,912,0.072549,529,45,0.085066,482,232,48.13,1233.31,19829.71,-18596.40,1.07,12.86,1.07,185.95,396.67,250,8132.37,35462.00,510,1.0000,3.0000,0,200,0,600,0.000000,0.050000,482,0.00,371.00,0.00,371.00,0.00,0.00,0.00,0.00,0
NDX100,PERIOD_H1,15,0,15:00,60,BREAKOUT,2.00,0.10,80,2.00,1.0456,191,314,0.082272,536,48,0.089552,486,233,47.94,3512.17,23812.62,-20300.45,1.17,13.47,2.70,186.42,200.13,250,8132.37,35462.00,510,1.0000,3.0000,0,200,0,600,0.000000,0.050000,486,0.00,191.00,0.00,191.00,0.00,0.00,0.00,0.00,0
NDX100,PERIOD_H1,15,0,15:00,60,BREAKOUT,2.00,0.10,248,1.50,1.0906,175,766,0.014562,496,6,0.012097,488,233,47.75,2349.12,22733.47,-20384.35,1.12,11.84,1.86,185.60,193.12,250,8132.37,35462.00,510,1.0000,3.0000,0,200,0,600,0.000000,0.050000,488,0.00,175.00,0.00,175.00,0.00,0.00,0.00,0.00,0
NDX100,PERIOD_H1,15,0,15:00,60,BREAKOUT,2.00,0.10,409,2.50,1.2726,197,935,0.042518,507,18,0.035503,487,232,47.64,2042.97,22079.87,-20036.90,1.10,12.79,1.66,186.05,251.51,250,8132.37,35462.00,510,1.0000,3.0000,0,200,0,600,0.000000,0.050000,487,0.00,197.00,0.00,197.00,0.00,0.00,0.00,0.00,0
NDX100,PERIOD_H1,15,0,15:00,60,BREAKOUT,2.00,0.10,85,1.00,1.0193,23,593,0.024723,500,10,0.020000,488,229,46.93,2418.97,23278.11,-20859.14,1.12,13.31,1.92,185.84,26.86,250,8132.37,35462.00,510,1.0000,3.0000,0,200,0,600,0.000000,0.050000,488,0.00,23.00,0.00,23.00,0.00,0.00,0.00,0.00,0
NDX100,PERIOD_H1,15,0,15:00,60,BREAKOUT,2.00,0.10,413,2.00,1.2116,282,965,0.036259,510,24,0.047059,484,227,46.90,1293.79,20998.58,-19704.79,1.07,17.31,1.09,186.22,324.33,250,8132.37,35462.00,510,1.0000,3.0000,0,200,0,600,0.000000,0.050000,484,0.00,282.00,0.00,282.00,0.00,0.00,0.00,0.00,0
NDX100,PERIOD_H1,15,0,15:00,60,BREAKOUT,2.00,0.10,244,3.00,1.2039,163,1206,0.025675,497,8,0.016097,488,232,47.54,3025.87,23577.54,-20551.67,1.15,11.77,2.32,185.99,203.77,250,8132.37,35462.00,510,1.0000,3.0000,0,200,0,600,0.000000,0.050000,488,0.00,163.00,0.00,163.00,0.00,0.00,0.00,0.00,0
NDX100,PERIOD_H1,15,0,15:00,60,BREAKOUT,2.00,0.10,246,2.50,1.1668,464,1140,0.072549,529,46,0.086957,482,229,47.51,603.83,18841.42,-18237.59,1.03,13.89,0.54,186.02,497.37,250,8132.37,35462.00,510,1.0000,3.0000,0,200,0,600,0.000000,0.050000,482,0.00,464.00,0.00,464.00,0.00,0.00,0.00,0.00,0
NDX100,PERIOD_H1,15,0,15:00,60,BREAKOUT,2.00,0.10,251,1.00,1.0524,113,292,0.019861,503,17,0.033797,484,234,48.35,3053.35,23909.97,-20856.62,1.15,15.01,2.36,186.13,122.32,250,8132.37,35462.00,510,1.0000,3.0000,0,200,0,600,0.000000,0.050000,484,0.00,113.00,0.00,113.00,0.00,0.00,0.00,0.00,0
NDX100,PERIOD_H1,15,0,15:00,60,BREAKOUT,2.00,0.10,79,2.50,1.0587,74,1075,0.008832,494,5,0.010121,487,231,47.43,2642.92,23692.35,-21049.43,1.13,13.60,2.08,185.92,85.74,250,8132.37,35462.00,510,1.0000,3.0000,0,200,0,600,0.000000,0.050000,487,0.00,74.00,0.00,74.00,0.00,0.00,0.00,0.00,0
NDX100,PERIOD_H1,15,0,15:00,60,BREAKOUT,2.00,0.10,416,1.00,1.0853,138,264,0.028283,500,10,0.020000,488,237,48.57,3599.88,24715.75,-21115.87,1.17,14.79,2.69,186.57,155.05,250,8132.37,35462.00,510,1.0000,3.0000,0,200,0,600,0.000000,0.050000,488,0.00,138.00,0.00,138.00,0.00,0.00,0.00,0.00,0
NDX100,PERIOD_H1,15,0,15:00,60,BREAKOUT,2.00,0.10,413,1.50,1.1482,212,723,0.027194,505,17,0.033663,486,228,46.91,2007.68,22246.27,-20238.59,1.10,12.61,1.63,185.74,241.63,250,8132.37,35462.00,510,1.0000,3.0000,0,200,0,600,0.000000,0.050000,486,0.00,212.00,0.00,212.00,0.00,0.00,0.00,0.00,0
NDX100,PERIOD_H1,15,0,15:00,60,BREAKOUT,2.00,0.10,79,3.00,1.0723,89,1290,0.008832,494,5,0.010121,487,231,47.43,2711.07,23737.94,-21026.87,1.13,13.61,2.12,185.99,103.45,250,8132.37,35462.00,510,1.0000,3.0000,0,200,0,600,0.000000,0.050000,487,0.00,89.00,0.00,89.00,0.00,0.00,0.00,0.00,0
NDX100,PERIOD_H1,15,0,15:00,60,BREAKOUT,2.00,0.10,83,1.50,1.0330,138,808,0.001932,490,0,0.000000,488,232,47.54,2713.34,23544.49,-20831.15,1.13,12.69,2.11,185.68,144.60,250,8132.37,35462.00,510,1.0000,3.0000,0,200,0,600,0.000000,0.050000,488,0.00,138.00,0.00,138.00,0.00,0.00,0.00,0.00,0
NDX100,PERIOD_H1,15,0,15:00,60,BREAKOUT,2.00,0.10,410,3.00,1.3362,433,303,0.015952,497,12,0.024145,484,230,47.52,1392.70,20918.66,-19525.96,1.07,17.32,1.18,186.39,500.24,250,8132.37,35462.00,510,1.0000,3.0000,0,200,0,600,0.000000,0.050000,484,0.00,433.00,0.00,433.00,0.00,0.00,0.00,0.00,0
NDX100,PERIOD_H1,15,0,15:00,60,BREAKOUT,2.00,0.10,247,2.00,1.1289,102,367,0.045982,514,25,0.048638,487,238,48.87,3184.52,23775.46,-20590.94,1.15,12.93,2.45,186.14,127.79,250,8132.37,35462.00,510,1.0000,3.0000,0,200,0,600,0.000000,0.050000,487,0.00,102.00,0.00,102.00,0.00,0.00,0.00,0.00,0
NDX100,PERIOD_H1,15,0,15:00,60,BREAKOUT,2.00,0.10,81,2.00,1.0462,322,968,0.055705,521,34,0.065259,485,230,47.42,1164.65,20896.57,-19731.92,1.06,17.84,1.00,186.09,331.25,250,8132.37,35462.00,510,1.0000,3.0000,0,200,0,600,0.000000,0.050000,485,0.00,322.00,0.00,322.00,0.00,0.00,0.00,0.00,0
NDX100,PERIOD_H1,15,0,15:00,60,BREAKOUT,2.00,0.10,249,1.50,1.0909,273,356,0.069642,529,43,0.081285,484,235,48.55,2841.85,23070.51,-20228.66,1.14,15.65,2.24,185.49,291.18,250,8132.37,35462.00,510,1.0000,3.0000,0,200,0,600,0.000000,0.050000,484,0.00,273.00,0.00,273.00,0.00,0.00,0.00,0.00,0
NDX100,PERIOD_H1,15,0,15:00,60,BREAKOUT,2.00,0.10,410,2.50,1.2732,361,253,0.015952,498,12,0.024096,484,231,47.73,1880.90,21595.47,-19714.57,1.10,17.18,1.54,186.47,415.63,250,8132.37,35462.00,510,1.0000,3.0000,0,200,0,600,0.000000,0.050000,484,0.00,361.00,0.00,361.00,0.00,0.00,0.00,0.00,0
NDX100,PERIOD_H1,15,0,15:00,60,BREAKOUT,2.00,0.10,86,1.00,1.0195,89,320,0.011441,494,4,0.008097,488,233,47.75,2824.56,23866.33,-21041.77,1.13,15.57,2.18,186.60,92.89,250,8132.37,35462.00,510,1.0000,3.0000,0,200,0,600,0.000000,0.050000,488,0.00,89.00,0.00,89.00,0.00,0.00,0.00,0.00,0
NDX100,PERIOD_H1,15,0,15:00,60,BREAKOUT,2.00,0.10,414,2.00,1.2121,14,419,0.009696,496,6,0.012097,488,233,47.75,3062.36,24414.67,-21352.31,1.14,13.78,2.35,185.99,56.42,250,8132.37,35462.00,510,1.0000,3.0000,0,200,0,600,0.000000,0.050000,488,0.00,14.00,0.00,14.00,0.00,0.00,0.00,0.00,0
NDX100,PERIOD_H1,15,0,15:00,60,BREAKOUT,2.00,0.10,245,3.00,1.2046,360,387,0.099112,541,55,0.101664,484,230,47.52,1154.21,19965.96,-18811.75,1.06,13.35,0.99,185.98,400.92,250,8132.37,35462.00,510,1.0000,3.0000,0,200,0,600,0.000000,0.050000,484,0.00,360.00,0.00,360.00,0.00,0.00,0.00,0.00,0
NDX100,PERIOD_H1,15,0,15:00,60,BREAKOUT,2.00,0.10,247,2.50,1.1676,128,458,0.045982,514,25,0.048638,487,236,48.46,2635.45,22910.89,-20275.44,1.13,13.21,2.08,186.01,161.52,250,8132.37,35462.00,510,1.0000,3.0000,0,200,0,600,0.000000,0.050000,487,0.00,128.00,0.00,128.00,0.00,0.00,0.00,0.00,0
NDX100,PERIOD_H1,15,0,15:00,60,BREAKOUT,2.00,0.10,252,1.00,1.0526,179,19,0.006580,492,2,0.004065,489,233,47.65,2291.57,22864.08,-20572.51,1.11,13.75,1.80,185.84,189.51,250,8132.37,35462.00,510,1.0000,3.0000,0,200,0,600,0.000000,0.050000,489,0.00,179.00,0.00,179.00,0.00,0.00,0.00,0.00,0
NDX100,PERIOD_H1,15,0,15:00,60,BREAKOUT,2.00,0.10,417,1.00,1.0855,4,591,0.015000,499,9,0.018036,488,233,47.75,3151.22,24260.86,-21109.64,1.15,12.90,2.39,185.88,21.09,250,8132.37,35462.00,510,1.0000,3.0000,0,200,0,600,0.000000,0.050000,488,0.00,4.00,0.00,4.00,0.00,0.00,0.00,0.00,0
NDX100,PERIOD_H1,15,0,15:00,60,BREAKOUT,2.00,0.10,80,2.50,1.0593,238,393,0.082272,534,46,0.086142,486,232,47.74,3405.84,23702.28,-20296.44,1.17,11.25,2.64,185.61,249.86,250,8132.37,35462.00,510,1.0000,3.0000,0,200,0,600,0.000000,0.050000,486,0.00,238.00,0.00,238.00,0.00,0.00,0.00,0.00,0
NDX100,PERIOD_H1,15,0,15:00,60,BREAKOUT,2.00,0.10,414,1.50,1.1485,10,314,0.007272,493,3,0.006085,488,234,47.95,2696.69,23943.09,-21246.40,1.13,15.63,2.08,186.60,39.69,250,8132.37,35462.00,510,1.0000,3.0000,0,200,0,600,0.000000,0.050000,488,0.00,10.00,0.00,10.00,0.00,0.00,0.00,0.00,0
NDX100,PERIOD_H1,15,0,15:00,60,BREAKOUT,2.00,0.10,80,3.00,1.0730,286,471,0.082272,532,45,0.084586,485,233,48.04,3166.55,23118.53,-19951.98,1.16,11.21,2.47,185.65,300.60,250,8132.37,35462.00,510,1.0000,3.0000,0,200,0,600,0.000000,0.050000,485,0.00,286.00,0.00,286.00,0.00,0.00,0.00,0.00,0
NDX100,PERIOD_H1,15,0,15:00,60,BREAKOUT,2.00,0.10,84,1.50,1.0333,237,398,0.057009,517,33,0.063830,482,231,47.93,1804.44,21608.86,-19804.42,1.09,11.95,1.49,185.66,243.67,250,8132.37,35462.00,510,1.0000,3.0000,0,200,0,600,0.000000,0.050000,482,0.00,237.00,0.00,237.00,0.00,0.00,0.00,0.00,0
NDX100,PERIOD_H1,15,0,15:00,60,BREAKOUT,2.00,0.10,411,3.00,1.3369,30,1284,0.089392,525,39,0.074286,484,237,48.97,4133.49,25363.86,-21230.37,1.19,11.50,3.09,185.61,97.38,250,8132.37,35462.00,510,1.0000,3.0000,0,200,0,600,0.000000,0.050000,484,0.00,30.00,0.00,30.00,0.00,0.00,0.00,0.00,0
NDX100,PERIOD_H1,15,0,15:00,60,BREAKOUT,2.00,0.10,248,2.00,1.1294,233,1021,0.019416,497,9,0.018109,486,232,47.74,1684.33,21680.01,-19995.68,1.08,15.21,1.38,185.87,258.88,250,8132.37,35462.00,510,1.0000,3.0000,0,200,0,600,0.000000,0.050000,486,0.00,233.00,0.00,233.00,0.00,0.00,0.00,0.00,0
NDX100,PERIOD_H1,15,0,15:00,60,BREAKOUT,2.00,0.10,82,2.00,1.0467,53,423,0.029139,508,19,0.037402,487,233,47.84,2837.39,24070.18,-21232.79,1.13,14.74,2.19,185.89,62.34,250,8132.37,35462.00,510,1.0000,3.0000,0,200,0,600,0.000000,0.050000,487,0.00,53.00,0.00,53.00,0.00,0.00,0.00,0.00,0
NDX100,PERIOD_H1,15,0,15:00,60,BREAKOUT,2.00,0.10,250,1.50,1.0913,72,847,0.049717,522,33,0.063218,488,235,48.16,2405.13,22935.61,-20530.48,1.12,14.01,1.92,185.96,90.27,250,8132.37,35462.00,510,1.0000,3.0000,0,200,0,600,0.000000,0.050000,488,0.00,72.00,0.00,72.00,0.00,0.00,0.00,0.00,0
NDX100,PERIOD_H1,15,0,15:00,60,BREAKOUT,2.00,0.10,411,2.50,1.2738,25,1070,0.089392,524,38,0.072519,484,236,48.76,3986.08,25277.09,-21291.01,1.19,11.70,3.01,185.65,79.75,250,8132.37,35462.00,510,1.0000,3.0000,0,200,0,600,0.000000,0.050000,484,0.00,25.00,0.00,25.00,0.00,0.00,0.00,0.00,0
NDX100,PERIOD_H1,15,0,15:00,60,BREAKOUT,2.00,0.10,415,2.00,1.2126,145,1073,0.083132,532,43,0.080827,487,224,46.00,1083.06,20600.89,-19517.83,1.06,12.20,0.94,185.87,187.51,250,8132.37,35462.00,510,1.0000,3.0000,0,200,0,600,0.000000,0.050000,487,0.00,145.00,0.00,145.00,0.00,0.00,0.00,0.00,0
NDX100,PERIOD_H1,15,0,15:00,60,BREAKOUT,2.00,0.10,246,3.00,1.2053,556,1368,0.072549,525,46,0.087619,479,227,47.39,399.21,18344.37,-17945.16,1.02,14.39,0.37,186.25,597.07,250,8132.37,35462.00,510,1.0000,3.0000,0,200,0,600,0.000000,0.050000,479,0.00,556.00,0.00,556.00,0.00,0.00,0.00,0.00,0
NDX100,PERIOD_H1,15,0,15:00,60,BREAKOUT,2.00,0.10,87,1.00,1.0197,155,47,0.048160,515,28,0.054369,486,232,47.74,3152.04,24194.66,-21042.62,1.15,14.23,2.40,185.84,158.50,250,8132.37,35462.00,510,1.0000,3.0000,0,200,0,600,0.000000,0.050000,486,0.00,155.00,0.00,155.00,0.00,0.00,0.00,0.00,0
NDX100,PERIOD_H1,15,0,15:00,60,BREAKOUT,2.00,0.10,81,3.00,1.0740,483,1453,0.055705,521,35,0.067179,485,229,47.22,1105.07,20577.44,-19472.37,1.06,15.21,0.97,185.74,497.80,250,8132.37,35462.00,510,1.0000,3.0000,0,200,0,600,0.000000,0.050000,485,0.00,483.00,0.00,483.00,0.00,0.00,0.00,0.00,0
NDX100,PERIOD_H1,15,0,15:00,60,BREAKOUT,2.00,0.10,412,3.00,1.3379,227,466,0.062825,523,36,0.068834,485,232,47.84,2277.27,22047.76,-19770.49,1.12,12.47,1.86,185.87,294.58,250,8132.37,35462.00,510,1.0000,3.0000,0,200,0,600,0.000000,0.050000,485,0.00,227.00,0.00,227.00,0.00,0.00,0.00,0.00,0
NDX100,PERIOD_H1,15,0,15:00,60,BREAKOUT,2.00,0.10,85,1.50,1.0338,35,889,0.037085,505,15,0.029703,488,226,46.31,1943.74,22348.50,-20404.76,1.10,13.76,1.58,186.09,41.75,250,8132.37,35462.00,510,1.0000,3.0000,0,200,0,600,0.000000,0.050000,488,0.00,35.00,0.00,35.00,0.00,0.00,0.00,0.00,0
NDX100,PERIOD_H1,15,0,15:00,60,BREAKOUT,2.00,0.10,248,2.50,1.1682,292,1276,0.019416,496,9,0.018145,485,232,47.84,1903.44,21817.58,-19914.14,1.10,14.32,1.55,186.07,325.64,250,8132.37,35462.00,510,1.0000,3.0000,0,200,0,600,0.000000,0.050000,485,0.00,292.00,0.00,292.00,0.00,0.00,0.00,0.00,0
NDX100,PERIOD_H1,15,0,15:00,60,BREAKOUT,2.00,0.10,249,2.00,1.1299,365,475,0.092856,538,52,0.096654,484,232,47.93,1471.19,20776.60,-19305.41,1.08,15.15,1.26,185.85,390.97,250,8132.37,35462.00,510,1.0000,3.0000,0,200,0,600,0.000000,0.050000,484,0.00,365.00,0.00,365.00,0.00,0.00,0.00,0.00,0
NDX100,PERIOD_H1,15,0,15:00,60,BREAKOUT,2.00,0.10,81,2.50,1.0601,402,1211,0.055705,522,35,0.067050,485,229,47.22,1359.32,20925.88,-19566.56,1.07,14.57,1.17,186.15,414.02,250,8132.37,35462.00,510,1.0000,3.0000,0,200,0,600,0.000000,0.050000,485,0.00,402.00,0.00,402.00,0.00,0.00,0.00,0.00,0
NDX100,PERIOD_H1,15,0,15:00,60,BREAKOUT,2.00,0.10,418,1.00,1.0856,69,318,0.001718,490,0,0.000000,488,234,47.95,2963.87,24384.98,-21421.11,1.14,15.95,2.27,186.40,86.13,250,8132.37,35462.00,510,1.0000,3.0000,0,200,0,600,0.000000,0.050000,488,0.00,69.00,0.00,69.00,0.00,0.00,0.00,0.00,0
NDX100,PERIOD_H1,15,0,15:00,60,BREAKOUT,2.00,0.10,416,2.00,1.2132,276,527,0.056566,515,27,0.052427,486,235,48.35,3547.26,23707.01,-20159.75,1.18,13.09,2.72,186.14,318.63,250,8132.37,35462.00,510,1.0000,3.0000,0,200,0,600,0.000000,0.050000,486,0.00,276.00,0.00,276.00,0.00,0.00,0.00,0.00,0
NDX100,PERIOD_H1,15,0,15:00,60,BREAKOUT,2.00,0.10,253,1.00,1.0527,45,346,0.043298,518,28,0.054054,488,232,47.54,3087.76,24467.05,-21379.29,1.14,15.23,2.37,186.27,55.55,250,8132.37,35462.00,510,1.0000,3.0000,0,200,0,600,0.000000,0.050000,488,0.00,45.00,0.00,45.00,0.00,0.00,0.00,0.00,0
NDX100,PERIOD_H1,15,0,15:00,60,BREAKOUT,2.00,0.10,83,2.00,1.0472,184,1077,0.002576,490,0,0.000000,488,230,47.13,2149.57,22399.71,-20250.14,1.11,11.81,1.72,185.83,193.43,250,8132.37,35462.00,510,1.0000,3.0000,0,200,0,600,0.000000,0.050000,488,0.00,184.00,0.00,184.00,0.00,0.00,0.00,0.00,0
NDX100,PERIOD_H1,15,0,15:00,60,BREAKOUT,2.00,0.10,247,3.00,1.2063,153,550,0.045982,513,24,0.046784,487,236,48.46,2711.53,22797.62,-20086.09,1.13,12.23,2.14,185.77,194.26,250,8132.37,35462.00,510,1.0000,3.0000,0,200,0,600,0.000000,0.050000,487,0.00,153.00,0.00,153.00,0.00,0.00,0.00,0.00,0
NDX100,PERIOD_H1,15,0,15:00,60,BREAKOUT,2.00,0.10,415,1.50,1.1488,109,805,0.062349,514,24,0.046693,488,227,46.52,1555.66,21830.87,-20275.21,1.08,13.03,1.30,185.68,138.76,250,8132.37,35462.00,510,1.0000,3.0000,0,200,0,600,0.000000,0.050000,488,0.00,109.00,0.00,109.00,0.00,0.00,0.00,0.00,0
NDX100,PERIOD_H1,15,0,15:00,60,BREAKOUT,2.00,0.10,412,2.50,1.2745,189,388,0.062825,524,36,0.068702,486,232,47.74,2702.33,22905.69,-20203.36,1.13,12.36,2.16,185.64,243.91,250,8132.37,35462.00,510,1.0000,3.0000,0,200,0,600,0.000000,0.050000,486,0.00,189.00,0.00,189.00,0.00,0.00,0.00,0.00,0
NDX100,PERIOD_H1,15,0,15:00,60,BREAKOUT,2.00,0.10,251,1.50,1.0916,170,438,0.029792,506,20,0.039526,484,230,47.52,2586.37,23018.37,-20432.00,1.13,14.29,2.05,185.48,186.31,250,8132.37,35462.00,510,1.0000,3.0000,0,200,0,600,0.000000,0.050000,484,0.00,170.00,0.00,170.00,0.00,0.00,0.00,0.00,0
NDX100,PERIOD_H1,15,0,15:00,60,BREAKOUT,2.00,0.10,413,3.00,1.3386,424,1447,0.036259,508,23,0.045276,484,224,46.28,793.97,20168.06,-19374.09,1.04,16.50,0.70,186.06,491.73,250,8132.37,35462.00,510,1.0000,3.0000,0,200,0,600,0.000000,0.050000,484,0.00,424.00,0.00,424.00,0.00,0.00,0.00,0.00,0
NDX100,PERIOD_H1,15,0,15:00,60,BREAKOUT,2.00,0.10,88,1.00,1.0198,20,374,0.034877,511,21,0.041096,488,233,47.75,3518.21,25219.45,-21701.24,1.16,13.30,2.67,186.11,23.97,250,8132.37,35462.00,510,1.0000,3.0000,0,200,0,600,0.000000,0.050000,488,0.00,20.00,0.00,20.00,0.00,0.00,0.00,0.00,0
NDX100,PERIOD_H1,15,0,15:00,60,BREAKOUT,2.00,0.10,82,3.00,1.0747,80,634,0.029139,507,18,0.035503,487,233,47.84,2411.89,23154.14,-20742.25,1.12,14.27,1.90,185.92,94.94,250,8132.37,35462.00,510,1.0000,3.0000,0,200,0,600,0.000000,0.050000,487,0.00,80.00,0.00,80.00,0.00,0.00,0.00,0.00,0
NDX100,PERIOD_H1,15,0,15:00,60,BREAKOUT,2.00,0.10,86,1.50,1.0341,133,480,0.017162,495,5,0.010101,488,230,47.13,2329.46,23182.25,-20852.79,1.11,12.54,1.84,185.81,139.81,250,8132.37,35462.00,510,1.0000,3.0000,0,200,0,600,0.000000,0.050000,488,0.00,133.00,0.00,133.00,0.00,0.00,0.00,0.00,0
NDX100,PERIOD_H1,15,0,15:00,60,BREAKOUT,2.00,0.10,250,2.00,1.1305,96,1129,0.066289,527,39,0.074004,487,234,48.05,2442.86,22890.99,-20448.13,1.12,14.47,1.97,186.00,122.09,250,8132.37,35462.00,510,1.0000,3.0000,0,200,0,600,0.000000,0.050000,487,0.00,96.00,0.00,96.00,0.00,0.00,0.00,0.00,0
NDX100,PERIOD_H1,15,0,15:00,60,BREAKOUT,2.00,0.10,249,2.50,1.1688,456,594,0.092856,536,51,0.095149,484,232,47.93,1348.05,20452.17,-19104.12,1.07,14.89,1.17,185.61,489.76,250,8132.37,35462.00,510,1.0000,3.0000,0,200,0,600,0.000000,0.050000,484,0.00,456.00,0.00,456.00,0.00,0.00,0.00,0.00,0
NDX100,PERIOD_H1,15,0,15:00,60,BREAKOUT,2.00,0.10,82,2.50,1.0607,66,528,0.029139,508,19,0.037402,487,233,47.84,2651.11,23593.04,-20941.93,1.13,14.26,2.07,185.87,78.14,250,8132.37,35462.00,510,1.0000,3.0000,0,200,0,600,0.000000,0.050000,487,0.00,66.00,0.00,66.00,0.00,0.00,0.00,0.00,0
NDX100,PERIOD_H1,15,0,15:00,60,BREAKOUT,2.00,0.10,417,2.00,1.2136,7,1181,0.030000,505,16,0.031683,487,233,47.84,2895.20,23900.43,-21005.23,1.14,13.00,2.25,186.03,49.73,250,8132.37,35462.00,510,1.0000,3.0000,0,200,0,600,0.000000,0.050000,487,0.00,7.00,0.00,7.00,0.00,0.00,0.00,0.00,0
NDX100,PERIOD_H1,15,0,15:00,60,BREAKOUT,2.00,0.10,248,3.00,1.2070,350,1531,0.019416,496,9,0.018145,485,230,47.42,1779.56,21663.12,-19883.56,1.09,15.05,1.47,186.05,391.41,250,8132.37,35462.00,510,1.0000,3.0000,0,200,0,600,0.000000,0.050000,485,0.00,350.00,0.00,350.00,0.00,0.00,0.00,0.00,0
NDX100,PERIOD_H1,15,0,15:00,60,BREAKOUT,2.00,0.10,419,1.00,1.0858,135,45,0.038437,506,16,0.031621,489,233,47.65,3070.62,24419.14,-21348.52,1.14,15.36,2.33,185.81,152.16,250,8132.37,35462.00,510,1.0000,3.0000,0,200,0,600,0.000000,0.050000,489,0.00,135.00,0.00,135.00,0.00,0.00,0.00,0.00,0
NDX100,PERIOD_H1,15,0,15:00,60,BREAKOUT,2.00,0.10,84,2.00,1.0476,316,531,0.076012,530,47,0.088679,481,232,48.23,1786.44,21225.03,-19438.59,1.09,13.85,1.48,185.68,325.52,250,8132.37,35462.00,510,1.0000,3.0000,0,200,0,600,0.000000,0.050000,481,0.00,316.00,0.00,316.00,0.00,0.00,0.00,0.00,0
NDX100,PERIOD_H1,15,0,15:00,60,BREAKOUT,2.00,0.10,254,1.00,1.0530,110,73,0.030015,504,14,0.027778,489,233,47.65,2741.21,23585.13,-20843.92,1.13,14.78,2.13,185.72,120.60,250,8132.37,35462.00,510,1.0000,3.0000,0,200,0,600,0.000000,0.050000,489,0.00,110.00,0.00,110.00,0.00,0.00,0.00,0.00,0
NDX100,PERIOD_H1,15,0,15:00,60,BREAKOUT,2.00,0.10,416,1.50,1.1492,207,395,0.042425,506,17,0.033597,487,237,48.67,3858.53,24359.14,-20500.61,1.19,11.20,2.89,185.85,236.84,250,8132.37,35462.00,510,1.0000,3.0000,0,200,0,600,0.000000,0.050000,487,0.00,207.00,0.00,207.00,0.00,0.00,0.00,0.00,0
NDX100,PERIOD_H1,15,0,15:00,60,BREAKOUT,2.00,0.10,414,3.00,1.3394,20,628,0.009696,496,6,0.012097,488,233,47.75,2815.95,23789.33,-20973.38,1.13,13.31,2.18,185.92,87.87,250,8132.37,35462.00,510,1.0000,3.0000,0,200,0,600,0.000000,0.050000,488,0.00,20.00,0.00,20.00,0.00,0.00,0.00,0.00,0
NDX100,PERIOD_H1,15,0,15:00,60,BREAKOUT,2.00,0.10,252,1.50,1.0920,269,28,0.009870,491,3,0.006110,487,234,48.05,2051.95,22490.10,-20438.15,1.10,14.69,1.64,185.93,287.39,250,8132.37,35462.00,510,1.0000,3.0000,0,200,0,600,0.000000,0.050000,487,0.00,269.00,0.00,269.00,0.00,0.00,0.00,0.00,0
NDX100,PERIOD_H1,15,0,15:00,60,BREAKOUT,2.00,0.10,413,2.50,1.2751,353,1206,0.036259,510,24,0.047059,484,226,46.69,1217.71,20714.93,-19497.22,1.06,15.14,1.05,186.07,408.03,250,8132.37,35462.00,510,1.0000,3.0000,0,200,0,600,0.000000,0.050000,484,0.00,353.00,0.00,353.00,0.00,0.00,0.00,0.00,0
NDX100,PERIOD_H1,15,0,15:00,60,BREAKOUT,2.00,0.10,89,1.00,1.0201,86,101,0.021595,503,15,0.029821,486,233,47.94,2554.52,23774.37,-21219.85,1.12,15.67,1.99,185.88,90.02,250,8132.37,35462.00,510,1.0000,3.0000,0,200,0,600,0.000000,0.050000,486,0.00,86.00,0.00,86.00,0.00,0.00,0.00,0.00,0
NDX100,PERIOD_H1,15,0,15:00,60,BREAKOUT,2.00,0.10,83,3.00,1.0754,277,1615,0.002576,488,0,0.000000,486,230,47.33,2212.66,22451.45,-20238.79,1.11,12.40,1.78,185.90,292.09,250,8132.37,35462.00,510,1.0000,3.0000,0,200,0,600,0.000000,0.050000,486,0.00,277.00,0.00,277.00,0.00,0.00,0.00,0.00,0
NDX100,PERIOD_H1,15,0,15:00,60,BREAKOUT,2.00,0.10,87,1.50,1.0344,232,70,0.072240,523,38,0.072658,484,230,47.52,2618.86,22907.90,-20289.04,1.13,12.83,2.06,185.86,238.12,250,8132.37,35462.00,510,1.0000,3.0000,0,200,0,600,0.000000,0.050000,484,0.00,232.00,0.00,232.00,0.00,0.00,0.00,0.00,0
NDX100,PERIOD_H1,15,0,15:00,60,BREAKOUT,2.00,0.10,250,2.50,1.1696,120,1411,0.066289,525,37,0.070476,487,234,48.05,2455.89,23087.08,-20631.19,1.12,14.99,1.97,186.14,153.92,250,8132.37,35462.00,510,1.0000,3.0000,0,200,0,600,0.000000,0.050000,487,0.00,120.00,0.00,120.00,0.00,0.00,0.00,0.00,0
NDX100,PERIOD_H1,15,0,15:00,60,BREAKOUT,2.00,0.10,251,2.00,1.1309,227,583,0.039723,510,25,0.049020,483,231,47.83,2248.18,22137.46,-19889.28,1.11,14.68,1.83,185.63,250.30,250,8132.37,35462.00,510,1.0000,3.0000,0,200,0,600,0.000000,0.050000,483,0.00,227.00,0.00,227.00,0.00,0.00,0.00,0.00,0
NDX100,PERIOD_H1,15,0,15:00,60,BREAKOUT,2.00,0.10,83,2.50,1.0613,230,1346,0.002576,489,0,0.000000,487,230,47.23,2159.13,22464.05,-20304.92,1.11,12.28,1.74,186.13,242.26,250,8132.37,35462.00,510,1.0000,3.0000,0,200,0,600,0.000000,0.050000,487,0.00,230.00,0.00,230.00,0.00,0.00,0.00,0.00,0
NDX100,PERIOD_H1,15,0,15:00,60,BREAKOUT,2.00,0.10,418,2.00,1.2141,138,636,0.003436,490,0,0.000000,488,232,47.54,2671.76,23379.91,-20708.15,1.13,12.55,2.08,185.92,180.82,250,8132.37,35462.00,510,1.0000,3.0000,0,200,0,600,0.000000,0.050000,488,0.00,138.00,0.00,138.00,0.00,0.00,0.00,0.00,0
NDX100,PERIOD_H1,15,0,15:00,60,BREAKOUT,2.00,0.10,420,1.00,1.0861,0,372,0.025153,501,12,0.023952,487,236,48.46,3815.64,25460.94,-21645.30,1.18,12.64,2.83,186.23,17.21,250,8132.37,35462.00,510,1.0000,3.0000,0,200,0,600,0.000000,0.050000,487,0.00,0.00,0.00,0.00,0.00,0.00,0.00,0.00,0
NDX100,PERIOD_H1,15,0,15:00,60,BREAKOUT,2.00,0.10,249,3.00,1.2078,547,712,0.092856,533,52,0.097561,481,230,47.82,878.41,19567.96,-18689.55,1.05,15.85,0.78,185.93,588.55,250,8132.37,35462.00,510,1.0000,3.0000,0,200,0,600,0.000000,0.050000,481,0.00,547.00,0.00,547.00,0.00,0.00,0.00,0.00,0
NDX100,PERIOD_H1,15,0,15:00,60,BREAKOUT,2.00,0.10,85,2.00,1.0482,47,1185,0.049446,509,19,0.037328,488,225,46.11,1984.74,22313.28,-20328.54,1.10,13.83,1.61,186.37,56.64,250,8132.37,35462.00,510,1.0000,3.0000,0,200,0,600,0.000000,0.050000,488,0.00,47.00,0.00,47.00,0.00,0.00,0.00,0.00,0
NDX100,PERIOD_H1,15,0,15:00,60,BREAKOUT,2.00,0.10,255,1.00,1.0532,176,400,0.016733,501,11,0.021956,488,234,47.95,3063.96,23542.44,-20478.48,1.15,10.59,2.34,185.82,186.63,250,8132.37,35462.00,510,1.0000,3.0000,0,200,0,600,0.000000,0.050000,488,0.00,176.00,0.00,176.00,0.00,0.00,0.00,0.00,0
NDX100,PERIOD_H1,15,0,15:00,60,BREAKOUT,2.00,0.10,417,1.50,1.1495,5,886,0.022500,505,15,0.029703,488,234,47.95,2677.06,23638.83,-20961.77,1.13,12.97,2.09,185.93,34.91,250,8132.37,35462.00,510,1.0000,3.0000,0,200,0,600,0.000000,0.050000,488,0.00,5.00,0.00,5.00,0.00,0.00,0.00,0.00,0
NDX100,PERIOD_H1,15,0,15:00,60,BREAKOUT,2.00,0.10,415,3.00,1.3401,217,1610,0.083132,531,43,0.080979,486,223,45.88,473.95,19561.92,-19087.97,1.02,13.25,0.43,185.51,285.02,250,8132.37,35462.00,510,1.0000,3.0000,0,200,0,600,0.000000,0.050000,486,0.00,217.00,0.00,217.00,0.00,0.00,0.00,0.00,0
NDX100,PERIOD_H1,15,0,15:00,60,BREAKOUT,2.00,0.10,414,2.50,1.2757,17,524,0.009696,496,6,0.012097,488,233,47.75,2933.11,23902.87,-20969.76,1.14,13.44,2.26,185.80,72.15,250,8132.37,35462.00,510,1.0000,3.0000,0,200,0,600,0.000000,0.050000,488,0.00,17.00,0.00,17.00,0.00,0.00,0.00,0.00,0
NDX100,PERIOD_H1,15,0,15:00,60,BREAKOUT,2.00,0.10,253,1.50,1.0923,67,519,0.064947,526,36,0.068441,488,232,47.54,3284.28,24223.47,-20939.19,1.16,12.91,2.52,185.79,85.46,250,8132.37,35462.00,510,1.0000,3.0000,0,200,0,600,0.000000,0.050000,488,0.00,67.00,0.00,67.00,0.00,0.00,0.00,0.00,0
NDX100,PERIOD_H1,15,0,15:00,60,BREAKOUT,2.00,0.10,90,1.00,1.0203,151,428,0.008312,494,5,0.010121,487,232,47.64,3015.27,24313.78,-21298.51,1.14,12.90,2.32,186.06,155.05,250,8132.37,35462.00,510,1.0000,3.0000,0,200,0,600,0.000000,0.050000,487,0.00,151.00,0.00,151.00,0.00,0.00,0.00,0.00,0
NDX100,PERIOD_H1,15,0,15:00,60,BREAKOUT,2.00,0.10,84,3.00,1.0762,473,797,0.076012,527,45,0.085389,481,229,47.61,881.10,19723.70,-18842.60,1.05,14.96,0.77,185.64,488.23,250,8132.37,35462.00,510,1.0000,3.0000,0,200,0,600,0.000000,0.050000,481,0.00,473.00,0.00,473.00,0.00,0.00,0.00,0.00,0
NDX100,PERIOD_H1,15,0,15:00,60,BREAKOUT,2.00,0.10,88,1.50,1.0347,30,561,0.052315,521,33,0.063340,486,229,47.12,2849.45,24023.08,-21173.63,1.13,13.72,2.25,185.81,36.94,250,8132.37,35462.00,510,1.0000,3.0000,0,200,0,600,0.000000,0.050000,486,0.00,30.00,0.00,30.00,0.00,0.00,0.00,0.00,0
NDX100,PERIOD_H1,15,0,15:00,60,BREAKOUT,2.00,0.10,251,2.50,1.1702,284,729,0.039723,509,25,0.049116,482,231,47.93,2133.28,21882.66,-19749.38,1.11,16.77,1.73,185.60,314.30,250,8132.37,35462.00,510,1.0000,3.0000,0,200,0,600,0.000000,0.050000,482,0.00,284.00,0.00,284.00,0.00,0.00,0.00,0.00,0
NDX100,PERIOD_H1,15,0,15:00,60,BREAKOUT,2.00,0.10,252,2.00,1.1314,358,38,0.013160,492,4,0.008130,487,232,47.64,1613.76,21723.47,-20109.71,1.08,16.96,1.33,185.82,384.28,250,8132.37,35462.00,510,1.0000,3.0000,0,200,0,600,0.000000,0.050000,487,0.00,358.00,0.00,358.00,0.00,0.00,0.00,0.00,0
NDX100,PERIOD_H1,15,0,15:00,60,BREAKOUT,2.00,0.10,84,2.50,1.0619,394,664,0.076012,529,46,0.086957,481,232,48.23,1454.16,20570.46,-19116.30,1.08,14.02,1.23,185.85,406.38,250,8132.37,35462.00,510,1.0000,3.0000,0,200,0,600,0.000000,0.050000,481,0.00,394.00,0.00,394.00,0.00,0.00,0.00,0.00,0
NDX100,PERIOD_H1,15,0,15:00,60,BREAKOUT,2.00,0.10,419,2.00,1.2145,270,90,0.076873,515,28,0.054369,485,233,48.04,2106.78,22001.76,-19894.98,1.11,12.76,1.70,186.00,312.91,250,8132.37,35462.00,510,1.0000,3.0000,0,200,0,600,0.000000,0.050000,485,0.00,270.00,0.00,270.00,0.00,0.00,0.00,0.00,0
NDX100,PERIOD_H1,15,0,15:00,60,BREAKOUT,2.00,0.10,421,1.00,1.0862,66,99,0.011872,496,7,0.014113,487,233,47.84,2602.46,23900.47,-21298.01,1.12,16.53,2.01,185.99,83.25,250,8132.37,35462.00,510,1.0000,3.0000,0,200,0,600,0.000000,0.050000,487,0.00,66.00,0.00,66.00,0.00,0.00,0.00,0.00,0
NDX100,PERIOD_H1,15,0,15:00,60,BREAKOUT,2.00,0.10,250,3.00,1.2087,144,1694,0.066289,525,37,0.070476,487,233,47.84,2522.73,23127.90,-20605.17,1.12,14.50,2.02,185.88,185.75,250,8132.37,35462.00,510,1.0000,3.0000,0,200,0,600,0.000000,0.050000,487,0.00,144.00,0.00,144.00,0.00,0.00,0.00,0.00,0
NDX100,PERIOD_H1,15,0,15:00,60,BREAKOUT,2.00,0.10,86,2.00,1.0487,178,639,0.022883,502,12,0.023904,488,227,46.52,1391.14,21211.31,-19820.17,1.07,11.60,1.15,185.84,187.74,250,8132.37,35462.00,510,1.0000,3.0000,0,200,0,600,0.000000,0.050000,488,0.00,178.00,0.00,178.00,0.00,0.00,0.00,0.00,0
NDX100,PERIOD_H1,15,0,15:00,60,BREAKOUT,2.00,0.10,256,1.00,1.0533,41,127,0.003450,491,1,0.002037,488,235,48.16,3100.95,24614.06,-21513.11,1.14,15.91,2.36,186.40,51.67,250,8132.37,35462.00,510,1.0000,3.0000,0,200,0,600,0.000000,0.050000,488,0.00,41.00,0.00,41.00,0.00,0.00,0.00,0.00,0
NDX100,PERIOD_H1,15,0,15:00,60,BREAKOUT,2.00,0.10,416,3.00,1.3411,414,791,0.056566,513,27,0.052632,485,232,47.84,2677.33,22128.58,-19451.25,1.14,13.79,2.16,185.80,482.21,250,8132.37,35462.00,510,1.0000,3.0000,0,200,0,600,0.000000,0.050000,485,0.00,414.00,0.00,414.00,0.00,0.00,0.00,0.00,0
NDX100,PERIOD_H1,15,0,15:00,60,BREAKOUT,2.00,0.10,254,1.50,1.0927,165,109,0.045022,510,20,0.039216,488,231,47.34,2130.54,22312.80,-20182.26,1.11,14.00,1.71,185.81,183.54,250,8132.37,35462.00,510,1.0000,3.0000,0,200,0,600,0.000000,0.050000,488,0.00,165.00,0.00,165.00,0.00,0.00,0.00,0.00,0
NDX100,PERIOD_H1,15,0,15:00,60,BREAKOUT,2.00,0.10,418,1.50,1.1499,104,477,0.002577,490,0,0.000000,488,232,47.54,2850.80,23774.62,-20923.82,1.14,12.62,2.20,185.85,133.97,250,8132.37,35462.00,510,1.0000,3.0000,0,200,0,600,0.000000,0.050000,488,0.00,104.00,0.00,104.00,0.00,0.00,0.00,0.00,0
NDX100,PERIOD_H1,15,0,15:00,60,BREAKOUT,2.00,0.10,415,2.50,1.2763,181,1341,0.083132,532,43,0.080827,487,223,45.79,567.53,19609.32,-19041.79,1.03,13.03,0.51,185.83,236.27,250,8132.37,35462.00,510,1.0000,3.0000,0,200,0,600,0.000000,0.050000,487,0.00,181.00,0.00,181.00,0.00,0.00,0.00,0.00,0
NDX100,PERIOD_H1,15,0,15:00,60,BREAKOUT,2.00,0.10,85,3.00,1.0772,70,1778,0.049446,510,20,0.039216,488,223,45.70,2124.77,22595.90,-20471.13,1.10,13.96,1.72,185.99,85.43,250,8132.37,35462.00,510,1.0000,3.0000,0,200,0,600,0.000000,0.050000,488,0.00,70.00,0.00,70.00,0.00,0.00,0.00,0.00,0
NDX100,PERIOD_H1,15,0,15:00,60,BREAKOUT,2.00,0.10,91,1.00,1.0204,17,155,0.045030,513,25,0.048733,486,228,46.91,2495.78,23777.11,-21281.33,1.12,16.56,1.98,186.48,21.09,250,8132.37,35462.00,510,1.0000,3.0000,0,200,0,600,0.000000,0.050000,486,0.00,17.00,0.00,17.00,0.00,0.00,0.00,0.00,0
NDX100,PERIOD_H1,15,0,15:00,60,BREAKOUT,2.00,0.10,89,1.50,1.0351,129,152,0.032392,513,25,0.048733,486,233,47.94,2901.52,23829.84,-20928.32,1.14,14.99,2.26,186.17,136.03,250,8132.37,35462.00,510,1.0000,3.0000,0,200,0,600,0.000000,0.050000,486,0.00,129.00,0.00,129.00,0.00,0.00,0.00,0.00,0
NDX100,PERIOD_H1,15,0,15:00,60,BREAKOUT,2.00,0.10,252,2.50,1.1708,448,47,0.013160,491,4,0.008147,487,231,47.43,1137.79,20949.72,-19811.93,1.06,17.23,0.96,185.87,482.16,250,8132.37,35462.00,510,1.0000,3.0000,0,200,0,600,0.000000,0.050000,487,0.00,448.00,0.00,448.00,0.00,0.00,0.00,0.00,0
NDX100,PERIOD_H1,15,0,15:00,60,BREAKOUT,2.00,0.10,253,2.00,1.1318,89,692,0.086596,540,50,0.092593,488,228,46.72,2952.13,23369.69,-20417.56,1.14,12.10,2.30,185.69,115.37,250,8132.37,35462.00,510,1.0000,3.0000,0,200,0,600,0.000000,0.050000,488,0.00,89.00,0.00,89.00,0.00,0.00,0.00,0.00,0
NDX100,PERIOD_H1,15,0,15:00,60,BREAKOUT,2.00,0.10,85,2.50,1.0627,58,1482,0.049446,510,20,0.039216,488,224,45.90,1863.91,22179.76,-20315.85,1.09,14.01,1.52,185.78,70.54,250,8132.37,35462.00,510,1.0000,3.0000,0,200,0,600,0.000000,0.050000,488,0.00,58.00,0.00,58.00,0.00,0.00,0.00,0.00,0
NDX100,PERIOD_H1,15,0,15:00,60,BREAKOUT,2.00,0.10,420,2.00,1.2152,1,744,0.050307,510,21,0.041176,487,234,48.05,2261.19,22653.52,-20392.33,1.11,13.02,1.81,185.99,44.03,250,8132.37,35462.00,510,1.0000,3.0000,0,200,0,600,0.000000,0.050000,487,0.00,1.00,0.00,1.00,0.00,0.00,0.00,0.00,0
NDX100,PERIOD_H1,15,0,15:00,60,BREAKOUT,2.00,0.10,422,1.00,1.0864,132,426,0.048590,510,25,0.049020,484,232,47.93,2867.45,23680.07,-20812.62,1.14,12.25,2.23,186.24,149.29,250,8132.37,35462.00,510,1.0000,3.0000,0,200,0,600,0.000000,0.050000,484,0.00,132.00,0.00,132.00,0.00,0.00,0.00,0.00,0
NDX100,PERIOD_H1,15,0,15:00,60,BREAKOUT,2.00,0.10,251,3.00,1.2095,340,875,0.039723,509,25,0.049116,482,230,47.72,1581.36,21068.89,-19487.53,1.08,17.54,1.33,185.89,377.29,250,8132.37,35462.00,510,1.0000,3.0000,0,200,0,600,0.000000,0.050000,482,0.00,340.00,0.00,340.00,0.00,0.00,0.00,0.00,0
NDX100,PERIOD_H1,15,0,15:00,60,BREAKOUT,2.00,0.10,87,2.00,1.0491,309,94,0.096319,530,45,0.084906,483,229,47.41,2293.58,21843.09,-19549.51,1.12,14.46,1.82,185.82,317.75,250,8132.37,35462.00,510,1.0000,3.0000,0,200,0,600,0.000000,0.050000,483,0.00,309.00,0.00,309.00,0.00,0.00,0.00,0.00,0
NDX100,PERIOD_H1,15,0,15:00,60,BREAKOUT,2.00,0.10,257,1.00,1.0535,107,454,0.040168,510,21,0.041176,487,230,47.23,1973.65,22240.77,-20267.12,1.10,13.91,1.61,185.72,117.71,250,8132.37,35462.00,510,1.0000,3.0000,0,200,0,600,0.000000,0.050000,487,0.00,107.00,0.00,107.00,0.00,0.00,0.00,0.00,0
NDX100,PERIOD_H1,15,0,15:00,60,BREAKOUT,2.00,0.10,416,2.50,1.2771,345,659,0.056566,514,27,0.052529,485,234,48.25,3080.89,22781.92,-19701.03,1.16,13.64,2.43,185.92,400.42,250,8132.37,35462.00,510,1.0000,3.0000,0,200,0,600,0.000000,0.050000,485,0.00,345.00,0.00,345.00,0.00,0.00,0.00,0.00,0
NDX100,PERIOD_H1,15,0,15:00,60,BREAKOUT,2.00,0.10,417,3.00,1.3418,11,1772,0.030000,505,16,0.031683,487,232,47.64,2796.73,23915.39,-21118.66,1.13,13.38,2.19,186.12,79.36,250,8132.37,35462.00,510,1.0000,3.0000,0,200,0,600,0.000000,0.050000,487,0.00,11.00,0.00,11.00,0.00,0.00,0.00,0.00,0
NDX100,PERIOD_H1,15,0,15:00,60,BREAKOUT,2.00,0.10,255,1.50,1.0930,264,600,0.025100,504,16,0.031746,486,234,48.15,2475.01,22465.90,-19990.89,1.12,11.93,1.97,185.85,282.61,250,8132.37,35462.00,510,1.0000,3.0000,0,200,0,600,0.000000,0.050000,486,0.00,264.00,0.00,264.00,0.00,0.00,0.00,0.00,0
NDX100,PERIOD_H1,15,0,15:00,60,BREAKOUT,2.00,0.10,86,3.00,1.0779,267,959,0.022883,500,12,0.024000,486,227,46.71,1094.28,20684.38,-19590.10,1.06,15.14,0.92,186.19,282.58,250,8132.37,35462.00,510,1.0000,3.0000,0,200,0,600,0.000000,0.050000,486,0.00,267.00,0.00,267.00,0.00,0.00,0.00,0.00,0
NDX100,PERIOD_H1,15,0,15:00,60,BREAKOUT,2.00,0.10,92,1.00,1.0207,83,482,0.031747,509,20,0.039293,487,232,47.64,2364.55,22312.89,-19948.34,1.12,13.63,1.87,185.71,87.14,250,8132.37,35462.00,510,1.0000,3.0000,0,200,0,600,0.000000,0.050000,487,0.00,83.00,0.00,83.00,0.00,0.00,0.00,0.00,0
NDX100,PERIOD_H1,15,0,15:00,60,BREAKOUT,2.00,0.10,419,1.50,1.1502,202,67,0.057655,511,21,0.041096,489,231,47.24,1975.82,22182.44,-20206.62,1.10,15.45,1.58,185.84,232.04,250,8132.37,35462.00,510,1.0000,3.0000,0,200,0,600,0.000000,0.050000,489,0.00,202.00,0.00,202.00,0.00,0.00,0.00,0.00,0
NDX100,PERIOD_H1,15,0,15:00,60,BREAKOUT,2.00,0.10,90,1.50,1.0355,227,642,0.012468,494,6,0.012146,486,230,47.33,2357.98,22776.53,-20418.55,1.12,12.34,1.88,186.47,234.09,250,8132.37,35462.00,510,1.0000,3.0000,0,200,0,600,0.000000,0.050000,486,0.00,227.00,0.00,227.00,0.00,0.00,0.00,0.00,0
NDX100,PERIOD_H1,15,0,15:00,60,BREAKOUT,2.00,0.10,253,2.50,1.1714,112,865,0.086596,539,49,0.090909,488,228,46.72,2887.68,23270.97,-20383.29,1.14,12.33,2.27,186.04,146.28,250,8132.37,35462.00,510,1.0000,3.0000,0,200,0,600,0.000000,0.050000,488,0.00,112.00,0.00,112.00,0.00,0.00,0.00,0.00,0
NDX100,PERIOD_H1,15,0,15:00,60,BREAKOUT,2.00,0.10,254,2.00,1.1325,221,146,0.060030,514,25,0.048638,487,232,47.64,2329.68,22210.96,-19881.28,1.12,16.52,1.88,186.17,247.49,250,8132.37,35462.00,510,1.0000,3.0000,0,200,0,600,0.000000,0.050000,487,0.00,221.00,0.00,221.00,0.00,0.00,0.00,0.00,0
NDX100,PERIOD_H1,15,0,15:00,60,BREAKOUT,2.00,0.10,86,2.50,1.0633,222,799,0.022883,501,12,0.023952,487,227,46.61,1329.91,21134.29,-19804.38,1.07,12.61,1.10,185.77,234.66,250,8132.37,35462.00,510,1.0000,3.0000,0,200,0,600,0.000000,0.050000,487,0.00,222.00,0.00,222.00,0.00,0.00,0.00,0.00,0
NDX100,PERIOD_H1,15,0,15:00,60,BREAKOUT,2.00,0.10,421,2.00,1.2156,132,198,0.023743,501,12,0.023952,487,235,48.25,2816.43,23583.50,-20767.07,1.14,14.86,2.17,186.42,175.12,250,8132.37,35462.00,510,1.0000,3.0000,0,200,0,600,0.000000,0.050000,487,0.00,132.00,0.00,132.00,0.00,0.00,0.00,0.00,0
NDX100,PERIOD_H1,15,0,15:00,60,BREAKOUT,2.00,0.10,423,1.00,1.0866,197,153,0.035307,507,17,0.033531,488,233,47.75,2809.53,23306.27,-20496.74,1.14,13.25,2.19,186.22,214.32,250,8132.37,35462.00,510,1.0000,3.0000,0,200,0,600,0.000000,0.050000,488,0.00,197.00,0.00,197.00,0.00,0.00,0.00,0.00,0
NDX100,PERIOD_H1,15,0,15:00,60,BREAKOUT,2.00,0.10,88,2.00,1.0496,40,748,0.069753,525,37,0.070476,486,229,47.12,3058.41,23884.91,-20826.50,1.15,13.41,2.40,185.87,49.92,250,8132.37,35462.00,510,1.0000,3.0000,0,200,0,600,0.000000,0.050000,486,0.00,40.00,0.00,40.00,0.00,0.00,0.00,0.00,0
NDX100,PERIOD_H1,15,0,15:00,60,BREAKOUT,2.00,0.10,252,3.00,1.2102,537,56,0.013160,488,4,0.008197,484,231,47.73,949.04,20476.79,-19527.75,1.05,17.16,0.81,186.11,579.04,250,8132.37,35462.00,510,1.0000,3.0000,0,200,0,600,0.000000,0.050000,484,0.00,537.00,0.00,537.00,0.00,0.00,0.00,0.00,0
NDX100,PERIOD_H1,15,0,15:00,60,BREAKOUT,2.00,0.10,258,1.00,1.0538,173,181,0.026887,511,21,0.041096,488,235,48.16,2726.46,22759.81,-20033.35,1.14,14.06,2.16,186.62,183.75,250,8132.37,35462.00,510,1.0000,3.0000,0,200,0,600,0.000000,0.050000,488,0.00,173.00,0.00,173.00,0.00,0.00,0.00,0.00,0
NDX100,PERIOD_H1,15,0,15:00,60,BREAKOUT,2.00,0.10,417,2.50,1.2777,9,1477,0.030000,505,16,0.031683,487,233,47.84,2759.46,23784.86,-21025.40,1.13,13.16,2.15,185.85,64.54,250,8132.37,35462.00,510,1.0000,3.0000,0,200,0,600,0.000000,0.050000,487,0.00,9.00,0.00,9.00,0.00,0.00,0.00,0.00,0
NDX100,PERIOD_H1,15,0,15:00,60,BREAKOUT,2.00,0.10,418,3.00,1.3425,208,954,0.003436,489,0,0.000000,487,232,47.64,2111.08,22330.47,-20219.39,1.10,12.80,1.70,186.26,276.51,250,8132.37,35462.00,510,1.0000,3.0000,0,200,0,600,0.000000,0.050000,487,0.00,208.00,0.00,208.00,0.00,0.00,0.00,0.00,0
NDX100,PERIOD_H1,15,0,15:00,60,BREAKOUT,2.00,0.10,87,3.00,1.0786,464,140,0.096319,526,42,0.079848,483,229,47.41,2456.44,21668.90,-19212.46,1.13,13.91,1.98,186.11,477.99,250,8132.37,35462.00,510,1.0000,3.0000,0,200,0,600,0.000000,0.050000,483,0.00,464.00,0.00,464.00,0.00,0.00,0.00,0.00,0
NDX100,PERIOD_H1,15,0,15:00,60,BREAKOUT,2.00,0.10,256,1.50,1.0934,62,191,0.005175,491,1,0.002037,488,235,48.16,3078.56,24545.07,-21466.51,1.14,15.87,2.35,186.60,80.67,250,8132.37,35462.00,510,1.0000,3.0000,0,200,0,600,0.000000,0.050000,488,0.00,62.00,0.00,62.00,0.00,0.00,0.00,0.00,0
NDX100,PERIOD_H1,15,0,15:00,60,BREAKOUT,2.00,0.10,420,1.50,1.1506,1,558,0.037730,505,16,0.031683,487,234,48.05,2945.76,23985.10,-21039.34,1.14,12.98,2.28,185.85,31.12,250,8132.37,35462.00,510,1.0000,3.0000,0,200,0,600,0.000000,0.050000,487,0.00,1.00,0.00,1.00,0.00,0.00,0.00,0.00,0
NDX100,PERIOD_H1,15,0,15:00,60,BREAKOUT,2.00,0.10,93,1.00,1.0209,148,209,0.018465,493,3,0.006085,488,235,48.16,2976.15,24206.73,-21230.58,1.14,15.06,2.29,186.24,152.17,250,8132.37,35462.00,510,1.0000,3.0000,0,200,0,600,0.000000,0.050000,488,0.00,148.00,0.00,148.00,0.00,0.00,0.00,0.00,0
NDX100,PERIOD_H1,15,0,15:00,60,BREAKOUT,2.00,0.10,254,2.50,1.1722,276,182,0.060030,512,24,0.046875,486,233,47.94,2484.14,22307.52,-19823.38,1.13,16.24,1.99,186.67,310.44,250,8132.37,35462.00,510,1.0000,3.0000,0,200,0,600,0.000000,0.050000,486,0.00,276.00,0.00,276.00,0.00,0.00,0.00,0.00,0
NDX100,PERIOD_H1,15,0,15:00,60,BREAKOUT,2.00,0.10,91,1.50,1.0358,25,233,0.067545,525,37,0.070476,486,230,47.33,2151.88,23224.83,-21072.95,1.10,16.43,1.74,186.39,32.16,250,8132.37,35462.00,510,1.0000,3.0000,0,200,0,600,0.000000,0.050000,486,0.00,25.00,0.00,25.00,0.00,0.00,0.00,0.00,0
NDX100,PERIOD_H1,15,0,15:00,60,BREAKOUT,2.00,0.10,255,2.00,1.1329,352,800,0.033467,505,17,0.033663,486,232,47.74,1900.30,21497.23,-19596.93,1.10,14.25,1.57,185.87,378.58,250,8132.37,35462.00,510,1.0000,3.0000,0,200,0,600,0.000000,0.050000,486,0.00,352.00,0.00,352.00,0.00,0.00,0.00,0.00,0
NDX100,PERIOD_H1,15,0,15:00,60,BREAKOUT,2.00,0.10,87,2.50,1.0639,386,117,0.096319,528,43,0.081439,483,230,47.62,2393.27,21854.73,-19461.46,1.12,13.36,1.91,185.80,397.37,250,8132.37,35462.00,510,1.0000,3.0000,0,200,0,600,0.000000,0.050000,483,0.00,386.00,0.00,386.00,0.00,0.00,0.00,0.00,0
NDX100,PERIOD_H1,15,0,15:00,60,BREAKOUT,2.00,0.10,422,2.00,1.2161,263,852,0.097180,538,56,0.104089,481,233,48.44,2575.67,22055.67,-19480.00,1.13,12.42,2.07,186.04,306.21,250,8132.37,35462.00,510,1.0000,3.0000,0,200,0,600,0.000000,0.050000,481,0.00,263.00,0.00,263.00,0.00,0.00,0.00,0.00,0
NDX100,PERIOD_H1,15,0,15:00,60,BREAKOUT,2.00,0.10,424,1.00,1.0869,63,480,0.022025,497,8,0.016097,487,230,47.23,2873.27,23742.58,-20869.31,1.14,12.65,2.22,185.94,80.37,250,8132.37,35462.00,510,1.0000,3.0000,0,200,0,600,0.000000,0.050000,487,0.00,63.00,0.00,63.00,0.00,0.00,0.00,0.00,0
NDX100,PERIOD_H1,15,0,15:00,60,BREAKOUT,2.00,0.10,253,3.00,1.2109,134,1038,0.086596,539,49,0.090909,488,227,46.52,2743.39,23024.34,-20280.95,1.14,12.15,2.17,185.80,176.19,250,8132.37,35462.00,510,1.0000,3.0000,0,200,0,600,0.000000,0.050000,488,0.00,134.00,0.00,134.00,0.00,0.00,0.00,0.00,0
NDX100,PERIOD_H1,15,0,15:00,60,BREAKOUT,2.00,0.10,89,2.00,1.0502,172,202,0.043190,517,30,0.058027,485,232,47.84,2812.84,23192.16,-20379.32,1.14,12.84,2.21,186.21,182.04,250,8132.37,35462.00,510,1.0000,3.0000,0,200,0,600,0.000000,0.050000,485,0.00,172.00,0.00,172.00,0.00,0.00,0.00,0.00,0
NDX100,PERIOD_H1,15,0,15:00,60,BREAKOUT,2.00,0.10,259,1.00,1.0540,38,508,0.013604,498,9,0.018072,487,234,48.05,3459.48,24796.33,-21336.85,1.16,13.79,2.59,185.96,48.79,250,8132.37,35462.00,510,1.0000,3.0000,0,200,0,600,0.000000,0.050000,487,0.00,38.00,0.00,38.00,0.00,0.00,0.00,0.00,0
NDX100,PERIOD_H1,15,0,15:00,60,BREAKOUT,2.00,0.10,418,2.50,1.2783,173,795,0.003436,490,0,0.000000,488,231,47.34,2240.70,22550.02,-20309.32,1.11,11.69,1.79,185.76,228.66,250,8132.37,35462.00,510,1.0000,3.0000,0,200,0,600,0.000000,0.050000,488,0.00,173.00,0.00,173.00,0.00,0.00,0.00,0.00,0
NDX100,PERIOD_H1,15,0,15:00,60,BREAKOUT,2.00,0.10,88,3.00,1.0793,61,1122,0.069753,525,37,0.070476,486,228,46.91,3000.70,23853.26,-20852.56,1.14,13.52,2.38,186.02,76.87,250,8132.37,35462.00,510,1.0000,3.0000,0,200,0,600,0.000000,0.050000,486,0.00,61.00,0.00,61.00,0.00,0.00,0.00,0.00,0
NDX100,PERIOD_H1,15,0,15:00,60,BREAKOUT,2.00,0.10,419,3.00,1.3433,404,135,0.076873,514,28,0.054475,485,232,47.84,1814.05,21245.56,-19431.51,1.09,15.46,1.51,186.33,472.65,250,8132.37,35462.00,510,1.0000,3.0000,0,200,0,600,0.000000,0.050000,485,0.00,404.00,0.00,404.00,0.00,0.00,0.00,0.00,0
NDX100,PERIOD_H1,15,0,15:00,60,BREAKOUT,2.00,0.10,257,1.50,1.0937,161,681,0.060253,526,38,0.072243,486,230,47.33,1242.69,20818.45,-19575.76,1.06,13.14,1.06,185.61,179.74,250,8132.37,35462.00,510,1.0000,3.0000,0,200,0,600,0.000000,0.050000,486,0.00,161.00,0.00,161.00,0.00,0.00,0.00,0.00,0
NDX100,PERIOD_H1,15,0,15:00,60,BREAKOUT,2.00,0.10,421,1.50,1.1509,99,149,0.017808,498,9,0.018072,487,235,48.25,3016.99,23957.11,-20940.12,1.14,15.02,2.31,186.42,129.19,250,8132.37,35462.00,510,1.0000,3.0000,0,200,0,600,0.000000,0.050000,487,0.00,99.00,0.00,99.00,0.00,0.00,0.00,0.00,0
NDX100,PERIOD_H1,15,0,15:00,60,BREAKOUT,2.00,0.10,94,1.00,1.0211,14,537,0.005182,493,3,0.006085,488,233,47.75,3303.38,24613.65,-21310.27,1.16,13.61,2.48,185.78,18.21,250,8132.37,35462.00,510,1.0000,3.0000,0,200,0,600,0.000000,0.050000,488,0.00,14.00,0.00,14.00,0.00,0.00,0.00,0.00,0
NDX100,PERIOD_H1,15,0,15:00,60,BREAKOUT,2.00,0.10,255,2.50,1.1728,440,1000,0.033467,504,17,0.033730,486,229,47.12,1336.81,20561.99,-19225.18,1.07,16.32,1.14,186.32,474.56,250,8132.37,35462.00,510,1.0000,3.0000,0,200,0,600,0.000000,0.050000,486,0.00,440.00,0.00,440.00,0.00,0.00,0.00,0.00,0
NDX100,PERIOD_H1,15,0,15:00,60,BREAKOUT,2.00,0.10,92,1.50,1.0362,124,724,0.047620,517,29,0.056093,486,231,47.53,2405.33,22096.05,-19690.72,1.12,12.61,1.92,185.65,131.24,250,8132.37,35462.00,510,1.0000,3.0000,0,200,0,600,0.000000,0.050000,486,0.00,124.00,0.00,124.00,0.00,0.00,0.00,0.00,0
NDX100,PERIOD_H1,15,0,15:00,60,BREAKOUT,2.00,0.10,256,2.00,1.1334,83,254,0.006900,492,2,0.004065,488,234,47.95,2863.25,23970.94,-21107.69,1.14,15.55,2.20,186.47,109.67,250,8132.37,35462.00,510,1.0000,3.0000,0,200,0,600,0.000000,0.050000,488,0.00,83.00,0.00,83.00,0.00,0.00,0.00,0.00,0
NDX100,PERIOD_H1,15,0,15:00,60,BREAKOUT,2.00,0.10,88,2.50,1.0645,50,935,0.069753,525,37,0.070476,486,229,47.12,2983.81,23789.28,-20805.47,1.14,13.68,2.36,185.97,62.89,250,8132.37,35462.00,510,1.0000,3.0000,0,200,0,600,0.000000,0.050000,486,0.00,50.00,0.00,50.00,0.00,0.00,0.00,0.00,0
NDX100,PERIOD_H1,15,0,15:00,60,BREAKOUT,2.00,0.10,423,2.00,1.2165,394,307,0.070614,526,39,0.074144,485,231,47.63,1837.97,21427.16,-19589.19,1.09,15.18,1.54,186.37,437.31,250,8132.37,35462.00,510,1.0000,3.0000,0,200,0,600,0.000000,0.050000,485,0.00,394.00,0.00,394.00,0.00,0.00,0.00,0.00,0
NDX100,PERIOD_H1,15,0,15:00,60,BREAKOUT,2.00,0.10,254,3.00,1.2119,331,219,0.060030,511,23,0.045010,486,232,47.74,2226.64,21905.75,-19679.11,1.11,17.34,1.81,186.33,373.38,250,8132.37,35462.00,510,1.0000,3.0000,0,200,0,600,0.000000,0.050000,486,0.00,331.00,0.00,331.00,0.00,0.00,0.00,0.00,0
NDX100,PERIOD_H1,15,0,15:00,60,BREAKOUT,2.00,0.10,425,1.00,1.0870,128,208,0.008742,490,1,0.002041,487,235,48.25,3061.09,24289.17,-21228.08,1.14,15.20,2.34,186.38,145.41,250,8132.37,35462.00,510,1.0000,3.0000,0,200,0,600,0.000000,0.050000,487,0.00,128.00,0.00,128.00,0.00,0.00,0.00,0.00,0
NDX100,PERIOD_H1,15,0,15:00,60,BREAKOUT,2.00,0.10,90,2.00,1.0507,303,856,0.016623,495,8,0.016162,485,231,47.63,1899.89,21920.36,-20020.47,1.09,14.34,1.55,186.00,313.13,250,8132.37,35462.00,510,1.0000,3.0000,0,200,0,600,0.000000,0.050000,485,0.00,303.00,0.00,303.00,0.00,0.00,0.00,0.00,0
NDX100,PERIOD_H1,15,0,15:00,60,BREAKOUT,2.00,0.10,260,1.00,1.0541,104,236,0.000320,490,0,0.000000,488,234,47.95,2919.87,24113.19,-21193.32,1.14,15.66,2.24,186.33,114.83,250,8132.37,35462.00,510,1.0000,3.0000,0,200,0,600,0.000000,0.050000,488,0.00,104.00,0.00,104.00,0.00,0.00,0.00,0.00,0
NDX100,PERIOD_H1,15,0,15:00,60,BREAKOUT,2.00,0.10,419,2.50,1.2789,337,112,0.076873,516,29,0.056202,485,232,47.84,1365.15,20973.51,-19608.36,1.07,15.46,1.15,185.98,392.78,250,8132.37,35462.00,510,1.0000,3.0000,0,200,0,600,0.000000,0.050000,485,0.00,337.00,0.00,337.00,0.00,0.00,0.00,0.00,0
NDX100,PERIOD_H1,15,0,15:00,60,BREAKOUT,2.00,0.10,89,3.00,1.0803,257,303,0.043190,517,31,0.059961,484,233,48.14,2869.07,23013.59,-20144.52,1.14,11.15,2.26,186.11,273.06,250,8132.37,35462.00,510,1.0000,3.0000,0,200,0,600,0.000000,0.050000,484,0.00,257.00,0.00,257.00,0.00,0.00,0.00,0.00,0
NDX100,PERIOD_H1,15,0,15:00,60,BREAKOUT,2.00,0.10,420,3.00,1.3442,1,1116,0.050307,510,21,0.041176,487,233,47.84,2200.31,22501.50,-20301.19,1.11,13.25,1.78,186.17,69.85,250,8132.37,35462.00,510,1.0000,3.0000,0,200,0,600,0.000000,0.050000,487,0.00,1.00,0.00,1.00,0.00,0.00,0.00,0.00,0
NDX100,PERIOD_H1,15,0,15:00,60,BREAKOUT,2.00,0.10,95,1.00,1.0212,79,264,0.041900,509,19,0.037328,488,230,47.13,2670.97,24049.95,-21378.98,1.12,16.01,2.08,186.31,83.25,250,8132.37,35462.00,510,1.0000,3.0000,0,200,0,600,0.000000,0.050000,488,0.00,79.00,0.00,79.00,0.00,0.00,0.00,0.00,0
NDX100,PERIOD_H1,15,0,15:00,60,BREAKOUT,2.00,0.10,258,1.50,1.0941,259,272,0.040330,520,31,0.059615,487,234,48.05,2409.08,22079.69,-19670.61,1.12,14.44,1.95,186.51,277.82,250,8132.37,35462.00,510,1.0000,3.0000,0,200,0,600,0.000000,0.050000,487,0.00,259.00,0.00,259.00,0.00,0.00,0.00,0.00,0
NDX100,PERIOD_H1,15,0,15:00,60,BREAKOUT,2.00,0.10,422,1.50,1.1512,197,639,0.072885,525,41,0.078095,483,232,48.03,2714.22,22722.64,-20008.42,1.14,12.04,2.16,186.10,227.25,250,8132.37,35462.00,510,1.0000,3.0000,0,200,0,600,0.000000,0.050000,483,0.00,197.00,0.00,197.00,0.00,0.00,0.00,0.00,0
NDX100,PERIOD_H1,15,0,15:00,60,BREAKOUT,2.00,0.10,256,2.50,1.1734,104,318,0.006900,492,2,0.004065,488,234,47.95,2864.22,23874.76,-21010.54,1.14,14.97,2.20,186.40,138.68,250,8132.37,35462.00,510,1.0000,3.0000,0,200,0,600,0.000000,0.050000,488,0.00,104.00,0.00,104.00,0.00,0.00,0.00,0.00,0
NDX100,PERIOD_H1,15,0,15:00,60,BREAKOUT,2.00,0.10,93,1.50,1.0365,222,314,0.027698,497,8,0.016097,487,232,47.64,2242.18,22597.52,-20355.34,1.11,14.87,1.79,186.66,229.31,250,8132.37,35462.00,510,1.0000,3.0000,0,200,0,600,0.000000,0.050000,487,0.00,222.00,0.00,222.00,0.00,0.00,0.00,0.00,0
NDX100,PERIOD_H1,15,0,15:00,60,BREAKOUT,2.00,0.10,257,2.00,1.1338,214,909,0.080337,541,54,0.099815,485,230,47.42,678.44,19172.49,-18494.05,1.04,15.25,0.60,185.98,240.76,250,8132.37,35462.00,510,1.0000,3.0000,0,200,0,600,0.000000,0.050000,485,0.00,214.00,0.00,214.00,0.00,0.00,0.00,0.00,0
NDX100,PERIOD_H1,15,0,15:00,60,BREAKOUT,2.00,0.10,89,2.50,1.0653,214,253,0.043190,517,30,0.058027,485,231,47.63,2714.87,23052.00,-20337.13,1.13,13.26,2.14,186.13,227.05,250,8132.37,35462.00,510,1.0000,3.0000,0,200,0,600,0.000000,0.050000,485,0.00,214.00,0.00,214.00,0.00,0.00,0.00,0.00,0
NDX100,PERIOD_H1,15,0,15:00,60,BREAKOUT,2.00,0.10,424,2.00,1.2171,126,961,0.044050,506,18,0.035573,486,229,47.12,1971.83,22250.58,-20278.75,1.10,14.66,1.60,186.31,169.43,250,8132.37,35462.00,510,1.0000,3.0000,0,200,0,600,0.000000,0.050000,486,0.00,126.00,0.00,126.00,0.00,0.00,0.00,0.00,0
NDX100,PERIOD_H1,15,0,15:00,60,BREAKOUT,2.00,0.10,426,1.00,1.0872,194,535,0.045460,514,26,0.050584,486,230,47.33,2823.73,23294.16,-20470.43,1.14,12.24,2.24,185.78,211.44,250,8132.37,35462.00,510,1.0000,3.0000,0,200,0,600,0.000000,0.050000,486,0.00,194.00,0.00,194.00,0.00,0.00,0.00,0.00,0
NDX100,PERIOD_H1,15,0,15:00,60,BREAKOUT,2.00,0.10,255,3.00,1.2127,528,1200,0.033467,501,17,0.033932,484,230,47.52,1261.19,20439.41,-19178.22,1.07,14.32,1.08,186.33,570.53,250,8132.37,35462.00,510,1.0000,3.0000,0,200,0,600,0.000000,0.050000,484,0.00,528.00,0.00,528.00,0.00,0.00,0.00,0.00,0
NDX100,PERIOD_H1,15,0,15:00,60,BREAKOUT,2.00,0.10,91,2.00,1.0511,34,310,0.090060,537,51,0.094972,484,231,47.73,1762.20,22583.18,-20820.98,1.08,16.34,1.46,186.59,44.22,250,8132.37,35462.00,510,1.0000,3.0000,0,200,0,600,0.000000,0.050000,484,0.00,34.00,0.00,34.00,0.00,0.00,0.00,0.00,0
NDX100,PERIOD_H1,15,0,15:00,60,BREAKOUT,2.00,0.10,261,1.00,1.0543,170,563,0.037040,509,21,0.041257,486,234,48.15,2328.37,22676.74,-20348.37,1.11,13.68,1.87,185.91,180.86,250,8132.37,35462.00,510,1.0000,3.0000,0,200,0,600,0.000000,0.050000,486,0.00,170.00,0.00,170.00,0.00,0.00,0.00,0.00,0
NDX100,PERIOD_H1,15,0,15:00,60,BREAKOUT,2.00,0.10,420,2.50,1.2797,1,930,0.050307,510,21,0.041176,487,234,48.05,2269.03,22606.75,-20337.72,1.11,13.07,1.82,186.16,56.94,250,8132.37,35462.00,510,1.0000,3.0000,0,200,0,600,0.000000,0.050000,487,0.00,1.00,0.00,1.00,0.00,0.00,0.00,0.00,0
NDX100,PERIOD_H1,15,0,15:00,60,BREAKOUT,2.00,0.10,90,3.00,1.0811,454,1284,0.016623,494,9,0.018219,484,227,46.90,1398.54,21044.12,-19645.58,1.07,14.92,1.19,186.17,470.21,250,8132.37,35462.00,510,1.0000,3.0000,0,200,0,600,0.000000,0.050000,484,0.00,454.00,0.00,454.00,0.00,0.00,0.00,0.00,0
NDX100,PERIOD_H1,15,0,15:00,60,BREAKOUT,2.00,0.10,96,1.00,1.0215,145,591,0.028619,504,15,0.029762,487,231,47.43,2531.92,22780.19,-20248.27,1.13,12.33,2.01,185.98,149.30,250,8132.37,35462.00,510,1.0000,3.0000,0,200,0,600,0.000000,0.050000,487,0.00,145.00,0.00,145.00,0.00,0.00,0.00,0.00,0
NDX100,PERIOD_H1,15,0,15:00,60,BREAKOUT,2.00,0.10,259,1.50,1.0944,57,763,0.020405,504,17,0.033730,485,236,48.66,3655.80,25056.40,-21400.60,1.17,13.83,2.73,185.91,75.88,250,8132.37,35462.00,510,1.0000,3.0000,0,200,0,600,0.000000,0.050000,485,0.00,57.00,0.00,57.00,0.00,0.00,0.00,0.00,0
NDX100,PERIOD_H1,15,0,15:00,60,BREAKOUT,2.00,0.10,421,3.00,1.3450,198,297,0.023743,499,11,0.022044,486,234,48.15,2687.40,22964.63,-20277.23,1.13,13.57,2.09,186.44,267.00,250,8132.37,35462.00,510,1.0000,3.0000,0,200,0,600,0.000000,0.050000,486,0.00,198.00,0.00,198.00,0.00,0.00,0.00,0.00,0
NDX100,PERIOD_H1,15,0,15:00,60,BREAKOUT,2.00,0.10,423,1.50,1.1516,296,230,0.052960,517,30,0.058027,485,232,47.84,2377.09,22526.56,-20149.47,1.12,16.49,1.91,186.45,326.31,250,8132.37,35462.00,510,1.0000,3.0000,0,200,0,600,0.000000,0.050000,485,0.00,296.00,0.00,296.00,0.00,0.00,0.00,0.00,0
NDX100,PERIOD_H1,15,0,15:00,60,BREAKOUT,2.00,0.10,257,2.50,1.1740,268,1136,0.080337,540,53,0.098148,485,230,47.42,620.15,18969.10,-18348.95,1.03,15.25,0.56,186.13,302.79,250,8132.37,35462.00,510,1.0000,3.0000,0,200,0,600,0.000000,0.050000,485,0.00,268.00,0.00,268.00,0.00,0.00,0.00,0.00,0
NDX100,PERIOD_H1,15,0,15:00,60,BREAKOUT,2.00,0.10,94,1.50,1.0369,21,805,0.007773,494,4,0.008097,488,233,47.75,2978.53,24146.01,-21167.48,1.14,13.63,2.27,185.72,28.37,250,8132.37,35462.00,510,1.0000,3.0000,0,200,0,600,0.000000,0.050000,488,0.00,21.00,0.00,21.00,0.00,0.00,0.00,0.00,0
NDX100,PERIOD_H1,15,0,15:00,60,BREAKOUT,2.00,0.10,258,2.00,1.1344,345,363,0.053774,525,38,0.072381,485,232,47.84,2363.37,21742.77,-19379.40,1.12,13.57,1.94,186.20,371.89,250,8132.37,35462.00,510,1.0000,3.0000,0,200,0,600,0.000000,0.050000,485,0.00,345.00,0.00,345.00,0.00,0.00,0.00,0.00,0
NDX100,PERIOD_H1,15,0,15:00,60,BREAKOUT,2.00,0.10,90,2.50,1.0659,378,1070,0.016623,495,8,0.016162,485,229,47.22,1546.25,21366.46,-19820.21,1.08,15.43,1.30,185.90,391.17,250,8132.37,35462.00,510,1.0000,3.0000,0,200,0,600,0.000000,0.050000,485,0.00,378.00,0.00,378.00,0.00,0.00,0.00,0.00,0
NDX100,PERIOD_H1,15,0,15:00,60,BREAKOUT,2.00,0.10,425,2.00,1.2176,257,415,0.017484,494,7,0.014170,485,234,48.25,3074.45,23476.59,-20402.14,1.15,12.45,2.38,185.88,300.52,250,8132.37,35462.00,510,1.0000,3.0000,0,200,0,600,0.000000,0.050000,485,0.00,257.00,0.00,257.00,0.00,0.00,0.00,0.00,0
NDX100,PERIOD_H1,15,0,15:00,60,BREAKOUT,2.00,0.10,427,1.00,1.0875,60,262,0.032179,505,15,0.029703,488,235,48.16,3005.43,24840.42,-21834.99,1.14,16.15,2.31,186.48,77.49,250,8132.37,35462.00,510,1.0000,3.0000,0,200,0,600,0.000000,0.050000,488,0.00,60.00,0.00,60.00,0.00,0.00,0.00,0.00,0
NDX100,PERIOD_H1,15,0,15:00,60,BREAKOUT,2.00,0.10,256,3.00,1.2134,124,382,0.006900,492,2,0.004065,488,233,47.75,2961.25,24095.21,-21133.96,1.14,12.66,2.27,186.01,166.68,250,8132.37,35462.00,510,1.0000,3.0000,0,200,0,600,0.000000,0.050000,488,0.00,124.00,0.00,124.00,0.00,0.00,0.00,0.00,0
NDX100,PERIOD_H1,15,0,15:00,60,BREAKOUT,2.00,0.10,92,2.00,1.0517,165,965,0.063494,522,35,0.067050,485,229,47.22,1993.59,21378.64,-19385.05,1.10,14.51,1.63,186.12,175.35,250,8132.37,35462.00,510,1.0000,3.0000,0,200,0,600,0.000000,0.050000,485,0.00,165.00,0.00,165.00,0.00,0.00,0.00,0.00,0
NDX100,PERIOD_H1,15,0,15:00,60,BREAKOUT,2.00,0.10,262,1.00,1.0546,35,290,0.023757,496,6,0.012097,488,235,48.16,2881.93,24444.58,-21562.65,1.13,16.12,2.21,186.30,45.91,250,8132.37,35462.00,510,1.0000,3.0000,0,200,0,600,0.000000,0.050000,488,0.00,35.00,0.00,35.00,0.00,0.00,0.00,0.00,0
NDX100,PERIOD_H1,15,0,15:00,60,BREAKOUT,2.00,0.10,421,2.50,1.2803,165,248,0.023743,501,12,0.023952,487,233,47.84,2682.56,23015.95,-20333.39,1.13,13.58,2.08,186.47,221.06,250,8132.37,35462.00,510,1.0000,3.0000,0,200,0,600,0.000000,0.050000,487,0.00,165.00,0.00,165.00,0.00,0.00,0.00,0.00,0
NDX100,PERIOD_H1,15,0,15:00,60,BREAKOUT,2.00,0.10,91,3.00,1.0818,51,466,0.090060,536,50,0.093284,484,230,47.52,1814.06,22366.46,-20552.40,1.09,13.86,1.51,186.01,67.36,250,8132.37,35462.00,510,1.0000,3.0000,0,200,0,600,0.000000,0.050000,484,0.00,51.00,0.00,51.00,0.00,0.00,0.00,0.00,0
NDX100,PERIOD_H1,15,0,15:00,60,BREAKOUT,2.00,0.10,260,1.50,1.0947,156,353,0.000481,490,0,0.000000,488,233,47.75,3022.92,24330.95,-21308.03,1.14,15.23,2.31,186.02,174.95,250,8132.37,35462.00,510,1.0000,3.0000,0,200,0,600,0.000000,0.050000,488,0.00,156.00,0.00,156.00,0.00,0.00,0.00,0.00,0
NDX100,PERIOD_H1,15,0,15:00,60,BREAKOUT,2.00,0.10,97,1.00,1.0217,11,318,0.015336,497,7,0.014085,488,236,48.36,3413.55,25174.94,-21761.39,1.16,15.89,2.55,186.40,15.33,250,8132.37,35462.00,510,1.0000,3.0000,0,200,0,600,0.000000,0.050000,488,0.00,11.00,0.00,11.00,0.00,0.00,0.00,0.00,0
NDX100,PERIOD_H1,15,0,15:00,60,BREAKOUT,2.00,0.10,422,3.00,1.3457,395,1279,0.097180,535,53,0.099065,481,230,47.82,2181.78,21139.76,-18957.98,1.12,13.31,1.82,186.01,464.14,250,8132.37,35462.00,510,1.0000,3.0000,0,200,0,600,0.000000,0.050000,481,0.00,395.00,0.00,395.00,0.00,0.00,0.00,0.00,0
NDX100,PERIOD_H1,15,0,15:00,60,BREAKOUT,2.00,0.10,424,1.50,1.1520,94,721,0.033038,501,13,0.025948,486,230,47.33,2735.19,23284.89,-20549.70,1.13,11.75,2.13,185.93,124.40,250,8132.37,35462.00,510,1.0000,3.0000,0,200,0,600,0.000000,0.050000,486,0.00,94.00,0.00,94.00,0.00,0.00,0.00,0.00,0
NDX100,PERIOD_H1,15,0,15:00,60,BREAKOUT,2.00,0.10,258,2.50,1.1748,432,453,0.053774,524,38,0.072519,485,230,47.42,1824.35,20751.34,-18926.99,1.10,13.44,1.54,185.90,466.95,250,8132.37,35462.00,510,1.0000,3.0000,0,200,0,600,0.000000,0.050000,485,0.00,432.00,0.00,432.00,0.00,0.00,0.00,0.00,0
NDX100,PERIOD_H1,15,0,15:00,60,BREAKOUT,2.00,0.10,259,2.00,1.1349,77,1017,0.027207,506,20,0.039526,484,234,48.35,3306.49,24579.62,-21273.13,1.16,16.45,2.51,186.19,103.98,250,8132.37,35462.00,510,1.0000,3.0000,0,200,0,600,0.000000,0.050000,484,0.00,77.00,0.00,77.00,0.00,0.00,0.00,0.00,0
NDX100,PERIOD_H1,15,0,15:00,60,BREAKOUT,2.00,0.10,95,1.50,1.0372,119,395,0.062851,522,34,0.065134,487,229,47.02,2839.09,24081.02,-21241.93,1.13,12.53,2.21,185.62,126.43,250,8132.37,35462.00,510,1.0000,3.0000,0,200,0,600,0.000000,0.050000,487,0.00,119.00,0.00,119.00,0.00,0.00,0.00,0.00,0
NDX100,PERIOD_H1,15,0,15:00,60,BREAKOUT,2.00,0.10,91,2.50,1.0665,42,388,0.090060,537,51,0.094972,484,230,47.52,2007.42,22752.73,-20745.31,1.10,13.76,1.66,186.00,55.29,250,8132.37,35462.00,510,1.0000,3.0000,0,200,0,600,0.000000,0.050000,484,0.00,42.00,0.00,42.00,0.00,0.00,0.00,0.00,0
NDX100,PERIOD_H1,15,0,15:00,60,BREAKOUT,2.00,0.10,426,2.00,1.2181,388,1069,0.090921,528,43,0.081439,483,228,47.20,1325.81,20774.49,-19448.68,1.07,15.74,1.16,186.14,431.61,250,8132.37,35462.00,510,1.0000,3.0000,0,200,0,600,0.000000,0.050000,483,0.00,388.00,0.00,388.00,0.00,0.00,0.00,0.00,0
NDX100,PERIOD_H1,15,0,15:00,60,BREAKOUT,2.00,0.10,428,1.00,1.0876,125,589,0.018896,500,10,0.020000,488,231,47.34,3079.91,23886.23,-20806.32,1.15,12.59,2.36,185.88,142.53,250,8132.37,35462.00,510,1.0000,3.0000,0,200,0,600,0.000000,0.050000,488,0.00,125.00,0.00,125.00,0.00,0.00,0.00,0.00,0
NDX100,PERIOD_H1,15,0,15:00,60,BREAKOUT,2.00,0.10,257,3.00,1.2141,321,1363,0.080337,539,52,0.096475,485,228,47.01,297.80,18454.58,-18156.78,1.02,17.05,0.27,186.07,363.82,250,8132.37,35462.00,510,1.0000,3.0000,0,200,0,600,0.000000,0.050000,485,0.00,321.00,0.00,321.00,0.00,0.00,0.00,0.00,0
NDX100,PERIOD_H1,15,0,15:00,60,BREAKOUT,2.00,0.10,93,2.00,1.0522,296,419,0.036930,503,17,0.033797,484,232,47.93,2349.98,22486.74,-20136.76,1.12,12.63,1.89,186.02,306.44,250,8132.37,35462.00,510,1.0000,3.0000,0,200,0,600,0.000000,0.050000,484,0.00,296.00,0.00,296.00,0.00,0.00,0.00,0.00,0
NDX100,PERIOD_H1,15,0,15:00,60,BREAKOUT,2.00,0.10,263,1.00,1.0548,101,17,0.010474,497,8,0.016097,488,235,48.16,2943.52,24398.22,-21454.70,1.14,16.17,2.26,185.92,110.75,250,8132.37,35462.00,510,1.0000,3.0000,0,200,0,600,0.000000,0.050000,488,0.00,101.00,0.00,101.00,0.00,0.00,0.00,0.00,0
NDX100,PERIOD_H1,15,0,15:00,60,BREAKOUT,2.00,0.10,422,2.50,1.2809,329,1066,0.097180,537,55,0.102421,481,231,48.02,2133.70,21198.26,-19064.56,1.11,13.48,1.78,186.19,385.18,250,8132.37,35462.00,510,1.0000,3.0000,0,200,0,600,0.000000,0.050000,481,0.00,329.00,0.00,329.00,0.00,0.00,0.00,0.00,0
NDX100,PERIOD_H1,15,0,15:00,60,BREAKOUT,2.00,0.10,98,1.00,1.0219,76,45,0.002052,493,3,0.006085,489,234,47.85,2828.01,24464.94,-21636.93,1.13,16.01,2.17,185.81,80.37,250,8132.37,35462.00,510,1.0000,3.0000,0,200,0,600,0.000000,0.050000,489,0.00,76.00,0.00,76.00,0.00,0.00,0.00,0.00,0
NDX100,PERIOD_H1,15,0,15:00,60,BREAKOUT,2.00,0.10,92,3.00,1.0828,248,1447,0.063494,519,33,0.063584,484,229,47.31,1664.86,20603.99,-18939.13,1.09,13.17,1.40,186.05,264.55,250,8132.37,35462.00,510,1.0000,3.0000,0,200,0,600,0.000000,0.050000,484,0.00,248.00,0.00,248.00,0.00,0.00,0.00,0.00,0
NDX100,PERIOD_H1,15,0,15:00,60,BREAKOUT,2.00,0.10,261,1.50,1.0951,254,844,0.055560,523,36,0.068834,485,234,48.25,1720.76,21620.25,-19899.49,1.09,14.52,1.44,185.92,273.01,250,8132.37,35462.00,510,1.0000,3.0000,0,200,0,600,0.000000,0.050000,485,0.00,254.00,0.00,254.00,0.00,0.00,0.00,0.00,0
NDX100,PERIOD_H1,15,0,15:00,60,BREAKOUT,2.00,0.10,423,3.00,1.3464,592,460,0.070614,522,40,0.076628,482,228,47.30,1163.10,20013.70,-18850.60,1.06,12.87,1.02,185.93,661.29,250,8132.37,35462.00,510,1.0000,3.0000,0,200,0,600,0.000000,0.050000,482,0.00,592.00,0.00,592.00,0.00,0.00,0.00,0.00,0
NDX100,PERIOD_H1,15,0,15:00,60,BREAKOUT,2.00,0.10,425,1.50,1.1523,193,311,0.013113,494,5,0.010121,487,235,48.25,3051.67,23598.39,-20546.72,1.15,14.07,2.34,186.48,223.46,250,8132.37,35462.00,510,1.0000,3.0000,0,200,0,600,0.000000,0.050000,487,0.00,193.00,0.00,193.00,0.00,0.00,0.00,0.00,0
NDX100,PERIOD_H1,15,0,15:00,60,BREAKOUT,2.00,0.10,259,2.50,1.1754,96,1271,0.027207,505,19,0.037624,484,235,48.55,3852.26,25214.50,-21362.24,1.18,12.97,2.87,186.55,131.07,250,8132.37,35462.00,510,1.0000,3.0000,0,200,0,600,0.000000,0.050000,484,0.00,96.00,0.00,96.00,0.00,0.00,0.00,0.00,0
NDX100,PERIOD_H1,15,0,15:00,60,BREAKOUT,2.00,0.10,96,1.50,1.0376,218,886,0.042928,512,24,0.046875,486,227,46.71,1447.14,21065.98,-19618.84,1.07,13.13,1.22,186.20,225.52,250,8132.37,35462.00,510,1.0000,3.0000,0,200,0,600,0.000000,0.050000,486,0.00,218.00,0.00,218.00,0.00,0.00,0.00,0.00,0
NDX100,PERIOD_H1,15,0,15:00,60,BREAKOUT,2.00,0.10,260,2.00,1.1353,208,471,0.000641,489,0,0.000000,487,231,47.43,2385.40,22788.41,-20403.01,1.12,12.44,1.89,185.90,235.07,250,8132.37,35462.00,510,1.0000,3.0000,0,200,0,600,0.000000,0.050000,487,0.00,208.00,0.00,208.00,0.00,0.00,0.00,0.00,0
NDX100,PERIOD_H1,15,0,15:00,60,BREAKOUT,2.00,0.10,427,2.00,1.2187,119,524,0.064357,524,35,0.066794,487,232,47.64,2373.90,22936.64,-20562.74,1.12,12.05,1.92,185.63,162.73,250,8132.37,35462.00,510,1.0000,3.0000,0,200,0,600,0.000000,0.050000,487,0.00,119.00,0.00,119.00,0.00,0.00,0.00,0.00,0
NDX100,PERIOD_H1,15,0,15:00,60,BREAKOUT,2.00,0.10,92,2.50,1.0672,206,1206,0.063494,520,33,0.063462,485,228,47.01,1692.13,20587.26,-18895.13,1.09,12.22,1.41,185.96,219.45,250,8132.37,35462.00,510,1.0000,3.0000,0,200,0,600,0.000000,0.050000,485,0.00,206.00,0.00,206.00,0.00,0.00,0.00,0.00,0
NDX100,PERIOD_H1,15,0,15:00,60,BREAKOUT,2.00,0.10,429,1.00,1.0878,191,316,0.005612,491,1,0.002037,488,233,47.75,2692.77,23329.68,-20636.91,1.13,14.06,2.09,186.36,208.57,250,8132.37,35462.00,510,1.0000,3.0000,0,200,0,600,0.000000,0.050000,488,0.00,191.00,0.00,191.00,0.00,0.00,0.00,0.00,0
NDX100,PERIOD_H1,15,0,15:00,60,BREAKOUT,2.00,0.10,258,3.00,1.2151,518,544,0.053774,523,39,0.074570,484,228,47.11,1010.56,19532.02,-18521.46,1.05,15.51,0.89,185.99,561.02,250,8132.37,35462.00,510,1.0000,3.0000,0,200,0,600,0.000000,0.050000,484,0.00,518.00,0.00,518.00,0.00,0.00,0.00,0.00,0
NDX100,PERIOD_H1,15,0,15:00,60,BREAKOUT,2.00,0.10,264,1.00,1.0549,166,344,0.047192,516,27,0.052326,487,232,47.64,2571.01,23221.56,-20650.55,1.12,15.02,2.04,186.10,176.99,250,8132.37,35462.00,510,1.0000,3.0000,0,200,0,600,0.000000,0.050000,487,0.00,166.00,0.00,166.00,0.00,0.00,0.00,0.00,0
NDX100,PERIOD_H1,15,0,15:00,60,BREAKOUT,2.00,0.10,94,2.00,1.0526,28,1073,0.010364,494,4,0.008097,488,232,47.54,2905.72,23988.93,-21083.21,1.14,13.62,2.23,186.12,38.53,250,8132.37,35462.00,510,1.0000,3.0000,0,200,0,600,0.000000,0.050000,488,0.00,28.00,0.00,28.00,0.00,0.00,0.00,0.00,0
NDX100,PERIOD_H1,15,0,15:00,60,BREAKOUT,2.00,0.10,423,2.50,1.2815,493,383,0.070614,524,40,0.076336,484,230,47.52,1635.37,20961.60,-19326.23,1.08,12.62,1.40,186.23,549.30,250,8132.37,35462.00,510,1.0000,3.0000,0,200,0,600,0.000000,0.050000,484,0.00,493.00,0.00,493.00,0.00,0.00,0.00,0.00,0
NDX100,PERIOD_H1,15,0,15:00,60,BREAKOUT,2.00,0.10,99,1.00,1.0220,142,372,0.038772,513,24,0.046784,487,236,48.46,3190.27,23345.13,-20154.86,1.16,12.45,2.47,186.06,145.92,250,8132.37,35462.00,510,1.0000,3.0000,0,200,0,600,0.000000,0.050000,487,0.00,142.00,0.00,142.00,0.00,0.00,0.00,0.00,0
NDX100,PERIOD_H1,15,0,15:00,60,BREAKOUT,2.00,0.10,93,3.00,1.0835,445,628,0.036930,502,17,0.033865,484,229,47.31,1301.12,20619.92,-19318.80,1.07,14.83,1.11,186.14,461.70,250,8132.37,35462.00,510,1.0000,3.0000,0,200,0,600,0.000000,0.050000,484,0.00,445.00,0.00,445.00,0.00,0.00,0.00,0.00,0
NDX100,PERIOD_H1,15,0,15:00,60,BREAKOUT,2.00,0.10,262,1.50,1.0955,53,435,0.035636,499,9,0.018036,488,232,47.54,2829.70,24138.15,-21308.45,1.13,13.48,2.18,185.72,72.10,250,8132.37,35462.00,510,1.0000,3.0000,0,200,0,600,0.000000,0.050000,488,0.00,53.00,0.00,53.00,0.00,0.00,0.00,0.00,0
NDX100,PERIOD_H1,15,0,15:00,60,BREAKOUT,2.00,0.10,424,3.00,1.3474,188,1441,0.044050,504,17,0.033730,485,229,47.22,2075.79,22128.73,-20052.94,1.10,12.58,1.70,186.22,257.48,250,8132.37,35462.00,510,1.0000,3.0000,0,200,0,600,0.000000,0.050000,485,0.00,188.00,0.00,188.00,0.00,0.00,0.00,0.00,0
NDX100,PERIOD_H1,15,0,15:00,60,BREAKOUT,2.00,0.10,426,1.50,1.1526,291,802,0.068191,522,37,0.070881,483,230,47.62,1913.76,21802.94,-19889.18,1.10,15.07,1.60,185.95,321.53,250,8132.37,35462.00,510,1.0000,3.0000,0,200,0,600,0.000000,0.050000,483,0.00,291.00,0.00,291.00,0.00,0.00,0.00,0.00,0
NDX100,PERIOD_H1,15,0,15:00,60,BREAKOUT,2.00,0.10,260,2.50,1.1760,260,589,0.000641,488,0,0.000000,486,232,47.74,2348.46,22541.68,-20193.22,1.12,12.35,1.88,185.94,295.19,250,8132.37,35462.00,510,1.0000,3.0000,0,200,0,600,0.000000,0.050000,486,0.00,260.00,0.00,260.00,0.00,0.00,0.00,0.00,0
NDX100,PERIOD_H1,15,0,15:00,60,BREAKOUT,2.00,0.10,97,1.50,1.0379,16,477,0.023003,500,10,0.020000,488,235,48.16,3436.99,25127.39,-21690.40,1.16,13.65,2.58,185.85,23.58,250,8132.37,35462.00,510,1.0000,3.0000,0,200,0,600,0.000000,0.050000,488,0.00,16.00,0.00,16.00,0.00,0.00,0.00,0.00,0
NDX100,PERIOD_H1,15,0,15:00,60,BREAKOUT,2.00,0.10,261,2.00,1.1358,339,1125,0.074081,530,46,0.086792,482,229,47.51,1434.78,20841.31,-19406.53,1.07,17.07,1.24,186.16,366.16,250,8132.37,35462.00,510,1.0000,3.0000,0,200,0,600,0.000000,0.050000,482,0.00,339.00,0.00,339.00,0.00,0.00,0.00,0.00,0
NDX100,PERIOD_H1,15,0,15:00,60,BREAKOUT,2.00,0.10,428,2.00,1.2191,250,1178,0.037791,505,18,0.035644,485,229,47.22,2266.43,21922.29,-19655.86,1.12,12.33,1.83,186.11,293.82,250,8132.37,35462.00,510,1.0000,3.0000,0,200,0,600,0.000000,0.050000,485,0.00,250.00,0.00,250.00,0.00,0.00,0.00,0.00,0
NDX100,PERIOD_H1,15,0,15:00,60,BREAKOUT,2.00,0.10,93,2.50,1.0678,371,524,0.036930,503,17,0.033797,484,230,47.52,1701.79,21296.55,-19594.76,1.09,15.11,1.42,186.02,384.57,250,8132.37,35462.00,510,1.0000,3.0000,0,200,0,600,0.000000,0.050000,484,0.00,371.00,0.00,371.00,0.00,0.00,0.00,0.00,0
NDX100,PERIOD_H1,15,0,15:00,60,BREAKOUT,2.00,0.10,430,1.00,1.0880,56,43,0.042332,512,22,0.042969,489,230,47.03,2366.41,23356.82,-20990.41,1.11,14.81,1.87,185.76,73.60,250,8132.37,35462.00,510,1.0000,3.0000,0,200,0,600,0.000000,0.050000,489,0.00,56.00,0.00,56.00,0.00,0.00,0.00,0.00,0
NDX100,PERIOD_H1,15,0,15:00,60,BREAKOUT,2.00,0.10,259,3.00,1.2158,115,1525,0.027207,505,19,0.037624,484,234,48.35,4067.55,25508.52,-21440.97,1.19,13.06,3.00,186.01,158.17,250,8132.37,35462.00,510,1.0000,3.0000,0,200,0,600,0.000000,0.050000,484,0.00,115.00,0.00,115.00,0.00,0.00,0.00,0.00,0
NDX100,PERIOD_H1,15,0,15:00,60,BREAKOUT,2.00,0.10,265,1.00,1.0551,32,71,0.033911,510,21,0.041176,489,233,47.65,2516.94,23950.54,-21433.60,1.12,15.74,1.97,185.82,43.02,250,8132.37,35462.00,510,1.0000,3.0000,0,200,0,600,0.000000,0.050000,489,0.00,32.00,0.00,32.00,0.00,0.00,0.00,0.00,0
NDX100,PERIOD_H1,15,0,15:00,60,BREAKOUT,2.00,0.10,95,2.00,1.0531,159,527,0.083801,527,39,0.074004,487,229,47.02,2332.72,23045.01,-20712.29,1.11,12.90,1.87,186.09,169.62,250,8132.37,35462.00,510,1.0000,3.0000,0,200,0,600,0.000000,0.050000,487,0.00,159.00,0.00,159.00,0.00,0.00,0.00,0.00,0
NDX100,PERIOD_H1,15,0,15:00,60,BREAKOUT,2.00,0.10,424,2.50,1.2823,157,1201,0.044050,505,17,0.033663,486,228,46.91,1928.62,21888.34,-19959.72,1.10,11.80,1.58,186.09,213.46,250,8132.37,35462.00,510,1.0000,3.0000,0,200,0,600,0.000000,0.050000,486,0.00,157.00,0.00,157.00,0.00,0.00,0.00,0.00,0
NDX100,PERIOD_H1,15,0,15:00,60,BREAKOUT,2.00,0.10,100,1.00,1.0223,7,99,0.025489,495,4,0.008081,489,234,47.85,2834.81,24457.55,-21622.74,1.13,15.85,2.16,185.82,11.46,250,8132.37,35462.00,510,1.0000,3.0000,0,200,0,600,0.000000,0.050000,489,0.00,7.00,0.00,7.00,0.00,0.00,0.00,0.00,0
NDX100,PERIOD_H1,15,0,15:00,60,BREAKOUT,2.00,0.10,94,3.00,1.0842,41,1610,0.010364,494,4,0.008097,488,231,47.34,2749.89,23862.38,-21112.49,1.13,13.68,2.13,185.83,57.85,250,8132.37,35462.00,510,1.0000,3.0000,0,200,0,600,0.000000,0.050000,488,0.00,41.00,0.00,41.00,0.00,0.00,0.00,0.00,0
NDX100,PERIOD_H1,15,0,15:00,60,BREAKOUT,2.00,0.10,263,1.50,1.0958,151,25,0.015711,501,12,0.023952,488,236,48.36,3142.23,24537.68,-21395.45,1.15,15.29,2.40,185.96,168.05,250,8132.37,35462.00,510,1.0000,3.0000,0,200,0,600,0.000000,0.050000,488,0.00,151.00,0.00,151.00,0.00,0.00,0.00,0.00,0
NDX100,PERIOD_H1,15,0,15:00,60,BREAKOUT,2.00,0.10,425,3.00,1.3482,385,623,0.017484,493,7,0.014199,485,231,47.63,1956.85,21525.10,-19568.25,1.10,14.76,1.61,186.21,454.63,250,8132.37,35462.00,510,1.0000,3.0000,0,200,0,600,0.000000,0.050000,485,0.00,385.00,0.00,385.00,0.00,0.00,0.00,0.00,0
NDX100,PERIOD_H1,15,0,15:00,60,BREAKOUT,2.00,0.10,427,1.50,1.1531,89,393,0.048268,515,25,0.048544,488,233,47.75,2733.55,23937.21,-21203.66,1.13,12.65,2.15,185.82,119.61,250,8132.37,35462.00,510,1.0000,3.0000,0,200,0,600,0.000000,0.050000,488,0.00,89.00,0.00,89.00,0.00,0.00,0.00,0.00,0
NDX100,PERIOD_H1,15,0,15:00,60,BREAKOUT,2.00,0.10,261,2.50,1.1765,424,1407,0.074081,527,44,0.083491,482,227,47.10,1170.78,20323.83,-19153.05,1.06,16.97,1.03,186.16,459.31,250,8132.37,35462.00,510,1.0000,3.0000,0,200,0,600,0.000000,0.050000,482,0.00,424.00,0.00,424.00,0.00,0.00,0.00,0.00,0
NDX100,PERIOD_H1,15,0,15:00,60,BREAKOUT,2.00,0.10,98,1.50,1.0382,114,67,0.003079,493,3,0.006085,489,234,47.85,2730.64,24029.31,-21298.67,1.13,15.11,2.10,185.88,121.65,250,8132.37,35462.00,510,1.0000,3.0000,0,200,0,600,0.000000,0.050000,489,0.00,114.00,0.00,114.00,0.00,0.00,0.00,0.00,0
NDX100,PERIOD_H1,15,0,15:00,60,BREAKOUT,2.00,0.10,262,2.00,1.1364,70,580,0.047514,509,19,0.037328,488,232,47.54,2888.43,23645.29,-20756.86,1.14,13.33,2.25,185.60,97.28,250,8132.37,35462.00,510,1.0000,3.0000,0,200,0,600,0.000000,0.050000,488,0.00,70.00,0.00,70.00,0.00,0.00,0.00,0.00,0
NDX100,PERIOD_H1,15,0,15:00,60,BREAKOUT,2.00,0.10,429,2.00,1.2196,382,632,0.011225,491,3,0.006110,486,228,46.91,1593.68,21173.79,-19580.11,1.08,14.67,1.33,185.97,425.92,250,8132.37,35462.00,510,1.0000,3.0000,0,200,0,600,0.000000,0.050000,486,0.00,382.00,0.00,382.00,0.00,0.00,0.00,0.00,0
NDX100,PERIOD_H1,15,0,15:00,60,BREAKOUT,2.00,0.10,94,2.50,1.0684,35,1341,0.010364,494,4,0.008097,488,232,47.54,2937.12,24008.03,-21070.91,1.14,13.56,2.26,186.12,48.69,250,8132.37,35462.00,510,1.0000,3.0000,0,200,0,600,0.000000,0.050000,488,0.00,35.00,0.00,35.00,0.00,0.00,0.00,0.00,0
NDX100,PERIOD_H1,15,0,15:00,60,BREAKOUT,2.00,0.10,260,3.00,1.2166,312,707,0.000641,488,0,0.000000,486,230,47.33,1796.95,21729.91,-19932.96,1.09,15.02,1.47,185.82,355.31,250,8132.37,35462.00,510,1.0000,3.0000,0,200,0,600,0.000000,0.050000,486,0.00,312.00,0.00,312.00,0.00,0.00,0.00,0.00,0
NDX100,PERIOD_H1,15,0,15:00,60,BREAKOUT,2.00,0.10,431,1.00,1.0883,122,370,0.029049,501,11,0.021956,488,234,47.95,2915.69,23895.14,-20979.45,1.14,11.05,2.27,186.06,139.65,250,8132.37,35462.00,510,1.0000,3.0000,0,200,0,600,0.000000,0.050000,488,0.00,122.00,0.00,122.00,0.00,0.00,0.00,0.00,0
NDX100,PERIOD_H1,15,0,15:00,60,BREAKOUT,2.00,0.10,266,1.00,1.0554,98,398,0.020627,501,13,0.025948,486,230,47.33,2603.84,23613.24,-21009.40,1.12,15.18,2.05,185.91,109.07,250,8132.37,35462.00,510,1.0000,3.0000,0,200,0,600,0.000000,0.050000,486,0.00,98.00,0.00,98.00,0.00,0.00,0.00,0.00,0
NDX100,PERIOD_H1,15,0,15:00,60,BREAKOUT,2.00,0.10,96,2.00,1.0537,290,1182,0.057237,515,31,0.060194,482,229,47.51,1931.69,21319.98,-19388.29,1.10,11.61,1.60,186.44,300.74,250,8132.37,35462.00,510,1.0000,3.0000,0,200,0,600,0.000000,0.050000,482,0.00,290.00,0.00,290.00,0.00,0.00,0.00,0.00,0
NDX100,PERIOD_H1,15,0,15:00,60,BREAKOUT,2.00,0.10,425,2.50,1.2829,321,519,0.017484,494,7,0.014170,485,232,47.84,2306.63,22131.58,-19824.95,1.12,14.83,1.86,185.88,377.58,250,8132.37,35462.00,510,1.0000,3.0000,0,200,0,600,0.000000,0.050000,485,0.00,321.00,0.00,321.00,0.00,0.00,0.00,0.00,0
NDX100,PERIOD_H1,15,0,15:00,60,BREAKOUT,2.00,0.10,95,3.00,1.0850,238,791,0.083801,526,39,0.074144,486,230,47.33,1780.07,21917.22,-20137.15,1.09,12.66,1.47,185.80,254.99,250,8132.37,35462.00,510,1.0000,3.0000,0,200,0,600,0.000000,0.050000,486,0.00,238.00,0.00,238.00,0.00,0.00,0.00,0.00,0
NDX100,PERIOD_H1,15,0,15:00,60,BREAKOUT,2.00,0.10,101,1.00,1.0225,73,426,0.012206,498,8,0.016064,488,234,47.95,3251.21,24601.08,-21349.87,1.15,12.66,2.48,185.90,77.49,250,8132.37,35462.00,510,1.0000,3.0000,0,200,0,600,0.000000,0.050000,488,0.00,73.00,0.00,73.00,0.00,0.00,0.00,0.00,0
NDX100,PERIOD_H1,15,0,15:00,60,BREAKOUT,2.00,0.10,264,1.50,1.0961,249,516,0.070788,530,44,0.083019,484,231,47.73,2506.80,22279.85,-19773.05,1.13,11.88,2.03,185.71,268.23,250,8132.37,35462.00,510,1.0000,3.0000,0,200,0,600,0.000000,0.050000,484,0.00,249.00,0.00,249.00,0.00,0.00,0.00,0.00,0
NDX100,PERIOD_H1,15,0,15:00,60,BREAKOUT,2.00,0.10,426,3.00,1.3489,582,1604,0.090921,523,43,0.082218,480,226,47.08,986.31,20061.20,-19074.89,1.05,15.58,0.89,186.15,651.78,250,8132.37,35462.00,510,1.0000,3.0000,0,200,0,600,0.000000,0.050000,480,0.00,582.00,0.00,582.00,0.00,0.00,0.00,0.00,0
NDX100,PERIOD_H1,15,0,15:00,60,BREAKOUT,2.00,0.10,428,1.50,1.1534,188,883,0.028343,505,15,0.029703,488,229,46.93,2286.06,22184.45,-19898.39,1.11,12.01,1.82,186.21,218.68,250,8132.37,35462.00,510,1.0000,3.0000,0,200,0,600,0.000000,0.050000,488,0.00,188.00,0.00,188.00,0.00,0.00,0.00,0.00,0
NDX100,PERIOD_H1,15,0,15:00,60,BREAKOUT,2.00,0.10,262,2.50,1.1773,88,725,0.047514,509,19,0.037328,488,233,47.75,2973.22,23677.93,-20704.71,1.14,12.34,2.29,185.69,123.47,250,8132.37,35462.00,510,1.0000,3.0000,0,200,0,600,0.000000,0.050000,488,0.00,88.00,0.00,88.00,0.00,0.00,0.00,0.00,0
NDX100,PERIOD_H1,15,0,15:00,60,BREAKOUT,2.00,0.10,99,1.50,1.0386,213,558,0.058158,527,39,0.074004,486,233,47.94,2798.88,21965.48,-19166.60,1.15,12.14,2.22,185.51,219.86,250,8132.37,35462.00,510,1.0000,3.0000,0,200,0,600,0.000000,0.050000,486,0.00,213.00,0.00,213.00,0.00,0.00,0.00,0.00,0
NDX100,PERIOD_H1,15,0,15:00,60,BREAKOUT,2.00,0.10,263,2.00,1.1369,201,34,0.020948,505,16,0.031683,488,236,48.36,2816.74,23662.72,-20845.98,1.14,14.12,2.18,185.84,225.36,250,8132.37,35462.00,510,1.0000,3.0000,0,200,0,600,0.000000,0.050000,488,0.00,201.00,0.00,201.00,0.00,0.00,0.00,0.00,0
NDX100,PERIOD_H1,15,0,15:00,60,BREAKOUT,2.00,0.10,95,2.50,1.0690,199,659,0.083801,527,39,0.074004,487,229,47.02,1915.02,22164.00,-20248.98,1.09,11.68,1.57,185.81,212.81,250,8132.37,35462.00,510,1.0000,3.0000,0,200,0,600,0.000000,0.050000,487,0.00,199.00,0.00,199.00,0.00,0.00,0.00,0.00,0
NDX100,PERIOD_H1,15,0,15:00,60,BREAKOUT,2.00,0.10,430,2.00,1.2200,113,86,0.084664,539,51,0.094620,487,231,47.43,2409.19,22928.57,-20519.38,1.12,15.43,1.93,185.63,157.01,250,8132.37,35462.00,510,1.0000,3.0000,0,200,0,600,0.000000,0.050000,487,0.00,113.00,0.00,113.00,0.00,0.00,0.00,0.00,0
NDX100,PERIOD_H1,15,0,15:00,60,BREAKOUT,2.00,0.10,261,3.00,1.2173,509,1688,0.074081,526,45,0.085551,481,225,46.78,841.20,19899.24,-19058.04,1.04,17.37,0.76,186.41,552.46,250,8132.37,35462.00,510,1.0000,3.0000,0,200,0,600,0.000000,0.050000,481,0.00,509.00,0.00,509.00,0.00,0.00,0.00,0.00,0
NDX100,PERIOD_H1,15,0,15:00,60,BREAKOUT,2.00,0.10,432,1.00,1.0884,188,97,0.015766,495,8,0.016162,486,233,47.94,2621.07,23448.96,-20827.89,1.13,14.11,2.03,185.94,205.69,250,8132.37,35462.00,510,1.0000,3.0000,0,200,0,600,0.000000,0.050000,486,0.00,188.00,0.00,188.00,0.00,0.00,0.00,0.00,0
NDX100,PERIOD_H1,15,0,15:00,60,BREAKOUT,2.00,0.10,267,1.00,1.0555,163,125,0.007344,495,5,0.010101,488,235,48.16,2905.73,24217.50,-21311.77,1.14,15.21,2.23,186.14,174.11,250,8132.37,35462.00,510,1.0000,3.0000,0,200,0,600,0.000000,0.050000,488,0.00,163.00,0.00,163.00,0.00,0.00,0.00,0.00,0
NDX100,PERIOD_H1,15,0,15:00,60,BREAKOUT,2.00,0.10,97,2.00,1.0542,21,636,0.030671,505,15,0.029703,488,234,47.95,2933.40,24412.28,-21478.88,1.14,14.39,2.27,185.82,31.83,250,8132.37,35462.00,510,1.0000,3.0000,0,200,0,600,0.000000,0.050000,488,0.00,21.00,0.00,21.00,0.00,0.00,0.00,0.00,0
NDX100,PERIOD_H1,15,0,15:00,60,BREAKOUT,2.00,0.10,426,2.50,1.2835,485,1337,0.090921,525,43,0.081905,482,227,47.10,1241.67,20662.08,-19420.41,1.06,15.81,1.10,186.35,541.69,250,8132.37,35462.00,510,1.0000,3.0000,0,200,0,600,0.000000,0.050000,482,0.00,485.00,0.00,485.00,0.00,0.00,0.00,0.00,0
NDX100,PERIOD_H1,15,0,15:00,60,BREAKOUT,2.00,0.10,96,3.00,1.0859,435,1772,0.057237,513,30,0.058480,482,225,46.68,1380.43,20360.21,-18979.78,1.07,13.24,1.19,186.16,452.19,250,8132.37,35462.00,510,1.0000,3.0000,0,200,0,600,0.000000,0.050000,482,0.00,435.00,0.00,435.00,0.00,0.00,0.00,0.00,0
NDX100,PERIOD_H1,15,0,15:00,60,BREAKOUT,2.00,0.10,102,1.00,1.0226,139,153,0.048926,512,26,0.050781,484,235,48.55,2511.60,22942.67,-20431.07,1.12,15.16,2.00,186.35,143.53,250,8132.37,35462.00,510,1.0000,3.0000,0,200,0,600,0.000000,0.050000,484,0.00,139.00,0.00,139.00,0.00,0.00,0.00,0.00,0
NDX100,PERIOD_H1,15,0,15:00,60,BREAKOUT,2.00,0.10,427,3.00,1.3499,179,785,0.064357,522,34,0.065134,486,231,47.53,1812.83,21744.51,-19931.68,1.09,11.57,1.52,185.68,248.97,250,8132.37,35462.00,510,1.0000,3.0000,0,200,0,600,0.000000,0.050000,486,0.00,179.00,0.00,179.00,0.00,0.00,0.00,0.00,0
NDX100,PERIOD_H1,15,0,15:00,60,BREAKOUT,2.00,0.10,265,1.50,1.0965,48,107,0.050866,516,27,0.052326,488,233,47.75,2464.22,23621.10,-21156.88,1.12,15.76,1.95,185.88,67.29,250,8132.37,35462.00,510,1.0000,3.0000,0,200,0,600,0.000000,0.050000,488,0.00,48.00,0.00,48.00,0.00,0.00,0.00,0.00,0
NDX100,PERIOD_H1,15,0,15:00,60,BREAKOUT,2.00,0.10,429,1.50,1.1537,286,474,0.008419,490,2,0.004082,486,230,47.33,2165.42,22290.74,-20125.32,1.11,14.37,1.73,185.96,316.74,250,8132.37,35462.00,510,1.0000,3.0000,0,200,0,600,0.000000,0.050000,486,0.00,286.00,0.00,286.00,0.00,0.00,0.00,0.00,0
NDX100,PERIOD_H1,15,0,15:00,60,BREAKOUT,2.00,0.10,263,2.50,1.1779,252,42,0.020948,503,16,0.031809,486,237,48.77,2639.34,23179.18,-20539.84,1.13,15.00,2.07,185.91,283.67,250,8132.37,35462.00,510,1.0000,3.0000,0,200,0,600,0.000000,0.050000,486,0.00,252.00,0.00,252.00,0.00,0.00,0.00,0.00,0
NDX100,PERIOD_H1,15,0,15:00,60,BREAKOUT,2.00,0.10,100,1.50,1.0390,11,149,0.038234,500,10,0.020000,488,235,48.16,3161.12,25203.94,-22042.82,1.14,16.03,2.39,186.22,18.80,250,8132.37,35462.00,510,1.0000,3.0000,0,200,0,600,0.000000,0.050000,488,0.00,11.00,0.00,11.00,0.00,0.00,0.00,0.00,0
NDX100,PERIOD_H1,15,0,15:00,60,BREAKOUT,2.00,0.10,431,2.00,1.2206,244,740,0.058098,519,33,0.063584,484,228,47.11,1801.06,21555.70,-19754.64,1.09,11.55,1.50,186.15,288.13,250,8132.37,35462.00,510,1.0000,3.0000,0,200,0,600,0.000000,0.050000,484,0.00,244.00,0.00,244.00,0.00,0.00,0.00,0.00,0
NDX100,PERIOD_H1,15,0,15:00,60,BREAKOUT,2.00,0.10,96,2.50,1.0698,363,1477,0.057237,515,31,0.060194,482,227,47.10,1174.66,20091.34,-18916.68,1.06,13.97,1.02,185.95,376.97,250,8132.37,35462.00,510,1.0000,3.0000,0,200,0,600,0.000000,0.050000,482,0.00,363.00,0.00,363.00,0.00,0.00,0.00,0.00,0
NDX100,PERIOD_H1,15,0,15:00,60,BREAKOUT,2.00,0.10,264,2.00,1.1373,333,688,0.094385,544,60,0.110294,482,223,46.27,1946.02,21240.59,-19294.57,1.10,13.57,1.64,185.67,360.47,250,8132.37,35462.00,510,1.0000,3.0000,0,200,0,600,0.000000,0.050000,482,0.00,333.00,0.00,333.00,0.00,0.00,0.00,0.00,0
NDX100,PERIOD_H1,15,0,15:00,60,BREAKOUT,2.00,0.10,262,3.00,1.2183,105,869,0.047514,509,19,0.037328,488,233,47.75,2906.87,23649.16,-20742.29,1.14,12.54,2.25,185.91,148.65,250,8132.37,35462.00,510,1.0000,3.0000,0,200,0,600,0.000000,0.050000,488,0.00,105.00,0.00,105.00,0.00,0.00,0.00,0.00,0
NDX100,PERIOD_H1,15,0,15:00,60,BREAKOUT,2.00,0.10,268,1.00,1.0557,29,452,0.044064,514,25,0.048638,487,229,47.02,2198.80,23444.29,-21245.49,1.10,14.04,1.77,185.59,40.15,250,8132.37,35462.00,510,1.0000,3.0000,0,200,0,600,0.000000,0.050000,487,0.00,29.00,0.00,29.00,0.00,0.00,0.00,0.00,0
NDX100,PERIOD_H1,15,0,15:00,60,BREAKOUT,2.00,0.10,433,1.00,1.0886,53,424,0.002483,491,1,0.002037,488,231,47.34,2992.18,24391.64,-21399.46,1.14,13.76,2.29,185.83,70.73,250,8132.37,35462.00,510,1.0000,3.0000,0,200,0,600,0.000000,0.050000,488,0.00,53.00,0.00,53.00,0.00,0.00,0.00,0.00,0
NDX100,PERIOD_H1,15,0,15:00,60,BREAKOUT,2.00,0.10,98,2.00,1.0546,152,90,0.004105,493,3,0.006085,488,234,47.95,2729.05,23986.03,-21256.98,1.13,14.98,2.11,185.84,162.93,250,8132.37,35462.00,510,1.0000,3.0000,0,200,0,600,0.000000,0.050000,488,0.00,152.00,0.00,152.00,0.00,0.00,0.00,0.00,0
NDX100,PERIOD_H1,15,0,15:00,60,BREAKOUT,2.00,0.10,97,3.00,1.0867,32,954,0.030671,505,15,0.029703,488,234,47.95,2885.01,24209.99,-21324.98,1.14,14.37,2.24,186.10,49.33,250,8132.37,35462.00,510,1.0000,3.0000,0,200,0,600,0.000000,0.050000,488,0.00,32.00,0.00,32.00,0.00,0.00,0.00,0.00,0
NDX100,PERIOD_H1,15,0,15:00,60,BREAKOUT,2.00,0.10,427,2.50,1.2843,149,654,0.064357,523,34,0.065010,487,231,47.43,1899.48,21899.07,-19999.59,1.09,10.78,1.58,185.89,205.85,250,8132.37,35462.00,510,1.0000,3.0000,0,200,0,600,0.000000,0.050000,487,0.00,149.00,0.00,149.00,0.00,0.00,0.00,0.00,0
NDX100,PERIOD_H1,15,0,15:00,60,BREAKOUT,2.00,0.10,103,1.00,1.0228,4,480,0.035643,511,21,0.041096,489,232,47.44,3297.10,24666.21,-21369.11,1.15,16.39,2.49,185.65,8.57,250,8132.37,35462.00,510,1.0000,3.0000,0,200,0,600,0.000000,0.050000,489,0.00,4.00,0.00,4.00,0.00,0.00,0.00,0.00,0
NDX100,PERIOD_H1,15,0,15:00,60,BREAKOUT,2.00,0.10,428,3.00,1.3506,376,1767,0.037791,506,19,0.037549,485,224,46.19,1267.78,20346.12,-19078.34,1.07,14.96,1.09,185.91,446.12,250,8132.37,35462.00,510,1.0000,3.0000,0,200,0,600,0.000000,0.050000,485,0.00,376.00,0.00,376.00,0.00,0.00,0.00,0.00,0
NDX100,PERIOD_H1,15,0,15:00,60,BREAKOUT,2.00,0.10,266,1.50,1.0969,146,597,0.030941,503,15,0.029821,486,228,46.91,2426.47,23112.53,-20686.06,1.12,14.43,1.93,185.95,165.38,250,8132.37,35462.00,510,1.0000,3.0000,0,200,0,600,0.000000,0.050000,486,0.00,146.00,0.00,146.00,0.00,0.00,0.00,0.00,0
NDX100,PERIOD_H1,15,0,15:00,60,BREAKOUT,2.00,0.10,430,1.50,1.1540,85,65,0.063498,522,34,0.065134,488,232,47.54,2445.19,23146.51,-20701.32,1.12,15.63,1.92,185.76,115.81,250,8132.37,35462.00,510,1.0000,3.0000,0,200,0,600,0.000000,0.050000,488,0.00,85.00,0.00,85.00,0.00,0.00,0.00,0.00,0
NDX100,PERIOD_H1,15,0,15:00,60,BREAKOUT,2.00,0.10,264,2.50,1.1785,416,860,0.094385,542,59,0.108856,482,222,46.06,1478.85,20563.44,-19084.59,1.08,14.28,1.28,186.06,451.71,250,8132.37,35462.00,510,1.0000,3.0000,0,200,0,600,0.000000,0.050000,482,0.00,416.00,0.00,416.00,0.00,0.00,0.00,0.00,0
NDX100,PERIOD_H1,15,0,15:00,60,BREAKOUT,2.00,0.10,101,1.50,1.0393,110,639,0.018309,505,15,0.029703,488,233,47.75,2144.81,22211.83,-20067.02,1.11,14.18,1.73,185.92,117.86,250,8132.37,35462.00,510,1.0000,3.0000,0,200,0,600,0.000000,0.050000,488,0.00,110.00,0.00,110.00,0.00,0.00,0.00,0.00,0
NDX100,PERIOD_H1,15,0,15:00,60,BREAKOUT,2.00,0.10,265,2.00,1.1378,64,142,0.067821,523,34,0.065010,488,233,47.75,2981.59,24074.79,-21093.20,1.14,15.60,2.33,186.10,91.56,250,8132.37,35462.00,510,1.0000,3.0000,0,200,0,600,0.000000,0.050000,488,0.00,64.00,0.00,64.00,0.00,0.00,0.00,0.00,0
NDX100,PERIOD_H1,15,0,15:00,60,BREAKOUT,2.00,0.10,97,2.50,1.0704,27,795,0.030671,505,15,0.029703,488,234,47.95,2801.62,24214.32,-21412.70,1.13,14.18,2.17,185.70,41.08,250,8132.37,35462.00,510,1.0000,3.0000,0,200,0,600,0.000000,0.050000,488,0.00,27.00,0.00,27.00,0.00,0.00,0.00,0.00,0
NDX100,PERIOD_H1,15,0,15:00,60,BREAKOUT,2.00,0.10,432,2.00,1.2211,375,195,0.031532,497,12,0.024145,484,233,48.14,2299.66,22323.67,-20024.01,1.11,16.97,1.85,186.59,419.22,250,8132.37,35462.00,510,1.0000,3.0000,0,200,0,600,0.000000,0.050000,484,0.00,375.00,0.00,375.00,0.00,0.00,0.00,0.00,0
NDX100,PERIOD_H1,15,0,15:00,60,BREAKOUT,2.00,0.10,263,3.00,1.2190,302,51,0.020948,503,16,0.031809,486,235,48.35,2241.59,22496.39,-20254.80,1.11,16.97,1.80,185.96,340.98,250,8132.37,35462.00,510,1.0000,3.0000,0,200,0,600,0.000000,0.050000,486,0.00,302.00,0.00,302.00,0.00,0.00,0.00,0.00,0
NDX100,PERIOD_H1,15,0,15:00,60,BREAKOUT,2.00,0.10,269,1.00,1.0560,94,180,0.030781,504,17,0.033730,486,234,48.15,2454.43,23078.78,-20624.35,1.12,16.68,1.95,186.48,105.19,250,8132.37,35462.00,510,1.0000,3.0000,0,200,0,600,0.000000,0.050000,486,0.00,94.00,0.00,94.00,0.00,0.00,0.00,0.00,0
NDX100,PERIOD_H1,15,0,15:00,60,BREAKOUT,2.00,0.10,434,1.00,1.0888,119,151,0.039203,504,15,0.029762,488,231,47.34,2422.35,23348.27,-20925.92,1.12,15.24,1.92,186.31,136.76,250,8132.37,35462.00,510,1.0000,3.0000,0,200,0,600,0.000000,0.050000,488,0.00,119.00,0.00,119.00,0.00,0.00,0.00,0.00,0
NDX100,PERIOD_H1,15,0,15:00,60,BREAKOUT,2.00,0.10,99,2.00,1.0551,284,744,0.077544,539,54,0.100186,483,235,48.65,2765.72,21720.75,-18955.03,1.15,9.80,2.22,185.70,293.81,250,8132.37,35462.00,510,1.0000,3.0000,0,200,0,600,0.000000,0.050000,483,0.00,284.00,0.00,284.00,0.00,0.00,0.00,0.00,0
NDX100,PERIOD_H1,15,0,15:00,60,BREAKOUT,2.00,0.10,98,3.00,1.0874,229,135,0.004105,492,3,0.006098,487,234,48.05,2714.97,23421.01,-20706.04,1.13,14.61,2.12,186.24,246.48,250,8132.37,35462.00,510,1.0000,3.0000,0,200,0,600,0.000000,0.050000,487,0.00,229.00,0.00,229.00,0.00,0.00,0.00,0.00,0
NDX100,PERIOD_H1,15,0,15:00,60,BREAKOUT,2.00,0.10,428,2.50,1.2849,313,1472,0.037791,506,19,0.037549,485,227,46.80,1294.71,20452.38,-19157.67,1.07,15.31,1.10,185.70,369.97,250,8132.37,35462.00,510,1.0000,3.0000,0,200,0,600,0.000000,0.050000,485,0.00,313.00,0.00,313.00,0.00,0.00,0.00,0.00,0
NDX100,PERIOD_H1,15,0,15:00,60,BREAKOUT,2.00,0.10,104,1.00,1.0231,70,208,0.022359,502,12,0.023904,488,236,48.36,3319.66,24939.08,-21619.42,1.15,16.08,2.53,186.26,74.61,250,8132.37,35462.00,510,1.0000,3.0000,0,200,0,600,0.000000,0.050000,488,0.00,70.00,0.00,70.00,0.00,0.00,0.00,0.00,0
NDX100,PERIOD_H1,15,0,15:00,60,BREAKOUT,2.00,0.10,429,3.00,1.3513,572,948,0.011225,486,3,0.006173,483,228,47.20,1017.64,20153.83,-19136.19,1.05,15.24,0.88,186.29,642.27,250,8132.37,35462.00,510,1.0000,3.0000,0,200,0,600,0.000000,0.050000,483,0.00,572.00,0.00,572.00,0.00,0.00,0.00,0.00,0
NDX100,PERIOD_H1,15,0,15:00,60,BREAKOUT,2.00,0.10,267,1.50,1.0972,245,188,0.011016,496,7,0.014113,487,236,48.46,2622.42,23250.04,-20627.62,1.13,15.34,2.05,186.63,264.44,250,8132.37,35462.00,510,1.0000,3.0000,0,200,0,600,0.000000,0.050000,487,0.00,245.00,0.00,245.00,0.00,0.00,0.00,0.00,0
NDX100,PERIOD_H1,15,0,15:00,60,BREAKOUT,2.00,0.10,431,1.50,1.1545,183,555,0.043574,514,25,0.048638,487,228,46.82,2131.22,22154.20,-20022.98,1.11,10.18,1.74,185.70,213.89,250,8132.37,35462.00,510,1.0000,3.0000,0,200,0,600,0.000000,0.050000,487,0.00,183.00,0.00,183.00,0.00,0.00,0.00,0.00,0
NDX100,PERIOD_H1,15,0,15:00,60,BREAKOUT,2.00,0.10,265,2.50,1.1791,80,178,0.067821,522,33,0.063218,488,233,47.75,3031.20,24117.82,-21086.62,1.14,15.72,2.36,186.62,115.83,250,8132.37,35462.00,510,1.0000,3.0000,0,200,0,600,0.000000,0.050000,488,0.00,80.00,0.00,80.00,0.00,0.00,0.00,0.00,0
NDX100,PERIOD_H1,15,0,15:00,60,BREAKOUT,2.00,0.10,102,1.50,1.0396,208,230,0.073389,527,42,0.079696,483,233,48.24,2215.93,22129.60,-19913.67,1.11,13.58,1.81,186.24,215.93,250,8132.37,35462.00,510,1.0000,3.0000,0,200,0,600,0.000000,0.050000,483,0.00,208.00,0.00,208.00,0.00,0.00,0.00,0.00,0
NDX100,PERIOD_H1,15,0,15:00,60,BREAKOUT,2.00,0.10,266,2.00,1.1384,195,796,0.041255,506,21,0.041502,483,226,46.79,1957.20,21985.51,-20028.31,1.10,13.46,1.60,186.01,222.68,250,8132.37,35462.00,510,1.0000,3.0000,0,200,0,600,0.000000,0.050000,483,0.00,195.00,0.00,195.00,0.00,0.00,0.00,0.00,0
NDX100,PERIOD_H1,15,0,15:00,60,BREAKOUT,2.00,0.10,433,2.00,1.2216,106,849,0.004965,491,1,0.002037,488,231,47.34,2675.68,23461.40,-20785.72,1.13,12.81,2.08,185.90,150.31,250,8132.37,35462.00,510,1.0000,3.0000,0,200,0,600,0.000000,0.050000,488,0.00,106.00,0.00,106.00,0.00,0.00,0.00,0.00,0
NDX100,PERIOD_H1,15,0,15:00,60,BREAKOUT,2.00,0.10,98,2.50,1.0710,191,112,0.004105,493,3,0.006085,488,233,47.75,2444.88,23211.84,-20766.96,1.12,14.04,1.91,185.80,205.20,250,8132.37,35462.00,510,1.0000,3.0000,0,200,0,600,0.000000,0.050000,488,0.00,191.00,0.00,191.00,0.00,0.00,0.00,0.00,0
NDX100,PERIOD_H1,15,0,15:00,60,BREAKOUT,2.00,0.10,99,3.00,1.0881,425,1116,0.077544,538,54,0.100372,483,232,48.03,1798.71,20335.14,-18536.43,1.10,11.97,1.52,185.67,440.69,250,8132.37,35462.00,510,1.0000,3.0000,0,200,0,600,0.000000,0.050000,483,0.00,425.00,0.00,425.00,0.00,0.00,0.00,0.00,0
NDX100,PERIOD_H1,15,0,15:00,60,BREAKOUT,2.00,0.10,264,3.00,1.2197,499,1032,0.094385,539,58,0.107607,481,220,45.74,980.16,19869.87,-18889.71,1.05,17.02,0.87,186.06,542.95,250,8132.37,35462.00,510,1.0000,3.0000,0,200,0,600,0.000000,0.050000,481,0.00,499.00,0.00,499.00,0.00,0.00,0.00,0.00,0
NDX100,PERIOD_H1,15,0,15:00,60,BREAKOUT,2.00,0.10,270,1.00,1.0562,160,507,0.017498,497,7,0.014085,488,231,47.34,2212.06,22552.49,-20340.43,1.11,13.25,1.78,185.84,171.23,250,8132.37,35462.00,510,1.0000,3.0000,0,200,0,600,0.000000,0.050000,488,0.00,160.00,0.00,160.00,0.00,0.00,0.00,0.00,0
NDX100,PERIOD_H1,15,0,15:00,60,BREAKOUT,2.00,0.10,435,1.00,1.0891,184,479,0.025919,502,12,0.023904,488,234,47.95,3019.30,23341.57,-20322.27,1.15,11.63,2.32,185.79,201.81,250,8132.37,35462.00,510,1.0000,3.0000,0,200,0,600,0.000000,0.050000,488,0.00,184.00,0.00,184.00,0.00,0.00,0.00,0.00,0
NDX100,PERIOD_H1,15,0,15:00,60,BREAKOUT,2.00,0.10,429,2.50,1.2855,477,790,0.011225,488,3,0.006148,485,227,46.80,1171.42,20617.63,-19446.21,1.06,15.27,1.01,185.98,534.09,250,8132.37,35462.00,510,1.0000,3.0000,0,200,0,600,0.000000,0.050000,485,0.00,477.00,0.00,477.00,0.00,0.00,0.00,0.00,0
NDX100,PERIOD_H1,15,0,15:00,60,BREAKOUT,2.00,0.10,100,2.00,1.0557,15,198,0.050978,504,14,0.027778,488,235,48.16,3039.76,24969.24,-21929.48,1.14,15.99,2.31,186.29,26.14,250,8132.37,35462.00,510,1.0000,3.0000,0,200,0,600,0.000000,0.050000,488,0.00,15.00,0.00,15.00,0.00,0.00,0.00,0.00,0
NDX100,PERIOD_H1,15,0,15:00,60,BREAKOUT,2.00,0.10,105,1.00,1.0233,135,535,0.009078,492,2,0.004065,488,232,47.54,2852.30,23702.00,-20849.70,1.14,12.64,2.20,185.96,139.65,250,8132.37,35462.00,510,1.0000,3.0000,0,200,0,600,0.000000,0.050000,488,0.00,135.00,0.00,135.00,0.00,0.00,0.00,0.00,0
NDX100,PERIOD_H1,15,0,15:00,60,BREAKOUT,2.00,0.10,430,3.00,1.3521,169,129,0.084664,538,50,0.092937,487,231,47.43,2057.18,21895.59,-19838.41,1.10,15.40,1.69,186.19,239.41,250,8132.37,35462.00,510,1.0000,3.0000,0,200,0,600,0.000000,0.050000,487,0.00,169.00,0.00,169.00,0.00,0.00,0.00,0.00,0
NDX100,PERIOD_H1,15,0,15:00,60,BREAKOUT,2.00,0.10,268,1.50,1.0975,43,679,0.066096,527,41,0.077799,484,227,46.90,2081.76,22831.85,-20750.09,1.10,14.07,1.71,185.85,62.50,250,8132.37,35462.00,510,1.0000,3.0000,0,200,0,600,0.000000,0.050000,484,0.00,43.00,0.00,43.00,0.00,0.00,0.00,0.00,0
NDX100,PERIOD_H1,15,0,15:00,60,BREAKOUT,2.00,0.10,266,2.50,1.1799,244,996,0.041255,505,21,0.041584,482,226,46.89,1867.04,21730.07,-19863.03,1.09,14.00,1.54,186.50,279.98,250,8132.37,35462.00,510,1.0000,3.0000,0,200,0,600,0.000000,0.050000,482,0.00,244.00,0.00,244.00,0.00,0.00,0.00,0.00,0
NDX100,PERIOD_H1,15,0,15:00,60,BREAKOUT,2.00,0.10,432,1.50,1.1548,281,146,0.023649,497,12,0.024145,484,234,48.35,2702.19,23135.69,-20433.50,1.13,16.52,2.11,186.36,311.95,250,8132.37,35462.00,510,1.0000,3.0000,0,200,0,600,0.000000,0.050000,484,0.00,281.00,0.00,281.00,0.00,0.00,0.00,0.00,0
NDX100,PERIOD_H1,15,0,15:00,60,BREAKOUT,2.00,0.10,103,1.50,1.0399,6,721,0.053464,518,31,0.059846,485,232,47.84,3417.30,24761.17,-21343.87,1.16,15.50,2.60,185.73,13.99,250,8132.37,35462.00,510,1.0000,3.0000,0,200,0,600,0.000000,0.050000,485,0.00,6.00,0.00,6.00,0.00,0.00,0.00,0.00,0
NDX100,PERIOD_H1,15,0,15:00,60,BREAKOUT,2.00,0.10,267,2.00,1.1389,326,251,0.014689,495,7,0.014141,486,233,47.94,2144.63,22148.61,-20003.98,1.11,17.32,1.73,186.46,353.77,250,8132.37,35462.00,510,1.0000,3.0000,0,200,0,600,0.000000,0.050000,486,0.00,326.00,0.00,326.00,0.00,0.00,0.00,0.00,0
NDX100,PERIOD_H1,15,0,15:00,60,BREAKOUT,2.00,0.10,99,2.50,1.0716,355,930,0.077544,541,56,0.103512,483,233,48.24,2287.14,21040.71,-18753.57,1.12,11.80,1.89,185.87,367.75,250,8132.37,35462.00,510,1.0000,3.0000,0,200,0,600,0.000000,0.050000,483,0.00,355.00,0.00,355.00,0.00,0.00,0.00,0.00,0
NDX100,PERIOD_H1,15,0,15:00,60,BREAKOUT,2.00,0.10,434,2.00,1.2220,238,303,0.078405,521,35,0.067179,485,231,47.63,1691.20,21726.93,-20035.73,1.08,13.79,1.41,186.42,282.40,250,8132.37,35462.00,510,1.0000,3.0000,0,200,0,600,0.000000,0.050000,485,0.00,238.00,0.00,238.00,0.00,0.00,0.00,0.00,0
NDX100,PERIOD_H1,15,0,15:00,60,BREAKOUT,2.00,0.10,100,3.00,1.0891,22,297,0.050978,504,14,0.027778,488,234,47.95,2674.13,24536.45,-21862.32,1.12,15.89,2.06,186.31,39.82,250,8132.37,35462.00,510,1.0000,3.0000,0,200,0,600,0.000000,0.050000,488,0.00,22.00,0.00,22.00,0.00,0.00,0.00,0.00,0
NDX100,PERIOD_H1,15,0,15:00,60,BREAKOUT,2.00,0.10,265,3.00,1.2205,96,213,0.067821,522,33,0.063218,488,233,47.75,3050.27,24172.29,-21122.02,1.14,15.87,2.37,186.33,140.09,250,8132.37,35462.00,510,1.0000,3.0000,0,200,0,600,0.000000,0.050000,488,0.00,96.00,0.00,96.00,0.00,0.00,0.00,0.00,0
NDX100,PERIOD_H1,15,0,15:00,60,BREAKOUT,2.00,0.10,271,1.00,1.0563,26,234,0.004216,496,6,0.012097,488,235,48.16,2854.45,24404.35,-21549.90,1.13,16.05,2.19,186.21,37.27,250,8132.37,35462.00,510,1.0000,3.0000,0,200,0,600,0.000000,0.050000,488,0.00,26.00,0.00,26.00,0.00,0.00,0.00,0.00,0
NDX100,PERIOD_H1,15,0,15:00,60,BREAKOUT,2.00,0.10,436,1.00,1.0892,50,206,0.012636,493,3,0.006085,488,234,47.95,3030.16,24480.62,-21450.46,1.14,15.86,2.31,186.37,67.85,250,8132.37,35462.00,510,1.0000,3.0000,0,200,0,600,0.000000,0.050000,488,0.00,50.00,0.00,50.00,0.00,0.00,0.00,0.00,0
NDX100,PERIOD_H1,15,0,15:00,60,BREAKOUT,2.00,0.10,430,2.50,1.2860,141,108,0.084664,538,50,0.092937,487,230,47.23,1853.90,21746.36,-19892.46,1.09,14.58,1.53,185.63,198.21,250,8132.37,35462.00,510,1.0000,3.0000,0,200,0,600,0.000000,0.050000,487,0.00,141.00,0.00,141.00,0.00,0.00,0.00,0.00,0
NDX100,PERIOD_H1,15,0,15:00,60,BREAKOUT,2.00,0.10,101,2.00,1.0562,146,853,0.024412,506,16,0.031621,488,233,47.75,2168.06,22202.76,-20034.70,1.11,13.31,1.74,185.98,157.23,250,8132.37,35462.00,510,1.0000,3.0000,0,200,0,600,0.000000,0.050000,488,0.00,146.00,0.00,146.00,0.00,0.00,0.00,0.00,0
NDX100,PERIOD_H1,15,0,15:00,60,BREAKOUT,2.00,0.10,106,1.00,1.0234,1,262,0.045796,513,24,0.046784,488,232,47.54,2010.56,23154.07,-21143.51,1.10,16.43,1.61,186.34,5.69,250,8132.37,35462.00,510,1.0000,3.0000,0,200,0,600,0.000000,0.050000,488,0.00,1.00,0.00,1.00,0.00,0.00,0.00,0.00,0
NDX100,PERIOD_H1,15,0,15:00,60,BREAKOUT,2.00,0.10,431,3.00,1.3530,366,1111,0.058098,518,33,0.063707,483,224,46.38,1232.04,20550.07,-19318.03,1.06,13.84,1.07,185.92,436.61,250,8132.37,35462.00,510,1.0000,3.0000,0,200,0,600,0.000000,0.050000,483,0.00,366.00,0.00,366.00,0.00,0.00,0.00,0.00,0
NDX100,PERIOD_H1,15,0,15:00,60,BREAKOUT,2.00,0.10,269,1.50,1.0979,142,269,0.046171,511,25,0.048924,485,233,48.04,2033.90,22102.19,-20068.29,1.10,16.05,1.65,186.28,161.59,250,8132.37,35462.00,510,1.0000,3.0000,0,200,0,600,0.000000,0.050000,485,0.00,142.00,0.00,142.00,0.00,0.00,0.00,0.00,0
NDX100,PERIOD_H1,15,0,15:00,60,BREAKOUT,2.00,0.10,267,2.50,1.1805,408,313,0.014689,494,7,0.014170,486,232,47.74,1733.44,21560.72,-19827.28,1.09,17.58,1.43,186.42,444.10,250,8132.37,35462.00,510,1.0000,3.0000,0,200,0,600,0.000000,0.050000,486,0.00,408.00,0.00,408.00,0.00,0.00,0.00,0.00,0
NDX100,PERIOD_H1,15,0,15:00,60,BREAKOUT,2.00,0.10,433,1.50,1.1551,80,637,0.003724,491,1,0.002037,488,231,47.34,2667.71,23540.74,-20873.03,1.13,13.35,2.07,185.92,111.02,250,8132.37,35462.00,510,1.0000,3.0000,0,200,0,600,0.000000,0.050000,488,0.00,80.00,0.00,80.00,0.00,0.00,0.00,0.00,0
NDX100,PERIOD_H1,15,0,15:00,60,BREAKOUT,2.00,0.10,104,1.50,1.0404,105,311,0.033539,508,18,0.035433,488,234,47.95,2737.85,23606.44,-20868.59,1.13,15.56,2.14,186.42,113.08,250,8132.37,35462.00,510,1.0000,3.0000,0,200,0,600,0.000000,0.050000,488,0.00,105.00,0.00,105.00,0.00,0.00,0.00,0.00,0
NDX100,PERIOD_H1,15,0,15:00,60,BREAKOUT,2.00,0.10,101,3.00,1.0898,219,1279,0.024412,505,16,0.031683,487,231,47.43,1518.57,20931.67,-19413.10,1.08,13.11,1.27,186.11,236.97,250,8132.37,35462.00,510,1.0000,3.0000,0,200,0,600,0.000000,0.050000,487,0.00,219.00,0.00,219.00,0.00,0.00,0.00,0.00,0
NDX100,PERIOD_H1,15,0,15:00,60,BREAKOUT,2.00,0.10,435,2.00,1.2226,369,957,0.051839,513,25,0.048733,486,231,47.53,1418.56,20710.66,-19292.10,1.07,17.47,1.20,186.09,413.53,250,8132.37,35462.00,510,1.0000,3.0000,0,200,0,600,0.000000,0.050000,486,0.00,369.00,0.00,369.00,0.00,0.00,0.00,0.00,0
NDX100,PERIOD_H1,15,0,15:00,60,BREAKOUT,2.00,0.10,268,2.00,1.1393,57,905,0.088128,541,56,0.103512,483,229,47.41,2708.09,23330.81,-20622.72,1.13,15.08,2.19,185.80,81.80,250,8132.37,35462.00,510,1.0000,3.0000,0,200,0,600,0.000000,0.050000,483,0.00,57.00,0.00,57.00,0.00,0.00,0.00,0.00,0
NDX100,PERIOD_H1,15,0,15:00,60,BREAKOUT,2.00,0.10,100,2.50,1.0724,19,248,0.050978,504,14,0.027778,488,234,47.95,2669.02,24559.92,-21890.90,1.12,15.98,2.06,186.37,33.48,250,8132.37,35462.00,510,1.0000,3.0000,0,200,0,600,0.000000,0.050000,488,0.00,19.00,0.00,19.00,0.00,0.00,0.00,0.00,0
NDX100,PERIOD_H1,15,0,15:00,60,BREAKOUT,2.00,0.10,266,3.00,1.2214,293,1195,0.041255,503,20,0.039761,481,224,46.57,1381.99,20921.15,-19539.16,1.07,15.98,1.17,186.38,337.29,250,8132.37,35462.00,510,1.0000,3.0000,0,200,0,600,0.000000,0.050000,481,0.00,293.00,0.00,293.00,0.00,0.00,0.00,0.00,0
NDX100,PERIOD_H1,15,0,15:00,60,BREAKOUT,2.00,0.10,272,1.00,1.0565,91,561,0.040934,507,17,0.033531,488,231,47.34,2941.71,23974.22,-21032.51,1.14,13.75,2.28,185.78,102.30,250,8132.37,35462.00,510,1.0000,3.0000,0,200,0,600,0.000000,0.050000,488,0.00,91.00,0.00,91.00,0.00,0.00,0.00,0.00,0
NDX100,PERIOD_H1,15,0,15:00,60,BREAKOUT,2.00,0.10,437,1.00,1.0894,116,533,0.049356,506,17,0.033597,487,231,47.43,2602.49,23320.91,-20718.42,1.13,12.60,2.05,185.81,133.88,250,8132.37,35462.00,510,1.0000,3.0000,0,200,0,600,0.000000,0.050000,487,0.00,116.00,0.00,116.00,0.00,0.00,0.00,0.00,0
NDX100,PERIOD_H1,15,0,15:00,60,BREAKOUT,2.00,0.10,431,2.50,1.2868,305,925,0.058098,517,32,0.061896,483,226,46.79,1525.89,21036.42,-19510.53,1.08,13.82,1.30,186.25,362.37,250,8132.37,35462.00,510,1.0000,3.0000,0,200,0,600,0.000000,0.050000,483,0.00,305.00,0.00,305.00,0.00,0.00,0.00,0.00,0
NDX100,PERIOD_H1,15,0,15:00,60,BREAKOUT,2.00,0.10,102,2.00,1.0566,277,307,0.097851,539,58,0.107607,479,235,49.06,2084.21,21471.42,-19387.21,1.11,12.23,1.73,186.17,288.32,250,8132.37,35462.00,510,1.0000,3.0000,0,200,0,600,0.000000,0.050000,479,0.00,277.00,0.00,277.00,0.00,0.00,0.00,0.00,0
NDX100,PERIOD_H1,15,0,15:00,60,BREAKOUT,2.00,0.10,107,1.00,1.0237,67,589,0.032513,508,18,0.035433,488,233,47.75,3145.78,24694.85,-21549.07,1.15,14.12,2.42,185.70,71.74,250,8132.37,35462.00,510,1.0000,3.0000,0,200,0,600,0.000000,0.050000,488,0.00,67.00,0.00,67.00,0.00,0.00,0.00,0.00,0
NDX100,PERIOD_H1,15,0,15:00,60,BREAKOUT,2.00,0.10,270,1.50,1.0983,240,760,0.026247,499,10,0.020040,487,232,47.64,2145.13,22197.44,-20052.31,1.11,13.65,1.73,185.71,259.65,250,8132.37,35462.00,510,1.0000,3.0000,0,200,0,600,0.000000,0.050000,487,0.00,240.00,0.00,240.00,0.00,0.00,0.00,0.00,0
NDX100,PERIOD_H1,15,0,15:00,60,BREAKOUT,2.00,0.10,432,3.00,1.3538,563,292,0.031532,493,11,0.022312,482,229,47.51,1457.83,20876.83,-19419.00,1.08,17.16,1.23,186.77,633.75,250,8132.37,35462.00,510,1.0000,3.0000,0,200,0,600,0.000000,0.050000,482,0.00,563.00,0.00,563.00,0.00,0.00,0.00,0.00,0
NDX100,PERIOD_H1,15,0,15:00,60,BREAKOUT,2.00,0.10,268,2.50,1.1811,72,1131,0.088128,541,56,0.103512,483,228,47.20,2561.91,23124.07,-20562.16,1.12,15.05,2.09,186.12,104.24,250,8132.37,35462.00,510,1.0000,3.0000,0,200,0,600,0.000000,0.050000,483,0.00,72.00,0.00,72.00,0.00,0.00,0.00,0.00,0
NDX100,PERIOD_H1,15,0,15:00,60,BREAKOUT,2.00,0.10,101,2.50,1.0730,183,1066,0.024412,506,16,0.031621,488,231,47.34,1518.01,20938.98,-19420.97,1.08,12.87,1.26,186.01,197.60,250,8132.37,35462.00,510,1.0000,3.0000,0,200,0,600,0.000000,0.050000,488,0.00,183.00,0.00,183.00,0.00,0.00,0.00,0.00,0
NDX100,PERIOD_H1,15,0,15:00,60,BREAKOUT,2.00,0.10,269,2.00,1.1399,189,359,0.061562,529,43,0.081285,485,232,47.84,1613.28,21207.73,-19594.45,1.08,15.78,1.36,185.74,216.99,250,8132.37,35462.00,510,1.0000,3.0000,0,200,0,600,0.000000,0.050000,485,0.00,189.00,0.00,189.00,0.00,0.00,0.00,0.00,0
NDX100,PERIOD_H1,15,0,15:00,60,BREAKOUT,2.00,0.10,102,3.00,1.0906,416,460,0.097851,538,59,0.109665,478,229,47.91,1222.37,20075.72,-18853.35,1.06,13.28,1.07,185.79,434.12,250,8132.37,35462.00,510,1.0000,3.0000,0,200,0,600,0.000000,0.050000,478,0.00,416.00,0.00,416.00,0.00,0.00,0.00,0.00,0
NDX100,PERIOD_H1,15,0,15:00,60,BREAKOUT,2.00,0.10,436,2.00,1.2231,100,411,0.025272,501,12,0.023952,487,228,46.82,2881.58,23822.61,-20941.03,1.14,12.47,2.23,185.63,144.62,250,8132.37,35462.00,510,1.0000,3.0000,0,200,0,600,0.000000,0.050000,487,0.00,100.00,0.00,100.00,0.00,0.00,0.00,0.00,0
NDX100,PERIOD_H1,15,0,15:00,60,BREAKOUT,2.00,0.10,434,1.50,1.1554,178,227,0.058804,510,21,0.041176,488,230,47.13,1856.05,22097.72,-20241.67,1.09,13.48,1.51,186.22,209.08,250,8132.37,35462.00,510,1.0000,3.0000,0,200,0,600,0.000000,0.050000,488,0.00,178.00,0.00,178.00,0.00,0.00,0.00,0.00,0
NDX100,PERIOD_H1,15,0,15:00,60,BREAKOUT,2.00,0.10,105,1.50,1.0407,203,802,0.013617,496,6,0.012097,488,231,47.34,2180.42,22403.71,-20223.29,1.11,11.67,1.75,185.62,211.14,250,8132.37,35462.00,510,1.0000,3.0000,0,200,0,600,0.000000,0.050000,488,0.00,203.00,0.00,203.00,0.00,0.00,0.00,0.00,0
NDX100,PERIOD_H1,15,0,15:00,60,BREAKOUT,2.00,0.10,267,3.00,1.2222,489,376,0.014689,491,6,0.012220,485,232,47.84,2069.96,21894.01,-19824.05,1.10,14.87,1.70,186.49,533.43,250,8132.37,35462.00,510,1.0000,3.0000,0,200,0,600,0.000000,0.050000,485,0.00,489.00,0.00,489.00,0.00,0.00,0.00,0.00,0
NDX100,PERIOD_H1,15,0,15:00,60,BREAKOUT,2.00,0.10,273,1.00,1.0568,157,288,0.027651,501,12,0.023952,487,231,47.43,2675.19,23990.05,-21314.86,1.13,15.31,2.08,186.30,168.35,250,8132.37,35462.00,510,1.0000,3.0000,0,200,0,600,0.000000,0.050000,487,0.00,157.00,0.00,157.00,0.00,0.00,0.00,0.00,0
NDX100,PERIOD_H1,15,0,15:00,60,BREAKOUT,2.00,0.10,438,1.00,1.0896,181,260,0.036073,514,25,0.048638,487,235,48.25,2713.50,23291.90,-20578.40,1.13,14.67,2.13,186.53,198.92,250,8132.37,35462.00,510,1.0000,3.0000,0,200,0,600,0.000000,0.050000,487,0.00,181.00,0.00,181.00,0.00,0.00,0.00,0.00,0
NDX100,PERIOD_H1,15,0,15:00,60,BREAKOUT,2.00,0.10,103,2.00,1.0571,8,961,0.071285,531,45,0.084746,484,231,47.73,2772.86,23748.73,-20975.87,1.13,17.72,2.19,186.33,19.41,250,8132.37,35462.00,510,1.0000,3.0000,0,200,0,600,0.000000,0.050000,484,0.00,8.00,0.00,8.00,0.00,0.00,0.00,0.00,0
NDX100,PERIOD_H1,15,0,15:00,60,BREAKOUT,2.00,0.10,108,1.00,1.0239,132,316,0.019231,498,8,0.016064,488,232,47.54,2842.73,23899.17,-21056.44,1.14,15.63,2.20,186.40,136.77,250,8132.37,35462.00,510,1.0000,3.0000,0,200,0,600,0.000000,0.050000,488,0.00,132.00,0.00,132.00,0.00,0.00,0.00,0.00,0
NDX100,PERIOD_H1,15,0,15:00,60,BREAKOUT,2.00,0.10,432,2.50,1.2874,469,243,0.031532,494,11,0.022267,483,231,47.83,1917.62,21843.30,-19925.68,1.10,17.46,1.58,186.81,526.49,250,8132.37,35462.00,510,1.0000,3.0000,0,200,0,600,0.000000,0.050000,483,0.00,469.00,0.00,469.00,0.00,0.00,0.00,0.00,0
NDX100,PERIOD_H1,15,0,15:00,60,BREAKOUT,2.00,0.10,269,2.50,1.1819,236,449,0.061562,528,43,0.081439,484,232,47.93,1402.17,20772.38,-19370.21,1.07,13.58,1.21,185.52,272.38,250,8132.37,35462.00,510,1.0000,3.0000,0,200,0,600,0.000000,0.050000,484,0.00,236.00,0.00,236.00,0.00,0.00,0.00,0.00,0
NDX100,PERIOD_H1,15,0,15:00,60,BREAKOUT,2.00,0.10,271,1.50,1.0986,38,351,0.006324,497,7,0.014085,488,234,47.95,2947.01,24510.04,-21563.03,1.14,16.09,2.27,185.94,57.72,250,8132.37,35462.00,510,1.0000,3.0000,0,200,0,600,0.000000,0.050000,488,0.00,38.00,0.00,38.00,0.00,0.00,0.00,0.00,0
NDX100,PERIOD_H1,15,0,15:00,60,BREAKOUT,2.00,0.10,433,3.00,1.3545,160,1273,0.004965,491,1,0.002037,488,229,46.93,1960.79,22199.44,-20238.65,1.10,12.64,1.58,186.23,230.90,250,8132.37,35462.00,510,1.0000,3.0000,0,200,0,600,0.000000,0.050000,488,0.00,160.00,0.00,160.00,0.00,0.00,0.00,0.00,0
NDX100,PERIOD_H1,15,0,15:00,60,BREAKOUT,2.00,0.10,437,2.00,1.2235,231,1066,0.098712,537,51,0.094972,484,228,47.11,1208.51,20392.60,-19184.09,1.06,13.63,1.04,186.06,275.71,250,8132.37,35462.00,510,1.0000,3.0000,0,200,0,600,0.000000,0.050000,484,0.00,231.00,0.00,231.00,0.00,0.00,0.00,0.00,0
NDX100,PERIOD_H1,15,0,15:00,60,BREAKOUT,2.00,0.10,270,2.00,1.1404,320,1013,0.034996,504,16,0.031746,486,228,46.91,1115.98,20436.11,-19320.13,1.06,18.34,0.95,185.93,348.08,250,8132.37,35462.00,510,1.0000,3.0000,0,200,0,600,0.000000,0.050000,486,0.00,320.00,0.00,320.00,0.00,0.00,0.00,0.00,0
NDX100,PERIOD_H1,15,0,15:00,60,BREAKOUT,2.00,0.10,102,2.50,1.0736,347,383,0.097851,540,60,0.111111,478,232,48.54,1838.53,21075.46,-19236.93,1.10,12.37,1.56,185.97,361.72,250,8132.37,35462.00,510,1.0000,3.0000,0,200,0,600,0.000000,0.050000,478,0.00,347.00,0.00,347.00,0.00,0.00,0.00,0.00,0
NDX100,PERIOD_H1,15,0,15:00,60,BREAKOUT,2.00,0.10,103,3.00,1.0913,13,1441,0.071285,531,45,0.084746,484,231,47.73,2804.19,23976.91,-21172.72,1.13,15.84,2.22,186.14,31.26,250,8132.37,35462.00,510,1.0000,3.0000,0,200,0,600,0.000000,0.050000,484,0.00,13.00,0.00,13.00,0.00,0.00,0.00,0.00,0
NDX100,PERIOD_H1,15,0,15:00,60,BREAKOUT,2.00,0.10,106,1.50,1.0410,2,393,0.068694,522,34,0.065134,487,229,47.02,1584.68,22584.00,-20999.32,1.08,16.39,1.31,185.63,10.20,250,8132.37,35462.00,510,1.0000,3.0000,0,200,0,600,0.000000,0.050000,487,0.00,2.00,0.00,2.00,0.00,0.00,0.00,0.00,0
NDX100,PERIOD_H1,15,0,15:00,60,BREAKOUT,2.00,0.10,435,1.50,1.1558,277,718,0.038879,508,20,0.039370,486,234,48.15,2815.32,22829.39,-20014.07,1.14,12.28,2.21,185.98,308.17,250,8132.37,35462.00,510,1.0000,3.0000,0,200,0,600,0.000000,0.050000,486,0.00,277.00,0.00,277.00,0.00,0.00,0.00,0.00,0
NDX100,PERIOD_H1,15,0,15:00,60,BREAKOUT,2.00,0.10,274,1.00,1.0569,22,15,0.014370,496,6,0.012097,489,235,48.06,2986.84,24559.56,-21572.72,1.14,15.45,2.27,185.86,33.39,250,8132.37,35462.00,510,1.0000,3.0000,0,200,0,600,0.000000,0.050000,489,0.00,22.00,0.00,22.00,0.00,0.00,0.00,0.00,0
NDX100,PERIOD_H1,15,0,15:00,60,BREAKOUT,2.00,0.10,268,3.00,1.2229,86,1357,0.088128,542,57,0.105166,483,228,47.20,2656.40,23108.18,-20451.78,1.13,14.11,2.16,186.04,125.68,250,8132.37,35462.00,510,1.0000,3.0000,0,200,0,600,0.000000,0.050000,483,0.00,86.00,0.00,86.00,0.00,0.00,0.00,0.00,0
NDX100,PERIOD_H1,15,0,15:00,60,BREAKOUT,2.00,0.10,104,2.00,1.0577,140,415,0.044719,513,23,0.044834,488,232,47.54,2832.03,23726.17,-20894.14,1.14,13.16,2.22,185.72,151.54,250,8132.37,35462.00,510,1.0000,3.0000,0,200,0,600,0.000000,0.050000,488,0.00,140.00,0.00,140.00,0.00,0.00,0.00,0.00,0
NDX100,PERIOD_H1,15,0,15:00,60,BREAKOUT,2.00,0.10,109,1.00,1.0240,198,43,0.005948,490,0,0.000000,489,233,47.65,2537.57,23263.95,-20726.38,1.12,13.71,1.97,185.81,202.81,250,8132.37,35462.00,510,1.0000,3.0000,0,200,0,600,0.000000,0.050000,489,0.00,198.00,0.00,198.00,0.00,0.00,0.00,0.00,0
NDX100,PERIOD_H1,15,0,15:00,60,BREAKOUT,2.00,0.10,439,1.00,1.0898,47,587,0.022790,498,8,0.016064,488,234,47.95,3246.84,24632.47,-21385.63,1.15,13.69,2.47,185.92,64.97,250,8132.37,35462.00,510,1.0000,3.0000,0,200,0,600,0.000000,0.050000,488,0.00,47.00,0.00,47.00,0.00,0.00,0.00,0.00,0
NDX100,PERIOD_H1,15,0,15:00,60,BREAKOUT,2.00,0.10,433,2.50,1.2880,133,1061,0.004965,491,1,0.002037,488,230,47.13,2447.28,22979.93,-20532.65,1.12,11.75,1.93,185.92,190.61,250,8132.37,35462.00,510,1.0000,3.0000,0,200,0,600,0.000000,0.050000,488,0.00,133.00,0.00,133.00,0.00,0.00,0.00,0.00,0
NDX100,PERIOD_H1,15,0,15:00,60,BREAKOUT,2.00,0.10,270,2.50,1.1825,400,1267,0.034996,505,17,0.033663,486,227,46.71,1011.87,20128.15,-19116.28,1.05,15.93,0.87,186.37,436.50,250,8132.37,35462.00,510,1.0000,3.0000,0,200,0,600,0.000000,0.050000,486,0.00,400.00,0.00,400.00,0.00,0.00,0.00,0.00,0
NDX100,PERIOD_H1,15,0,15:00,60,BREAKOUT,2.00,0.10,272,1.50,1.0989,137,841,0.061402,520,31,0.059615,487,230,47.23,2826.57,23402.56,-20575.99,1.14,12.76,2.23,185.88,156.78,250,8132.37,35462.00,510,1.0000,3.0000,0,200,0,600,0.000000,0.050000,487,0.00,137.00,0.00,137.00,0.00,0.00,0.00,0.00,0
NDX100,PERIOD_H1,15,0,15:00,60,BREAKOUT,2.00,0.10,434,3.00,1.3552,357,454,0.078405,521,36,0.069098,484,227,46.90,1000.45,20278.11,-19277.66,1.05,14.10,0.88,185.87,428.05,250,8132.37,35462.00,510,1.0000,3.0000,0,200,0,600,0.000000,0.050000,484,0.00,357.00,0.00,357.00,0.00,0.00,0.00,0.00,0
NDX100,PERIOD_H1,15,0,15:00,60,BREAKOUT,2.00,0.10,103,2.50,1.0742,11,1201,0.071285,531,45,0.084746,484,231,47.73,3011.55,24114.75,-21103.20,1.14,15.52,2.35,186.10,25.84,250,8132.37,35462.00,510,1.0000,3.0000,0,200,0,600,0.000000,0.050000,484,0.00,11.00,0.00,11.00,0.00,0.00,0.00,0.00,0
NDX100,PERIOD_H1,15,0,15:00,60,BREAKOUT,2.00,0.10,438,2.00,1.2240,363,520,0.072146,524,42,0.080153,480,231,48.13,1803.18,21161.96,-19358.78,1.09,14.28,1.52,186.05,407.80,250,8132.37,35462.00,510,1.0000,3.0000,0,200,0,600,0.000000,0.050000,480,0.00,363.00,0.00,363.00,0.00,0.00,0.00,0.00,0
NDX100,PERIOD_H1,15,0,15:00,60,BREAKOUT,2.00,0.10,271,2.00,1.1408,51,467,0.008432,499,9,0.018036,488,233,47.75,2567.33,23570.04,-21002.71,1.12,13.45,2.02,185.94,79.17,250,8132.37,35462.00,510,1.0000,3.0000,0,200,0,600,0.000000,0.050000,488,0.00,51.00,0.00,51.00,0.00,0.00,0.00,0.00,0
NDX100,PERIOD_H1,15,0,15:00,60,BREAKOUT,2.00,0.10,104,3.00,1.0923,209,623,0.044719,513,23,0.044834,488,231,47.34,2164.40,22222.56,-20058.16,1.11,11.90,1.75,185.82,227.46,250,8132.37,35462.00,510,1.0000,3.0000,0,200,0,600,0.000000,0.050000,488,0.00,209.00,0.00,209.00,0.00,0.00,0.00,0.00,0
NDX100,PERIOD_H1,15,0,15:00,60,BREAKOUT,2.00,0.10,107,1.50,1.0414,100,883,0.048769,518,28,0.054054,488,233,47.75,2794.12,23750.64,-20956.52,1.13,13.87,2.20,186.06,108.29,250,8132.37,35462.00,510,1.0000,3.0000,0,200,0,600,0.000000,0.050000,488,0.00,100.00,0.00,100.00,0.00,0.00,0.00,0.00,0
NDX100,PERIOD_H1,15,0,15:00,60,BREAKOUT,2.00,0.10,436,1.50,1.1562,75,309,0.018954,496,7,0.014113,487,231,47.43,2819.41,23842.33,-21022.92,1.13,15.35,2.18,186.23,106.23,250,8132.37,35462.00,510,1.0000,3.0000,0,200,0,600,0.000000,0.050000,487,0.00,75.00,0.00,75.00,0.00,0.00,0.00,0.00,0
NDX100,PERIOD_H1,15,0,15:00,60,BREAKOUT,2.00,0.10,275,1.00,1.0571,88,342,0.001086,490,0,0.000000,488,233,47.75,2838.86,23983.24,-21144.38,1.13,15.77,2.19,186.49,99.43,250,8132.37,35462.00,510,1.0000,3.0000,0,200,0,600,0.000000,0.050000,488,0.00,88.00,0.00,88.00,0.00,0.00,0.00,0.00,0
NDX100,PERIOD_H1,15,0,15:00,60,BREAKOUT,2.00,0.10,269,3.00,1.2239,283,539,0.061562,528,43,0.081439,484,231,47.73,1156.77,20260.60,-19103.83,1.06,15.94,1.01,185.41,327.78,250,8132.37,35462.00,510,1.0000,3.0000,0,200,0,600,0.000000,0.050000,484,0.00,283.00,0.00,283.00,0.00,0.00,0.00,0.00,0
NDX100,PERIOD_H1,15,0,15:00,60,BREAKOUT,2.00,0.10,105,2.00,1.0581,271,1069,0.018155,495,7,0.014141,486,231,47.53,1926.64,21936.00,-20009.36,1.10,12.57,1.57,185.96,282.63,250,8132.37,35462.00,510,1.0000,3.0000,0,200,0,600,0.000000,0.050000,486,0.00,271.00,0.00,271.00,0.00,0.00,0.00,0.00,0
NDX100,PERIOD_H1,15,0,15:00,60,BREAKOUT,2.00,0.10,110,1.00,1.0242,63,370,0.042666,506,16,0.031621,488,233,47.75,3249.10,24383.09,-21133.99,1.15,15.95,2.46,186.14,67.85,250,8132.37,35462.00,510,1.0000,3.0000,0,200,0,600,0.000000,0.050000,488,0.00,63.00,0.00,63.00,0.00,0.00,0.00,0.00,0
NDX100,PERIOD_H1,15,0,15:00,60,BREAKOUT,2.00,0.10,440,1.00,1.0900,112,314,0.009508,496,6,0.012097,488,234,47.95,2709.70,23660.50,-20950.80,1.13,14.88,2.11,186.58,130.01,250,8132.37,35462.00,510,1.0000,3.0000,0,200,0,600,0.000000,0.050000,488,0.00,112.00,0.00,112.00,0.00,0.00,0.00,0.00,0
NDX100,PERIOD_H1,15,0,15:00,60,BREAKOUT,2.00,0.10,434,2.50,1.2886,297,379,0.078405,522,37,0.070881,484,229,47.31,1727.20,21528.51,-19801.31,1.09,14.02,1.46,186.39,354.73,250,8132.37,35462.00,510,1.0000,3.0000,0,200,0,600,0.000000,0.050000,484,0.00,297.00,0.00,297.00,0.00,0.00,0.00,0.00,0
NDX100,PERIOD_H1,15,0,15:00,60,BREAKOUT,2.00,0.10,273,1.50,1.0993,235,432,0.041477,505,19,0.037624,484,231,47.73,2626.38,23407.26,-20780.88,1.13,10.15,2.08,186.15,254.87,250,8132.37,35462.00,510,1.0000,3.0000,0,200,0,600,0.000000,0.050000,484,0.00,235.00,0.00,235.00,0.00,0.00,0.00,0.00,0
NDX100,PERIOD_H1,15,0,15:00,60,BREAKOUT,2.00,0.10,271,2.50,1.1831,64,584,0.008432,499,9,0.018036,488,233,47.75,2359.36,23130.34,-20770.98,1.11,13.47,1.88,185.77,100.62,250,8132.37,35462.00,510,1.0000,3.0000,0,200,0,600,0.000000,0.050000,488,0.00,64.00,0.00,64.00,0.00,0.00,0.00,0.00,0
NDX100,PERIOD_H1,15,0,15:00,60,BREAKOUT,2.00,0.10,435,3.00,1.3562,553,1436,0.051839,507,25,0.049310,482,229,47.51,1220.17,20096.17,-18876.00,1.06,15.11,1.07,186.35,624.24,250,8132.37,35462.00,510,1.0000,3.0000,0,200,0,600,0.000000,0.050000,482,0.00,553.00,0.00,553.00,0.00,0.00,0.00,0.00,0
NDX100,PERIOD_H1,15,0,15:00,60,BREAKOUT,2.00,0.10,272,2.00,1.1413,182,1122,0.081869,535,48,0.089720,485,228,47.01,2431.01,22398.21,-19967.20,1.12,11.70,1.97,186.21,210.26,250,8132.37,35462.00,510,1.0000,3.0000,0,200,0,600,0.000000,0.050000,485,0.00,182.00,0.00,182.00,0.00,0.00,0.00,0.00,0
NDX100,PERIOD_H1,15,0,15:00,60,BREAKOUT,2.00,0.10,105,3.00,1.0930,406,1604,0.018155,496,8,0.016129,486,227,46.71,1118.62,20625.17,-19506.55,1.06,15.02,0.96,185.88,424.60,250,8132.37,35462.00,510,1.0000,3.0000,0,200,0,600,0.000000,0.050000,486,0.00,406.00,0.00,406.00,0.00,0.00,0.00,0.00,0
NDX100,PERIOD_H1,15,0,15:00,60,BREAKOUT,2.00,0.10,439,2.00,1.2246,94,1174,0.045579,511,21,0.041096,488,233,47.75,3410.98,24185.71,-20774.73,1.16,12.06,2.60,186.19,138.92,250,8132.37,35462.00,510,1.0000,3.0000,0,200,0,600,0.000000,0.050000,488,0.00,94.00,0.00,94.00,0.00,0.00,0.00,0.00,0
NDX100,PERIOD_H1,15,0,15:00,60,BREAKOUT,2.00,0.10,104,2.50,1.0750,175,519,0.044719,513,23,0.044834,488,231,47.34,2341.57,22549.97,-20208.40,1.12,12.02,1.88,185.74,190.00,250,8132.37,35462.00,510,1.0000,3.0000,0,200,0,600,0.000000,0.050000,488,0.00,175.00,0.00,175.00,0.00,0.00,0.00,0.00,0
NDX100,PERIOD_H1,15,0,15:00,60,BREAKOUT,2.00,0.10,108,1.50,1.0418,198,474,0.028847,506,16,0.031621,488,228,46.72,2075.76,22375.23,-20299.47,1.10,12.38,1.68,185.94,206.35,250,8132.37,35462.00,510,1.0000,3.0000,0,200,0,600,0.000000,0.050000,488,0.00,198.00,0.00,198.00,0.00,0.00,0.00,0.00,0
NDX100,PERIOD_H1,15,0,15:00,60,BREAKOUT,2.00,0.10,437,1.50,1.1565,173,799,0.074034,519,31,0.059730,486,226,46.50,1835.49,21798.26,-19962.77,1.09,12.86,1.51,185.80,204.30,250,8132.37,35462.00,510,1.0000,3.0000,0,200,0,600,0.000000,0.050000,486,0.00,173.00,0.00,173.00,0.00,0.00,0.00,0.00,0
NDX100,PERIOD_H1,15,0,15:00,60,BREAKOUT,2.00,0.10,276,1.00,1.0573,154,69,0.037805,514,26,0.050584,487,232,47.64,2053.67,22510.30,-20456.63,1.10,14.72,1.66,185.93,165.46,250,8132.37,35462.00,510,1.0000,3.0000,0,200,0,600,0.000000,0.050000,487,0.00,154.00,0.00,154.00,0.00,0.00,0.00,0.00,0
NDX100,PERIOD_H1,15,0,15:00,60,BREAKOUT,2.00,0.10,270,3.00,1.2246,480,1520,0.034996,503,18,0.035785,485,226,46.60,704.13,19764.43,-19060.30,1.04,16.60,0.62,185.92,524.92,250,8132.37,35462.00,510,1.0000,3.0000,0,200,0,600,0.000000,0.050000,485,0.00,480.00,0.00,480.00,0.00,0.00,0.00,0.00,0
NDX100,PERIOD_H1,15,0,15:00,60,BREAKOUT,2.00,0.10,106,2.00,1.0586,2,524,0.091592,538,50,0.092937,486,228,46.91,1514.60,22040.75,-20526.15,1.07,15.62,1.27,185.56,13.72,250,8132.37,35462.00,510,1.0000,3.0000,0,200,0,600,0.000000,0.050000,486,0.00,2.00,0.00,2.00,0.00,0.00,0.00,0.00,0
NDX100,PERIOD_H1,15,0,15:00,60,BREAKOUT,2.00,0.10,111,1.00,1.0245,129,97,0.029383,498,10,0.020080,487,236,48.46,3265.26,24282.23,-21016.97,1.16,15.78,2.47,185.87,133.90,250,8132.37,35462.00,510,1.0000,3.0000,0,200,0,600,0.000000,0.050000,487,0.00,129.00,0.00,129.00,0.00,0.00,0.00,0.00,0
NDX100,PERIOD_H1,15,0,15:00,60,BREAKOUT,2.00,0.10,441,1.00,1.0902,178,41,0.046226,512,23,0.044922,488,233,47.75,1879.97,21793.96,-19913.99,1.09,14.95,1.51,185.77,194.06,250,8132.37,35462.00,510,1.0000,3.0000,0,200,0,600,0.000000,0.050000,488,0.00,178.00,0.00,178.00,0.00,0.00,0.00,0.00,0
NDX100,PERIOD_H1,15,0,15:00,60,BREAKOUT,2.00,0.10,435,2.50,1.2894,461,1196,0.051839,509,25,0.049116,484,230,47.52,1521.27,20813.23,-19291.96,1.08,15.40,1.30,186.23,518.88,250,8132.37,35462.00,510,1.0000,3.0000,0,200,0,600,0.000000,0.050000,484,0.00,461.00,0.00,461.00,0.00,0.00,0.00,0.00,0
NDX100,PERIOD_H1,15,0,15:00,60,BREAKOUT,2.00,0.10,274,1.50,1.0997,34,23,0.021554,497,7,0.014085,489,235,48.06,3144.68,24625.72,-21481.04,1.15,15.47,2.39,185.91,53.93,250,8132.37,35462.00,510,1.0000,3.0000,0,200,0,600,0.000000,0.050000,489,0.00,34.00,0.00,34.00,0.00,0.00,0.00,0.00,0
NDX100,PERIOD_H1,15,0,15:00,60,BREAKOUT,2.00,0.10,440,2.00,1.2251,225,628,0.019016,499,10,0.020040,487,232,47.64,1889.32,21993.62,-20104.30,1.09,12.41,1.54,185.94,270.01,250,8132.37,35462.00,510,1.0000,3.0000,0,200,0,600,0.000000,0.050000,487,0.00,225.00,0.00,225.00,0.00,0.00,0.00,0.00,0
NDX100,PERIOD_H1,15,0,15:00,60,BREAKOUT,2.00,0.10,436,3.00,1.3569,150,617,0.025272,501,12,0.023952,487,227,46.61,2207.88,22296.24,-20088.36,1.11,11.26,1.77,185.74,221.39,250,8132.37,35462.00,510,1.0000,3.0000,0,200,0,600,0.000000,0.050000,487,0.00,150.00,0.00,150.00,0.00,0.00,0.00,0.00,0
NDX100,PERIOD_H1,15,0,15:00,60,BREAKOUT,2.00,0.10,272,2.50,1.1837,228,1402,0.081869,533,47,0.088180,484,229,47.31,2247.77,22225.36,-19977.59,1.11,12.57,1.84,186.30,264.74,250,8132.37,35462.00,510,1.0000,3.0000,0,200,0,600,0.000000,0.050000,484,0.00,228.00,0.00,228.00,0.00,0.00,0.00,0.00,0
NDX100,PERIOD_H1,15,0,15:00,60,BREAKOUT,2.00,0.10,273,2.00,1.1419,314,576,0.055303,514,29,0.056420,483,229,47.41,1957.60,21925.92,-19968.32,1.10,13.80,1.60,185.82,342.38,250,8132.37,35462.00,510,1.0000,3.0000,0,200,0,600,0.000000,0.050000,483,0.00,314.00,0.00,314.00,0.00,0.00,0.00,0.00,0
NDX100,PERIOD_H1,15,0,15:00,60,BREAKOUT,2.00,0.10,106,3.00,1.0938,3,785,0.091592,537,50,0.093110,485,228,47.01,1217.36,21642.97,-20425.61,1.06,16.12,1.04,185.65,21.75,250,8132.37,35462.00,510,1.0000,3.0000,0,200,0,600,0.000000,0.050000,485,0.00,3.00,0.00,3.00,0.00,0.00,0.00,0.00,0
NDX100,PERIOD_H1,15,0,15:00,60,BREAKOUT,2.00,0.10,105,2.50,1.0756,339,1337,0.018155,495,7,0.014141,486,229,47.12,1483.65,21306.90,-19823.25,1.07,15.30,1.24,186.04,354.12,250,8132.37,35462.00,510,1.0000,3.0000,0,200,0,600,0.000000,0.050000,486,0.00,339.00,0.00,339.00,0.00,0.00,0.00,0.00,0
NDX100,PERIOD_H1,15,0,15:00,60,BREAKOUT,2.00,0.10,109,1.50,1.0421,297,65,0.008922,488,0,0.000000,487,234,48.05,2471.17,23078.91,-20607.74,1.12,14.76,1.93,185.99,305.42,250,8132.37,35462.00,510,1.0000,3.0000,0,200,0,600,0.000000,0.050000,487,0.00,297.00,0.00,297.00,0.00,0.00,0.00,0.00,0
NDX100,PERIOD_H1,15,0,15:00,60,BREAKOUT,2.00,0.10,438,1.50,1.1568,272,390,0.054109,515,31,0.060194,482,235,48.76,2590.33,22930.18,-20339.85,1.13,13.83,2.06,186.12,303.36,250,8132.37,35462.00,510,1.0000,3.0000,0,200,0,600,0.000000,0.050000,482,0.00,272.00,0.00,272.00,0.00,0.00,0.00,0.00,0
NDX100,PERIOD_H1,15,0,15:00,60,BREAKOUT,2.00,0.10,277,1.00,1.0576,19,396,0.024523,505,15,0.029703,488,232,47.54,2654.49,23632.49,-20978.00,1.13,12.20,2.08,185.84,30.51,250,8132.37,35462.00,510,1.0000,3.0000,0,200,0,600,0.000000,0.050000,488,0.00,19.00,0.00,19.00,0.00,0.00,0.00,0.00,0
NDX100,PERIOD_H1,15,0,15:00,60,BREAKOUT,2.00,0.10,271,3.00,1.2253,77,701,0.008432,499,9,0.018036,488,233,47.75,2367.61,23056.65,-20689.04,1.11,12.59,1.88,185.67,122.07,250,8132.37,35462.00,510,1.0000,3.0000,0,200,0,600,0.000000,0.050000,488,0.00,77.00,0.00,77.00,0.00,0.00,0.00,0.00,0
NDX100,PERIOD_H1,15,0,15:00,60,BREAKOUT,2.00,0.10,107,2.00,1.0592,133,1178,0.065026,527,37,0.070209,488,234,47.95,2932.86,23792.81,-20859.95,1.14,12.74,2.31,185.98,144.84,250,8132.37,35462.00,510,1.0000,3.0000,0,200,0,600,0.000000,0.050000,488,0.00,133.00,0.00,133.00,0.00,0.00,0.00,0.00,0
NDX100,PERIOD_H1,15,0,15:00,60,BREAKOUT,2.00,0.10,112,1.00,1.0247,195,424,0.016102,501,12,0.023952,487,232,47.64,2934.28,23731.35,-20797.07,1.14,12.23,2.27,185.84,199.93,250,8132.37,35462.00,510,1.0000,3.0000,0,200,0,600,0.000000,0.050000,487,0.00,195.00,0.00,195.00,0.00,0.00,0.00,0.00,0
NDX100,PERIOD_H1,15,0,15:00,60,BREAKOUT,2.00,0.10,442,1.00,1.0905,44,368,0.032943,507,19,0.037475,486,236,48.56,3567.48,24286.01,-20718.53,1.17,12.16,2.68,186.25,62.09,250,8132.37,35462.00,510,1.0000,3.0000,0,200,0,600,0.000000,0.050000,486,0.00,44.00,0.00,44.00,0.00,0.00,0.00,0.00,0
NDX100,PERIOD_H1,15,0,15:00,60,BREAKOUT,2.00,0.10,436,2.50,1.2900,125,514,0.025272,501,12,0.023952,487,228,46.82,2398.03,22882.84,-20484.81,1.12,12.37,1.91,185.70,183.00,250,8132.37,35462.00,510,1.0000,3.0000,0,200,0,600,0.000000,0.050000,487,0.00,125.00,0.00,125.00,0.00,0.00,0.00,0.00,0
NDX100,PERIOD_H1,15,0,15:00,60,BREAKOUT,2.00,0.10,273,2.50,1.1845,392,720,0.055303,511,26,0.050881,483,228,47.20,1484.04,21281.98,-19797.94,1.07,14.50,1.24,185.94,428.90,250,8132.37,35462.00,510,1.0000,3.0000,0,200,0,600,0.000000,0.050000,483,0.00,392.00,0.00,392.00,0.00,0.00,0.00,0.00,0
NDX100,PERIOD_H1,15,0,15:00,60,BREAKOUT,2.00,0.10,274,2.00,1.1424,45,30,0.028739,497,7,0.014085,489,235,48.06,3005.74,24382.26,-21376.52,1.14,15.39,2.30,185.88,73.47,250,8132.37,35462.00,510,1.0000,3.0000,0,200,0,600,0.000000,0.050000,489,0.00,45.00,0.00,45.00,0.00,0.00,0.00,0.00,0
NDX100,PERIOD_H1,15,0,15:00,60,BREAKOUT,2.00,0.10,107,3.00,1.0947,200,1767,0.065026,527,38,0.072106,487,231,47.43,2391.58,22662.83,-20271.25,1.12,11.79,1.93,185.71,218.95,250,8132.37,35462.00,510,1.0000,3.0000,0,200,0,600,0.000000,0.050000,487,0.00,200.00,0.00,200.00,0.00,0.00,0.00,0.00,0
NDX100,PERIOD_H1,15,0,15:00,60,BREAKOUT,2.00,0.10,441,2.00,1.2255,356,82,0.092453,531,46,0.086629,483,234,48.45,1919.06,21572.47,-19653.41,1.10,16.94,1.58,185.89,396.14,250,8132.37,35462.00,510,1.0000,3.0000,0,200,0,600,0.000000,0.050000,483,0.00,356.00,0.00,356.00,0.00,0.00,0.00,0.00,0
NDX100,PERIOD_H1,15,0,15:00,60,BREAKOUT,2.00,0.10,437,3.00,1.3577,347,1598,0.098712,536,52,0.097015,482,225,46.68,921.29,19821.63,-18900.34,1.05,15.27,0.81,186.09,418.54,250,8132.37,35462.00,510,1.0000,3.0000,0,200,0,600,0.000000,0.050000,482,0.00,347.00,0.00,347.00,0.00,0.00,0.00,0.00,0
NDX100,PERIOD_H1,15,0,15:00,60,BREAKOUT,2.00,0.10,106,2.50,1.0762,3,654,0.091592,537,50,0.093110,485,228,47.01,1393.03,21890.86,-20497.83,1.07,15.70,1.18,185.86,18.23,250,8132.37,35462.00,510,1.0000,3.0000,0,200,0,600,0.000000,0.050000,485,0.00,3.00,0.00,3.00,0.00,0.00,0.00,0.00,0
NDX100,PERIOD_H1,15,0,15:00,60,BREAKOUT,2.00,0.10,275,1.50,1.1000,132,513,0.001630,491,1,0.002037,488,232,47.54,2622.07,23322.81,-20700.74,1.13,12.38,2.04,185.84,152.00,250,8132.37,35462.00,510,1.0000,3.0000,0,200,0,600,0.000000,0.050000,488,0.00,132.00,0.00,132.00,0.00,0.00,0.00,0.00,0
NDX100,PERIOD_H1,15,0,15:00,60,BREAKOUT,2.00,0.10,110,1.50,1.0424,95,555,0.064000,519,30,0.057803,487,228,46.82,2005.88,22347.14,-20341.26,1.10,15.87,1.62,185.71,103.48,250,8132.37,35462.00,510,1.0000,3.0000,0,200,0,600,0.000000,0.050000,487,0.00,95.00,0.00,95.00,0.00,0.00,0.00,0.00,0
NDX100,PERIOD_H1,15,0,15:00,60,BREAKOUT,2.00,0.10,439,1.50,1.1572,70,880,0.034185,502,12,0.023904,488,234,47.95,3338.17,24300.00,-20961.83,1.16,13.45,2.54,186.03,101.45,250,8132.37,35462.00,510,1.0000,3.0000,0,200,0,600,0.000000,0.050000,488,0.00,70.00,0.00,70.00,0.00,0.00,0.00,0.00,0
NDX100,PERIOD_H1,15,0,15:00,60,BREAKOUT,2.00,0.10,278,1.00,1.0577,85,123,0.011240,498,8,0.016064,488,235,48.16,2386.45,23368.54,-20982.09,1.11,15.59,1.87,186.24,96.55,250,8132.37,35462.00,510,1.0000,3.0000,0,200,0,600,0.000000,0.050000,488,0.00,85.00,0.00,85.00,0.00,0.00,0.00,0.00,0
NDX100,PERIOD_H1,15,0,15:00,60,BREAKOUT,2.00,0.10,272,3.00,1.2261,273,1682,0.081869,531,46,0.086629,483,227,47.00,1982.69,21607.54,-19624.85,1.10,14.42,1.65,186.31,318.22,250,8132.37,35462.00,510,1.0000,3.0000,0,200,0,600,0.000000,0.050000,483,0.00,273.00,0.00,273.00,0.00,0.00,0.00,0.00,0
NDX100,PERIOD_H1,15,0,15:00,60,BREAKOUT,2.00,0.10,108,2.00,1.0597,264,632,0.038462,507,18,0.035503,487,230,47.23,1841.59,21974.57,-20132.98,1.09,13.69,1.52,186.02,275.93,250,8132.37,35462.00,510,1.0000,3.0000,0,200,0,600,0.000000,0.050000,487,0.00,264.00,0.00,264.00,0.00,0.00,0.00,0.00,0
NDX100,PERIOD_H1,15,0,15:00,60,BREAKOUT,2.00,0.10,113,1.00,1.0248,60,151,0.002818,494,5,0.010121,487,234,48.05,3174.87,24600.01,-21425.14,1.15,15.12,2.41,186.37,64.97,250,8132.37,35462.00,510,1.0000,3.0000,0,200,0,600,0.000000,0.050000,487,0.00,60.00,0.00,60.00,0.00,0.00,0.00,0.00,0
NDX100,PERIOD_H1,15,0,15:00,60,BREAKOUT,2.00,0.10,443,1.00,1.0906,109,95,0.019662,502,12,0.023904,488,234,47.95,2394.03,23084.66,-20690.63,1.12,13.57,1.87,185.83,127.13,250,8132.37,35462.00,510,1.0000,3.0000,0,200,0,600,0.000000,0.050000,488,0.00,109.00,0.00,109.00,0.00,0.00,0.00,0.00,0
NDX100,PERIOD_H1,15,0,15:00,60,BREAKOUT,2.00,0.10,437,2.50,1.2906,289,1332,0.098712,537,53,0.098696,482,226,46.89,957.92,19953.41,-18995.49,1.05,16.08,0.85,186.12,347.12,250,8132.37,35462.00,510,1.0000,3.0000,0,200,0,600,0.000000,0.050000,482,0.00,289.00,0.00,289.00,0.00,0.00,0.00,0.00,0
NDX100,PERIOD_H1,15,0,15:00,60,BREAKOUT,2.00,0.10,107,2.50,1.0770,167,1472,0.065026,528,38,0.071970,488,233,47.75,2425.29,22632.96,-20207.67,1.12,11.63,1.94,185.59,182.39,250,8132.37,35462.00,510,1.0000,3.0000,0,200,0,600,0.000000,0.050000,488,0.00,167.00,0.00,167.00,0.00,0.00,0.00,0.00,0
NDX100,PERIOD_H1,15,0,15:00,60,BREAKOUT,2.00,0.10,276,1.50,1.1003,230,104,0.056707,522,35,0.067050,485,232,47.84,1418.59,21225.39,-19806.80,1.07,13.18,1.19,185.86,250.06,250,8132.37,35462.00,510,1.0000,3.0000,0,200,0,600,0.000000,0.050000,485,0.00,230.00,0.00,230.00,0.00,0.00,0.00,0.00,0
NDX100,PERIOD_H1,15,0,15:00,60,BREAKOUT,2.00,0.10,440,1.50,1.1576,169,471,0.014262,499,9,0.018036,488,231,47.34,2289.45,22606.25,-20316.80,1.11,11.61,1.82,185.72,200.51,250,8132.37,35462.00,510,1.0000,3.0000,0,200,0,600,0.000000,0.050000,488,0.00,169.00,0.00,169.00,0.00,0.00,0.00,0.00,0
NDX100,PERIOD_H1,15,0,15:00,60,BREAKOUT,2.00,0.10,274,2.50,1.1851,56,38,0.028739,497,7,0.014085,489,235,48.06,2998.89,24380.13,-21381.24,1.14,15.39,2.29,185.82,93.02,250,8132.37,35462.00,510,1.0000,3.0000,0,200,0,600,0.000000,0.050000,489,0.00,56.00,0.00,56.00,0.00,0.00,0.00,0.00,0
NDX100,PERIOD_H1,15,0,15:00,60,BREAKOUT,2.00,0.10,111,1.50,1.0428,194,146,0.044075,505,17,0.033663,487,237,48.67,3119.51,23102.01,-19982.50,1.16,14.77,2.40,186.18,202.57,250,8132.37,35462.00,510,1.0000,3.0000,0,200,0,600,0.000000,0.050000,487,0.00,194.00,0.00,194.00,0.00,0.00,0.00,0.00,0
NDX100,PERIOD_H1,15,0,15:00,60,BREAKOUT,2.00,0.10,108,3.00,1.0955,397,948,0.038462,506,18,0.035573,486,228,46.91,1683.17,21419.74,-19736.57,1.09,15.21,1.41,186.16,416.09,250,8132.37,35462.00,510,1.0000,3.0000,0,200,0,600,0.000000,0.050000,486,0.00,397.00,0.00,397.00,0.00,0.00,0.00,0.00,0
NDX100,PERIOD_H1,15,0,15:00,60,BREAKOUT,2.00,0.10,275,2.00,1.1428,176,684,0.002173,491,1,0.002037,488,231,47.34,2186.63,22390.16,-20203.53,1.11,11.21,1.74,185.69,204.57,250,8132.37,35462.00,510,1.0000,3.0000,0,200,0,600,0.000000,0.050000,488,0.00,176.00,0.00,176.00,0.00,0.00,0.00,0.00,0
NDX100,PERIOD_H1,15,0,15:00,60,BREAKOUT,2.00,0.10,442,2.00,1.2261,87,737,0.065886,523,36,0.068834,485,231,47.63,3166.40,23276.88,-20110.48,1.16,11.55,2.44,185.75,132.23,250,8132.37,35462.00,510,1.0000,3.0000,0,200,0,600,0.000000,0.050000,485,0.00,87.00,0.00,87.00,0.00,0.00,0.00,0.00,0
NDX100,PERIOD_H1,15,0,15:00,60,BREAKOUT,2.00,0.10,438,3.00,1.3584,544,780,0.072146,519,42,0.080925,477,228,47.80,989.12,19581.07,-18591.95,1.05,14.96,0.88,186.04,615.68,250,8132.37,35462.00,510,1.0000,3.0000,0,200,0,600,0.000000,0.050000,477,0.00,544.00,0.00,544.00,0.00,0.00,0.00,0.00,0
NDX100,PERIOD_H1,15,0,15:00,60,BREAKOUT,2.00,0.10,279,1.00,1.0579,150,451,0.047958,508,22,0.043307,484,230,47.52,2312.40,23173.56,-20861.16,1.11,12.68,1.85,185.95,161.58,250,8132.37,35462.00,510,1.0000,3.0000,0,200,0,600,0.000000,0.050000,484,0.00,150.00,0.00,150.00,0.00,0.00,0.00,0.00,0
NDX100,PERIOD_H1,15,0,15:00,60,BREAKOUT,2.00,0.10,273,3.00,1.2271,470,864,0.055303,508,26,0.051181,482,228,47.30,1067.28,20594.50,-19527.22,1.05,14.74,0.92,186.21,515.41,250,8132.37,35462.00,510,1.0000,3.0000,0,200,0,600,0.000000,0.050000,482,0.00,470.00,0.00,470.00,0.00,0.00,0.00,0.00,0
NDX100,PERIOD_H1,15,0,15:00,60,BREAKOUT,2.00,0.10,109,2.00,1.0601,396,86,0.011896,489,1,0.002045,486,233,47.94,1926.18,22070.95,-20144.77,1.10,15.75,1.56,185.88,408.02,250,8132.37,35462.00,510,1.0000,3.0000,0,200,0,600,0.000000,0.050000,486,0.00,396.00,0.00,396.00,0.00,0.00,0.00,0.00,0
NDX100,PERIOD_H1,15,0,15:00,60,BREAKOUT,2.00,0.10,114,1.00,1.0250,126,479,0.039537,513,23,0.044834,488,233,47.75,2915.38,23445.90,-20530.52,1.14,12.55,2.27,185.60,131.01,250,8132.37,35462.00,510,1.0000,3.0000,0,200,0,600,0.000000,0.050000,488,0.00,126.00,0.00,126.00,0.00,0.00,0.00,0.00,0
NDX100,PERIOD_H1,15,0,15:00,60,BREAKOUT,2.00,0.10,444,1.00,1.0908,175,423,0.006378,495,5,0.010101,488,231,47.34,2289.55,22605.45,-20315.90,1.11,12.34,1.83,185.83,193.16,250,8132.37,35462.00,510,1.0000,3.0000,0,200,0,600,0.000000,0.050000,488,0.00,175.00,0.00,175.00,0.00,0.00,0.00,0.00,0
NDX100,PERIOD_H1,15,0,15:00,60,BREAKOUT,2.00,0.10,438,2.50,1.2912,453,650,0.072146,523,43,0.082218,480,229,47.71,1133.54,19995.74,-18862.20,1.06,14.88,0.99,186.47,511.24,250,8132.37,35462.00,510,1.0000,3.0000,0,200,0,600,0.000000,0.050000,480,0.00,453.00,0.00,453.00,0.00,0.00,0.00,0.00,0
NDX100,PERIOD_H1,15,0,15:00,60,BREAKOUT,2.00,0.10,277,1.50,1.1007,29,595,0.036785,509,19,0.037328,488,231,47.34,2280.53,22860.70,-20580.17,1.11,12.22,1.83,185.88,49.15,250,8132.37,35462.00,510,1.0000,3.0000,0,200,0,600,0.000000,0.050000,488,0.00,29.00,0.00,29.00,0.00,0.00,0.00,0.00,0
NDX100,PERIOD_H1,15,0,15:00,60,BREAKOUT,2.00,0.10,275,2.50,1.1857,220,855,0.002173,490,1,0.002041,487,232,47.64,1939.90,22045.01,-20105.11,1.10,12.34,1.57,186.03,257.13,250,8132.37,35462.00,510,1.0000,3.0000,0,200,0,600,0.000000,0.050000,487,0.00,220.00,0.00,220.00,0.00,0.00,0.00,0.00,0
NDX100,PERIOD_H1,15,0,15:00,60,BREAKOUT,2.00,0.10,441,1.50,1.1579,267,62,0.069340,520,33,0.063462,486,234,48.15,2053.23,21776.85,-19723.62,1.10,14.57,1.66,185.88,295.10,250,8132.37,35462.00,510,1.0000,3.0000,0,200,0,600,0.000000,0.050000,486,0.00,267.00,0.00,267.00,0.00,0.00,0.00,0.00,0
NDX100,PERIOD_H1,15,0,15:00,60,BREAKOUT,2.00,0.10,108,2.50,1.0776,331,790,0.038462,506,18,0.035573,486,228,46.91,1490.90,21272.97,-19782.07,1.08,16.31,1.26,185.90,346.51,250,8132.37,35462.00,510,1.0000,3.0000,0,200,0,600,0.000000,0.050000,486,0.00,331.00,0.00,331.00,0.00,0.00,0.00,0.00,0
NDX100,PERIOD_H1,15,0,15:00,60,BREAKOUT,2.00,0.10,443,2.00,1.2266,219,191,0.039323,507,20,0.039448,486,236,48.56,2538.36,22769.74,-20231.38,1.13,13.38,2.01,186.75,264.32,250,8132.37,35462.00,510,1.0000,3.0000,0,200,0,600,0.000000,0.050000,486,0.00,219.00,0.00,219.00,0.00,0.00,0.00,0.00,0
NDX100,PERIOD_H1,15,0,15:00,60,BREAKOUT,2.00,0.10,112,1.50,1.0432,292,637,0.024152,502,15,0.029880,485,234,48.25,3010.26,23227.42,-20217.16,1.15,12.93,2.32,186.01,300.63,250,8132.37,35462.00,510,1.0000,3.0000,0,200,0,600,0.000000,0.050000,485,0.00,292.00,0.00,292.00,0.00,0.00,0.00,0.00,0
NDX100,PERIOD_H1,15,0,15:00,60,BREAKOUT,2.00,0.10,439,3.00,1.3594,141,1761,0.045579,510,20,0.039216,488,231,47.34,3095.03,23600.74,-20505.71,1.15,12.03,2.41,186.22,212.88,250,8132.37,35462.00,510,1.0000,3.0000,0,200,0,600,0.000000,0.050000,488,0.00,141.00,0.00,141.00,0.00,0.00,0.00,0.00,0
NDX100,PERIOD_H1,15,0,15:00,60,BREAKOUT,2.00,0.10,276,2.00,1.1433,307,138,0.075610,533,47,0.088180,484,233,48.14,2154.48,22147.89,-19993.41,1.11,15.90,1.77,186.22,335.66,250,8132.37,35462.00,510,1.0000,3.0000,0,200,0,600,0.000000,0.050000,484,0.00,307.00,0.00,307.00,0.00,0.00,0.00,0.00,0
NDX100,PERIOD_H1,15,0,15:00,60,BREAKOUT,2.00,0.10,109,3.00,1.0962,594,129,0.011896,485,2,0.004124,483,233,48.24,1777.73,21355.04,-19577.31,1.09,15.98,1.48,186.39,613.24,250,8132.37,35462.00,510,1.0000,3.0000,0,200,0,600,0.000000,0.050000,483,0.00,594.00,0.00,594.00,0.00,0.00,0.00,0.00,0
NDX100,PERIOD_H1,15,0,15:00,60,BREAKOUT,2.00,0.10,274,3.00,1.2278,67,45,0.028739,496,6,0.012097,489,235,48.06,2897.88,24056.51,-21158.63,1.14,15.18,2.23,185.79,112.56,250,8132.37,35462.00,510,1.0000,3.0000,0,200,0,600,0.000000,0.050000,489,0.00,67.00,0.00,67.00,0.00,0.00,0.00,0.00,0
NDX100,PERIOD_H1,15,0,15:00,60,BREAKOUT,2.00,0.10,280,1.00,1.0581,16,178,0.034675,506,17,0.033597,487,235,48.25,2935.10,24149.43,-21214.33,1.14,15.62,2.25,186.64,27.62,250,8132.37,35462.00,510,1.0000,3.0000,0,200,0,600,0.000000,0.050000,487,0.00,16.00,0.00,16.00,0.00,0.00,0.00,0.00,0
NDX100,PERIOD_H1,15,0,15:00,60,BREAKOUT,2.00,0.10,110,2.00,1.0606,127,740,0.085333,531,42,0.079096,487,230,47.23,1851.19,22072.47,-20221.28,1.09,15.16,1.51,186.04,139.12,250,8132.37,35462.00,510,1.0000,3.0000,0,200,0,600,0.000000,0.050000,487,0.00,127.00,0.00,127.00,0.00,0.00,0.00,0.00,0
NDX100,PERIOD_H1,15,0,15:00,60,BREAKOUT,2.00,0.10,115,1.00,1.0253,191,206,0.026255,500,10,0.020000,488,235,48.16,2929.83,23630.48,-20700.65,1.14,14.31,2.25,186.33,196.05,250,8132.37,35462.00,510,1.0000,3.0000,0,200,0,600,0.000000,0.050000,488,0.00,191.00,0.00,191.00,0.00,0.00,0.00,0.00,0
NDX100,PERIOD_H1,15,0,15:00,60,BREAKOUT,2.00,0.10,445,1.00,1.0910,40,150,0.043097,515,26,0.050485,487,235,48.25,2940.90,24087.16,-21146.26,1.14,15.33,2.30,186.22,58.20,250,8132.37,35462.00,510,1.0000,3.0000,0,200,0,600,0.000000,0.050000,487,0.00,40.00,0.00,40.00,0.00,0.00,0.00,0.00,0
NDX100,PERIOD_H1,15,0,15:00,60,BREAKOUT,2.00,0.10,278,1.50,1.1010,127,185,0.016860,502,14,0.027888,486,235,48.35,2967.52,23894.54,-20927.02,1.14,14.79,2.29,186.77,147.21,250,8132.37,35462.00,510,1.0000,3.0000,0,200,0,600,0.000000,0.050000,486,0.00,127.00,0.00,127.00,0.00,0.00,0.00,0.00,0
NDX100,PERIOD_H1,15,0,15:00,60,BREAKOUT,2.00,0.10,444,2.00,1.2271,350,845,0.012757,495,7,0.014141,486,232,47.74,1324.43,20718.17,-19393.74,1.07,15.58,1.12,185.87,395.41,250,8132.37,35462.00,510,1.0000,3.0000,0,200,0,600,0.000000,0.050000,486,0.00,350.00,0.00,350.00,0.00,0.00,0.00,0.00,0
NDX100,PERIOD_H1,15,0,15:00,60,BREAKOUT,2.00,0.10,113,1.50,1.0435,90,227,0.004228,494,5,0.010121,487,233,47.84,2969.20,24195.68,-21226.48,1.14,14.96,2.28,186.30,98.69,250,8132.37,35462.00,510,1.0000,3.0000,0,200,0,600,0.000000,0.050000,487,0.00,90.00,0.00,90.00,0.00,0.00,0.00,0.00,0
NDX100,PERIOD_H1,15,0,15:00,60,BREAKOUT,2.00,0.10,442,1.50,1.1583,66,552,0.049415,518,30,0.057915,486,232,47.74,3255.06,23565.89,-20310.83,1.16,12.12,2.49,185.75,97.66,250,8132.37,35462.00,510,1.0000,3.0000,0,200,0,600,0.000000,0.050000,486,0.00,66.00,0.00,66.00,0.00,0.00,0.00,0.00,0
NDX100,PERIOD_H1,15,0,15:00,60,BREAKOUT,2.00,0.10,276,2.50,1.1863,384,173,0.075610,534,48,0.089888,484,233,48.14,1753.71,21526.41,-19772.70,1.09,15.82,1.48,186.74,421.25,250,8132.37,35462.00,510,1.0000,3.0000,0,200,0,600,0.000000,0.050000,484,0.00,384.00,0.00,384.00,0.00,0.00,0.00,0.00,0
NDX100,PERIOD_H1,15,0,15:00,60,BREAKOUT,2.00,0.10,109,2.50,1.0782,495,108,0.011896,486,1,0.002058,485,232,47.84,1491.92,21485.59,-19993.67,1.07,15.99,1.24,186.01,510.63,250,8132.37,35462.00,510,1.0000,3.0000,0,200,0,600,0.000000,0.050000,485,0.00,495.00,0.00,495.00,0.00,0.00,0.00,0.00,0
NDX100,PERIOD_H1,15,0,15:00,60,BREAKOUT,2.00,0.10,439,2.50,1.2920,117,1467,0.045579,511,21,0.041096,488,233,47.75,3267.55,23994.41,-20726.86,1.16,12.14,2.51,185.84,175.40,250,8132.37,35462.00,510,1.0000,3.0000,0,200,0,600,0.000000,0.050000,488,0.00,117.00,0.00,117.00,0.00,0.00,0.00,0.00,0
NDX100,PERIOD_H1,15,0,15:00,60,BREAKOUT,2.00,0.10,277,2.00,1.1439,38,793,0.049046,519,29,0.055877,488,230,47.13,1831.59,22148.04,-20316.45,1.09,12.05,1.50,185.74,66.78,250,8132.37,35462.00,510,1.0000,3.0000,0,200,0,600,0.000000,0.050000,488,0.00,38.00,0.00,38.00,0.00,0.00,0.00,0.00,0
NDX100,PERIOD_H1,15,0,15:00,60,BREAKOUT,2.00,0.10,110,3.00,1.0969,190,1111,0.085333,531,42,0.079096,487,228,46.82,1572.11,21407.19,-19835.08,1.08,14.37,1.30,185.70,209.39,250,8132.37,35462.00,510,1.0000,3.0000,0,200,0,600,0.000000,0.050000,487,0.00,190.00,0.00,190.00,0.00,0.00,0.00,0.00,0
NDX100,PERIOD_H1,15,0,15:00,60,BREAKOUT,2.00,0.10,440,3.00,1.3601,337,942,0.019016,497,10,0.020121,485,230,47.42,1288.87,20752.22,-19463.35,1.07,15.20,1.10,186.09,409.02,250,8132.37,35462.00,510,1.0000,3.0000,0,200,0,600,0.000000,0.050000,485,0.00,337.00,0.00,337.00,0.00,0.00,0.00,0.00,0
NDX100,PERIOD_H1,15,0,15:00,60,BREAKOUT,2.00,0.10,275,3.00,1.2285,264,1026,0.002173,489,1,0.002045,486,229,47.12,1347.38,21151.67,-19804.29,1.07,17.14,1.12,185.81,309.70,250,8132.37,35462.00,510,1.0000,3.0000,0,200,0,600,0.000000,0.050000,486,0.00,264.00,0.00,264.00,0.00,0.00,0.00,0.00,0
NDX100,PERIOD_H1,15,0,15:00,60,BREAKOUT,2.00,0.10,281,1.00,1.0584,82,505,0.021393,506,16,0.031621,488,233,47.75,3001.76,23742.13,-20740.37,1.14,13.33,2.34,185.82,93.67,250,8132.37,35462.00,510,1.0000,3.0000,0,200,0,600,0.000000,0.050000,488,0.00,82.00,0.00,82.00,0.00,0.00,0.00,0.00,0
NDX100,PERIOD_H1,15,0,15:00,60,BREAKOUT,2.00,0.10,111,2.00,1.0612,258,195,0.058766,511,25,0.048924,485,238,49.07,3227.39,22897.69,-19670.30,1.16,15.03,2.50,186.47,268.89,250,8132.37,35462.00,510,1.0000,3.0000,0,200,0,600,0.000000,0.050000,485,0.00,258.00,0.00,258.00,0.00,0.00,0.00,0.00,0
NDX100,PERIOD_H1,15,0,15:00,60,BREAKOUT,2.00,0.10,116,1.00,1.0255,57,533,0.012972,492,2,0.004065,488,232,47.54,2600.07,23679.85,-21079.78,1.12,13.42,2.03,185.78,62.09,250,8132.37,35462.00,510,1.0000,3.0000,0,200,0,600,0.000000,0.050000,488,0.00,57.00,0.00,57.00,0.00,0.00,0.00,0.00,0
NDX100,PERIOD_H1,15,0,15:00,60,BREAKOUT,2.00,0.10,446,1.00,1.0913,106,477,0.029815,500,10,0.020000,488,229,46.93,2458.22,23196.59,-20738.37,1.12,14.52,1.94,185.85,124.25,250,8132.37,35462.00,510,1.0000,3.0000,0,200,0,600,0.000000,0.050000,488,0.00,106.00,0.00,106.00,0.00,0.00,0.00,0.00,0
NDX100,PERIOD_H1,15,0,15:00,60,BREAKOUT,2.00,0.10,279,1.50,1.1014,226,676,0.071937,523,38,0.072658,483,228,47.20,1224.91,20909.20,-19684.29,1.06,13.43,1.05,186.11,246.27,250,8132.37,35462.00,510,1.0000,3.0000,0,200,0,600,0.000000,0.050000,483,0.00,226.00,0.00,226.00,0.00,0.00,0.00,0.00,0
NDX100,PERIOD_H1,15,0,15:00,60,BREAKOUT,2.00,0.10,114,1.50,1.0438,189,718,0.059305,525,36,0.068571,487,232,47.64,2698.08,22793.69,-20095.61,1.13,11.74,2.15,185.53,197.76,250,8132.37,35462.00,510,1.0000,3.0000,0,200,0,600,0.000000,0.050000,487,0.00,189.00,0.00,189.00,0.00,0.00,0.00,0.00,0
NDX100,PERIOD_H1,15,0,15:00,60,BREAKOUT,2.00,0.10,445,2.00,1.2275,81,299,0.086193,534,47,0.088015,486,235,48.35,2525.19,22626.36,-20101.17,1.13,14.24,2.03,186.22,126.50,250,8132.37,35462.00,510,1.0000,3.0000,0,200,0,600,0.000000,0.050000,486,0.00,81.00,0.00,81.00,0.00,0.00,0.00,0.00,0
NDX100,PERIOD_H1,15,0,15:00,60,BREAKOUT,2.00,0.10,277,2.50,1.1871,48,991,0.049046,519,29,0.055877,488,228,46.72,1498.82,21770.00,-20271.18,1.07,14.97,1.24,186.07,85.41,250,8132.37,35462.00,510,1.0000,3.0000,0,200,0,600,0.000000,0.050000,488,0.00,48.00,0.00,48.00,0.00,0.00,0.00,0.00,0
NDX100,PERIOD_H1,15,0,15:00,60,BREAKOUT,2.00,0.10,443,1.50,1.1586,164,143,0.029492,503,13,0.025845,488,235,48.16,2433.55,22654.87,-20221.32,1.12,12.78,1.92,186.17,195.72,250,8132.37,35462.00,510,1.0000,3.0000,0,200,0,600,0.000000,0.050000,488,0.00,164.00,0.00,164.00,0.00,0.00,0.00,0.00,0
NDX100,PERIOD_H1,15,0,15:00,60,BREAKOUT,2.00,0.10,111,3.00,1.0979,387,292,0.058766,511,26,0.050881,484,235,48.55,2470.54,21572.02,-19101.48,1.13,17.37,2.00,186.43,404.43,250,8132.37,35462.00,510,1.0000,3.0000,0,200,0,600,0.000000,0.050000,484,0.00,387.00,0.00,387.00,0.00,0.00,0.00,0.00,0
NDX100,PERIOD_H1,15,0,15:00,60,BREAKOUT,2.00,0.10,278,2.00,1.1444,170,247,0.022480,503,15,0.029821,486,233,47.94,2349.66,22436.54,-20086.88,1.12,13.88,1.87,186.63,198.87,250,8132.37,35462.00,510,1.0000,3.0000,0,200,0,600,0.000000,0.050000,486,0.00,170.00,0.00,170.00,0.00,0.00,0.00,0.00,0
NDX100,PERIOD_H1,15,0,15:00,60,BREAKOUT,2.00,0.10,110,2.50,1.0788,159,925,0.085333,531,42,0.079096,487,229,47.02,1852.70,22073.88,-20221.18,1.09,15.55,1.51,186.07,174.75,250,8132.37,35462.00,510,1.0000,3.0000,0,200,0,600,0.000000,0.050000,487,0.00,159.00,0.00,159.00,0.00,0.00,0.00,0.00,0
NDX100,PERIOD_H1,15,0,15:00,60,BREAKOUT,2.00,0.10,441,3.00,1.3609,534,124,0.092453,526,46,0.087452,480,233,48.54,1285.68,20210.16,-18924.48,1.07,16.58,1.11,186.06,598.23,250,8132.37,35462.00,510,1.0000,3.0000,0,200,0,600,0.000000,0.050000,480,0.00,534.00,0.00,534.00,0.00,0.00,0.00,0.00,0
NDX100,PERIOD_H1,15,0,15:00,60,BREAKOUT,2.00,0.10,440,2.50,1.2926,281,785,0.019016,497,10,0.020121,485,230,47.42,1595.09,21238.12,-19643.03,1.08,15.21,1.33,185.74,339.52,250,8132.37,35462.00,510,1.0000,3.0000,0,200,0,600,0.000000,0.050000,485,0.00,281.00,0.00,281.00,0.00,0.00,0.00,0.00,0
NDX100,PERIOD_H1,15,0,15:00,60,BREAKOUT,2.00,0.10,282,1.00,1.0585,147,232,0.008110,492,2,0.004065,488,234,47.95,2977.90,24118.05,-21140.15,1.14,15.05,2.28,186.33,158.71,250,8132.37,35462.00,510,1.0000,3.0000,0,200,0,600,0.000000,0.050000,488,0.00,147.00,0.00,147.00,0.00,0.00,0.00,0.00,0
NDX100,PERIOD_H1,15,0,15:00,60,BREAKOUT,2.00,0.10,276,3.00,1.2293,461,208,0.075610,532,49,0.092105,483,232,48.03,1379.84,21006.94,-19627.10,1.07,16.15,1.19,186.51,506.85,250,8132.37,35462.00,510,1.0000,3.0000,0,200,0,600,0.000000,0.050000,483,0.00,461.00,0.00,461.00,0.00,0.00,0.00,0.00,0
NDX100,PERIOD_H1,15,0,15:00,60,BREAKOUT,2.00,0.10,112,2.00,1.0616,389,849,0.032203,509,22,0.043222,485,232,47.84,2271.06,21903.85,-19632.79,1.12,14.81,1.83,185.92,401.33,250,8132.37,35462.00,510,1.0000,3.0000,0,200,0,600,0.000000,0.050000,485,0.00,389.00,0.00,389.00,0.00,0.00,0.00,0.00,0
NDX100,PERIOD_H1,15,0,15:00,60,BREAKOUT,2.00,0.10,117,1.00,1.0256,123,260,0.049690,520,31,0.059615,487,234,48.05,2867.71,23486.62,-20618.91,1.14,13.34,2.25,186.41,128.13,250,8132.37,35462.00,510,1.0000,3.0000,0,200,0,600,0.000000,0.050000,487,0.00,123.00,0.00,123.00,0.00,0.00,0.00,0.00,0
NDX100,PERIOD_H1,15,0,15:00,60,BREAKOUT,2.00,0.10,280,1.50,1.1017,24,266,0.052013,513,25,0.048733,486,234,48.15,2996.78,23883.36,-20886.58,1.14,15.24,2.30,186.47,44.34,250,8132.37,35462.00,510,1.0000,3.0000,0,200,0,600,0.000000,0.050000,486,0.00,24.00,0.00,24.00,0.00,0.00,0.00,0.00,0
NDX100,PERIOD_H1,15,0,15:00,60,BREAKOUT,2.00,0.10,115,1.50,1.0442,287,309,0.039383,506,18,0.035573,486,234,48.15,2865.12,23313.78,-20448.66,1.14,15.45,2.22,186.36,295.84,250,8132.37,35462.00,510,1.0000,3.0000,0,200,0,600,0.000000,0.050000,486,0.00,287.00,0.00,287.00,0.00,0.00,0.00,0.00,0
NDX100,PERIOD_H1,15,0,15:00,60,BREAKOUT,2.00,0.10,447,1.00,1.0914,172,204,0.016532,502,13,0.025896,487,234,48.05,1988.77,22110.48,-20121.71,1.10,15.55,1.61,186.37,190.29,250,8132.37,35462.00,510,1.0000,3.0000,0,200,0,600,0.000000,0.050000,487,0.00,172.00,0.00,172.00,0.00,0.00,0.00,0.00,0
NDX100,PERIOD_H1,15,0,15:00,60,BREAKOUT,2.00,0.10,446,2.00,1.2281,212,953,0.059630,514,27,0.052529,485,228,47.01,1485.11,21280.54,-19795.43,1.08,14.66,1.26,186.36,257.63,250,8132.37,35462.00,510,1.0000,3.0000,0,200,0,600,0.000000,0.050000,485,0.00,212.00,0.00,212.00,0.00,0.00,0.00,0.00,0
NDX100,PERIOD_H1,15,0,15:00,60,BREAKOUT,2.00,0.10,278,2.50,1.1877,212,309,0.022480,502,15,0.029880,485,233,48.04,2253.88,22329.18,-20075.30,1.11,14.36,1.81,186.56,249.53,250,8132.37,35462.00,510,1.0000,3.0000,0,200,0,600,0.000000,0.050000,485,0.00,212.00,0.00,212.00,0.00,0.00,0.00,0.00,0
NDX100,PERIOD_H1,15,0,15:00,60,BREAKOUT,2.00,0.10,112,3.00,1.0986,584,1273,0.032203,504,21,0.041667,483,229,47.41,1422.96,20568.67,-19145.71,1.07,15.78,1.21,186.53,603.73,250,8132.37,35462.00,510,1.0000,3.0000,0,200,0,600,0.000000,0.050000,483,0.00,584.00,0.00,584.00,0.00,0.00,0.00,0.00,0
NDX100,PERIOD_H1,15,0,15:00,60,BREAKOUT,2.00,0.10,111,2.50,1.0795,323,243,0.058766,510,25,0.049020,484,235,48.55,2716.24,22021.16,-19304.92,1.14,17.99,2.16,186.57,337.16,250,8132.37,35462.00,510,1.0000,3.0000,0,200,0,600,0.000000,0.050000,484,0.00,323.00,0.00,323.00,0.00,0.00,0.00,0.00,0
NDX100,PERIOD_H1,15,0,15:00,60,BREAKOUT,2.00,0.10,444,1.50,1.1589,262,634,0.009568,494,6,0.012146,486,233,47.94,1887.71,21736.83,-19849.12,1.10,12.94,1.55,185.92,293.79,250,8132.37,35462.00,510,1.0000,3.0000,0,200,0,600,0.000000,0.050000,486,0.00,262.00,0.00,262.00,0.00,0.00,0.00,0.00,0
NDX100,PERIOD_H1,15,0,15:00,60,BREAKOUT,2.00,0.10,279,2.00,1.1448,301,901,0.095917,536,53,0.098881,481,226,46.99,865.71,20378.60,-19512.89,1.04,17.04,0.77,186.41,329.96,250,8132.37,35462.00,510,1.0000,3.0000,0,200,0,600,0.000000,0.050000,481,0.00,301.00,0.00,301.00,0.00,0.00,0.00,0.00,0
NDX100,PERIOD_H1,15,0,15:00,60,BREAKOUT,2.00,0.10,442,3.00,1.3618,131,1105,0.065886,523,36,0.068834,485,229,47.22,2557.11,21992.34,-19435.23,1.13,10.56,2.03,185.66,203.37,250,8132.37,35462.00,510,1.0000,3.0000,0,200,0,600,0.000000,0.050000,485,0.00,131.00,0.00,131.00,0.00,0.00,0.00,0.00,0
NDX100,PERIOD_H1,15,0,15:00,60,BREAKOUT,2.00,0.10,441,2.50,1.2932,445,103,0.092453,530,46,0.086792,483,233,48.24,1592.80,20894.62,-19301.82,1.08,16.63,1.34,186.04,497.19,250,8132.37,35462.00,510,1.0000,3.0000,0,200,0,600,0.000000,0.050000,483,0.00,445.00,0.00,445.00,0.00,0.00,0.00,0.00,0
NDX100,PERIOD_H1,15,0,15:00,60,BREAKOUT,2.00,0.10,283,1.00,1.0587,13,559,0.044829,508,18,0.035433,488,231,47.34,2460.92,23635.92,-21175.00,1.12,13.48,1.93,185.67,24.74,250,8132.37,35462.00,510,1.0000,3.0000,0,200,0,600,0.000000,0.050000,488,0.00,13.00,0.00,13.00,0.00,0.00,0.00,0.00,0
NDX100,PERIOD_H1,15,0,15:00,60,BREAKOUT,2.00,0.10,277,3.00,1.2302,57,1189,0.049046,519,29,0.055877,488,229,46.93,1715.02,21831.24,-20116.22,1.09,12.29,1.42,186.05,103.05,250,8132.37,35462.00,510,1.0000,3.0000,0,200,0,600,0.000000,0.050000,488,0.00,57.00,0.00,57.00,0.00,0.00,0.00,0.00,0
NDX100,PERIOD_H1,15,0,15:00,60,BREAKOUT,2.00,0.10,118,1.00,1.0258,188,587,0.036409,507,17,0.033531,488,228,46.72,1206.72,20399.84,-19193.12,1.06,11.97,1.02,185.92,193.16,250,8132.37,35462.00,510,1.0000,3.0000,0,200,0,600,0.000000,0.050000,488,0.00,188.00,0.00,188.00,0.00,0.00,0.00,0.00,0
NDX100,PERIOD_H1,15,0,15:00,60,BREAKOUT,2.00,0.10,113,2.00,1.0621,121,303,0.005637,494,5,0.010121,487,233,47.84,2933.61,24039.30,-21105.69,1.14,14.29,2.25,186.38,133.42,250,8132.37,35462.00,510,1.0000,3.0000,0,200,0,600,0.000000,0.050000,487,0.00,121.00,0.00,121.00,0.00,0.00,0.00,0.00,0
NDX100,PERIOD_H1,15,0,15:00,60,BREAKOUT,2.00,0.10,116,1.50,1.0445,86,799,0.019458,494,4,0.008097,488,232,47.54,2323.73,23182.03,-20858.30,1.11,13.54,1.84,185.80,94.91,250,8132.37,35462.00,510,1.0000,3.0000,0,200,0,600,0.000000,0.050000,488,0.00,86.00,0.00,86.00,0.00,0.00,0.00,0.00,0
NDX100,PERIOD_H1,15,0,15:00,60,BREAKOUT,2.00,0.10,448,1.00,1.0916,37,531,0.003249,491,1,0.002037,488,232,47.54,2940.35,24068.41,-21128.06,1.14,13.43,2.26,185.82,55.32,250,8132.37,35462.00,510,1.0000,3.0000,0,200,0,600,0.000000,0.050000,488,0.00,37.00,0.00,37.00,0.00,0.00,0.00,0.00,0
NDX100,PERIOD_H1,15,0,15:00,60,BREAKOUT,2.00,0.10,281,1.50,1.1021,122,757,0.032090,511,21,0.041096,488,233,47.75,3081.80,23748.90,-20667.10,1.15,12.58,2.41,185.59,142.42,250,8132.37,35462.00,510,1.0000,3.0000,0,200,0,600,0.000000,0.050000,488,0.00,122.00,0.00,122.00,0.00,0.00,0.00,0.00,0
NDX100,PERIOD_H1,15,0,15:00,60,BREAKOUT,2.00,0.10,447,2.00,1.2286,343,408,0.033064,514,27,0.052529,485,229,47.22,1056.56,20521.92,-19465.36,1.05,15.97,0.91,185.83,388.72,250,8132.37,35462.00,510,1.0000,3.0000,0,200,0,600,0.000000,0.050000,485,0.00,343.00,0.00,343.00,0.00,0.00,0.00,0.00,0
NDX100,PERIOD_H1,15,0,15:00,60,BREAKOUT,2.00,0.10,113,3.00,1.0994,181,454,0.005637,494,5,0.010121,487,230,47.23,2712.64,23158.15,-20445.51,1.13,10.82,2.11,185.82,200.87,250,8132.37,35462.00,510,1.0000,3.0000,0,200,0,600,0.000000,0.050000,487,0.00,181.00,0.00,181.00,0.00,0.00,0.00,0.00,0
NDX100,PERIOD_H1,15,0,15:00,60,BREAKOUT,2.00,0.10,280,2.00,1.1453,32,355,0.069350,525,39,0.074286,484,233,48.14,2891.63,23678.19,-20786.56,1.14,16.41,2.25,186.04,61.05,250,8132.37,35462.00,510,1.0000,3.0000,0,200,0,600,0.000000,0.050000,484,0.00,32.00,0.00,32.00,0.00,0.00,0.00,0.00,0
NDX100,PERIOD_H1,15,0,15:00,60,BREAKOUT,2.00,0.10,279,2.50,1.1883,376,1126,0.095917,535,52,0.097196,481,225,46.78,751.79,19983.36,-19231.57,1.04,16.14,0.68,186.23,413.65,250,8132.37,35462.00,510,1.0000,3.0000,0,200,0,600,0.000000,0.050000,481,0.00,376.00,0.00,376.00,0.00,0.00,0.00,0.00,0
NDX100,PERIOD_H1,15,0,15:00,60,BREAKOUT,2.00,0.10,112,2.50,1.0801,487,1061,0.032203,507,22,0.043393,485,230,47.42,1469.50,20840.28,-19370.78,1.08,15.66,1.24,186.00,503.03,250,8132.37,35462.00,510,1.0000,3.0000,0,200,0,600,0.000000,0.050000,485,0.00,487.00,0.00,487.00,0.00,0.00,0.00,0.00,0
NDX100,PERIOD_H1,15,0,15:00,60,BREAKOUT,2.00,0.10,445,1.50,1.1593,61,224,0.064645,523,35,0.066922,486,236,48.56,2592.70,23289.10,-20696.40,1.13,14.89,2.07,186.18,92.85,250,8132.37,35462.00,510,1.0000,3.0000,0,200,0,600,0.000000,0.050000,486,0.00,61.00,0.00,61.00,0.00,0.00,0.00,0.00,0
NDX100,PERIOD_H1,15,0,15:00,60,BREAKOUT,2.00,0.10,443,3.00,1.3626,328,286,0.039323,506,21,0.041502,484,233,48.14,1883.31,21525.86,-19642.55,1.10,14.82,1.55,186.47,400.51,250,8132.37,35462.00,510,1.0000,3.0000,0,200,0,600,0.000000,0.050000,484,0.00,328.00,0.00,328.00,0.00,0.00,0.00,0.00,0
NDX100,PERIOD_H1,15,0,15:00,60,BREAKOUT,2.00,0.10,442,2.50,1.2940,109,921,0.065886,523,36,0.068834,485,231,47.63,2956.34,22934.92,-19978.58,1.15,11.82,2.30,186.04,167.80,250,8132.37,35462.00,510,1.0000,3.0000,0,200,0,600,0.000000,0.050000,485,0.00,109.00,0.00,109.00,0.00,0.00,0.00,0.00,0
NDX100,PERIOD_H1,15,0,15:00,60,BREAKOUT,2.00,0.10,119,1.00,1.0261,54,314,0.023125,500,11,0.022000,487,233,47.84,2409.11,23576.82,-21167.71,1.11,16.69,1.90,186.76,59.21,250,8132.37,35462.00,510,1.0000,3.0000,0,200,0,600,0.000000,0.050000,487,0.00,54.00,0.00,54.00,0.00,0.00,0.00,0.00,0
NDX100,PERIOD_H1,15,0,15:00,60,BREAKOUT,2.00,0.10,114,2.00,1.0626,252,957,0.079073,538,50,0.092937,486,233,47.94,1970.77,21722.73,-19751.96,1.10,14.66,1.63,185.79,264.51,250,8132.37,35462.00,510,1.0000,3.0000,0,200,0,600,0.000000,0.050000,486,0.00,252.00,0.00,252.00,0.00,0.00,0.00,0.00,0
NDX100,PERIOD_H1,15,0,15:00,60,BREAKOUT,2.00,0.10,284,1.00,1.0590,78,286,0.031547,499,10,0.020040,487,233,47.84,2591.42,23664.63,-21073.21,1.12,15.53,2.03,186.42,89.79,250,8132.37,35462.00,510,1.0000,3.0000,0,200,0,600,0.000000,0.050000,487,0.00,78.00,0.00,78.00,0.00,0.00,0.00,0.00,0
NDX100,PERIOD_H1,15,0,15:00,60,BREAKOUT,2.00,0.10,278,3.00,1.2310,254,370,0.022480,502,16,0.031873,484,234,48.35,2678.11,22680.70,-20002.59,1.13,12.15,2.12,186.39,300.19,250,8132.37,35462.00,510,1.0000,3.0000,0,200,0,600,0.000000,0.050000,484,0.00,254.00,0.00,254.00,0.00,0.00,0.00,0.00,0
NDX100,PERIOD_H1,15,0,15:00,60,BREAKOUT,2.00,0.10,282,1.50,1.1024,221,348,0.012165,492,4,0.008130,486,232,47.74,2531.19,23037.79,-20506.60,1.12,14.72,1.99,186.19,241.49,250,8132.37,35462.00,510,1.0000,3.0000,0,200,0,600,0.000000,0.050000,486,0.00,221.00,0.00,221.00,0.00,0.00,0.00,0.00,0
NDX100,PERIOD_H1,15,0,15:00,60,BREAKOUT,2.00,0.10,114,3.00,1.1001,378,1436,0.079073,537,50,0.093110,485,231,47.63,1891.49,21377.75,-19486.26,1.10,14.23,1.59,185.81,398.02,250,8132.37,35462.00,510,1.0000,3.0000,0,200,0,600,0.000000,0.050000,485,0.00,378.00,0.00,378.00,0.00,0.00,0.00,0.00,0
NDX100,PERIOD_H1,15,0,15:00,60,BREAKOUT,2.00,0.10,280,2.50,1.1888,40,444,0.069350,525,39,0.074286,484,232,47.93,2777.62,23452.28,-20674.66,1.13,14.20,2.18,185.77,77.77,250,8132.37,35462.00,510,1.0000,3.0000,0,200,0,600,0.000000,0.050000,484,0.00,40.00,0.00,40.00,0.00,0.00,0.00,0.00,0
NDX100,PERIOD_H1,15,0,15:00,60,BREAKOUT,2.00,0.10,448,2.00,1.2290,75,1062,0.006497,494,4,0.008097,488,229,46.93,2394.05,23057.51,-20663.46,1.12,12.44,1.90,185.96,120.81,250,8132.37,35462.00,510,1.0000,3.0000,0,200,0,600,0.000000,0.050000,488,0.00,75.00,0.00,75.00,0.00,0.00,0.00,0.00,0
NDX100,PERIOD_H1,15,0,15:00,60,BREAKOUT,2.00,0.10,449,1.00,1.0918,103,258,0.039967,513,25,0.048733,486,229,47.12,2121.10,22640.54,-20519.44,1.10,15.90,1.70,186.43,121.36,250,8132.37,35462.00,510,1.0000,3.0000,0,200,0,600,0.000000,0.050000,486,0.00,103.00,0.00,103.00,0.00,0.00,0.00,0.00,0
NDX100,PERIOD_H1,15,0,15:00,60,BREAKOUT,2.00,0.10,117,1.50,1.0449,184,390,0.074535,527,39,0.074004,486,231,47.53,2660.31,22743.26,-20082.95,1.13,9.88,2.12,185.79,192.97,250,8132.37,35462.00,510,1.0000,3.0000,0,200,0,600,0.000000,0.050000,486,0.00,184.00,0.00,184.00,0.00,0.00,0.00,0.00,0
NDX100,PERIOD_H1,15,0,15:00,60,BREAKOUT,2.00,0.10,113,2.50,1.0807,151,379,0.005637,494,5,0.010121,487,233,47.84,3284.31,24489.99,-21205.68,1.15,11.93,2.49,186.15,167.15,250,8132.37,35462.00,510,1.0000,3.0000,0,200,0,600,0.000000,0.050000,487,0.00,151.00,0.00,151.00,0.00,0.00,0.00,0.00,0
NDX100,PERIOD_H1,15,0,15:00,60,BREAKOUT,2.00,0.10,443,2.50,1.2946,273,239,0.039323,506,20,0.039526,485,234,48.25,2152.40,22094.30,-19941.90,1.11,15.91,1.73,186.54,331.92,250,8132.37,35462.00,510,1.0000,3.0000,0,200,0,600,0.000000,0.050000,485,0.00,273.00,0.00,273.00,0.00,0.00,0.00,0.00,0
NDX100,PERIOD_H1,15,0,15:00,60,BREAKOUT,2.00,0.10,281,2.00,1.1459,163,1010,0.042787,514,24,0.046693,488,231,47.34,2411.91,22737.47,-20325.56,1.12,14.51,1.94,185.87,192.18,250,8132.37,35462.00,510,1.0000,3.0000,0,200,0,600,0.000000,0.050000,488,0.00,163.00,0.00,163.00,0.00,0.00,0.00,0.00,0
NDX100,PERIOD_H1,15,0,15:00,60,BREAKOUT,2.00,0.10,444,3.00,1.3633,525,1268,0.012757,489,6,0.012270,483,228,47.20,623.30,19577.41,-18954.11,1.03,16.60,0.55,186.48,597.66,250,8132.37,35462.00,510,1.0000,3.0000,0,200,0,600,0.000000,0.050000,483,0.00,525.00,0.00,525.00,0.00,0.00,0.00,0.00,0
NDX100,PERIOD_H1,15,0,15:00,60,BREAKOUT,2.00,0.10,446,1.50,1.1597,159,715,0.044723,511,21,0.041096,488,229,46.93,1720.55,21766.49,-20045.94,1.09,13.60,1.43,185.85,190.94,250,8132.37,35462.00,510,1.0000,3.0000,0,200,0,600,0.000000,0.050000,488,0.00,159.00,0.00,159.00,0.00,0.00,0.00,0.00,0
NDX100,PERIOD_H1,15,0,15:00,60,BREAKOUT,2.00,0.10,285,1.00,1.0591,144,13,0.018264,499,10,0.020040,488,233,47.75,2423.72,23609.43,-21185.71,1.11,14.98,1.90,185.93,155.83,250,8132.37,35462.00,510,1.0000,3.0000,0,200,0,600,0.000000,0.050000,488,0.00,144.00,0.00,144.00,0.00,0.00,0.00,0.00,0
NDX100,PERIOD_H1,15,0,15:00,60,BREAKOUT,2.00,0.10,120,1.00,1.0262,119,41,0.009842,495,5,0.010101,489,234,47.85,2719.78,23983.15,-21263.37,1.13,15.09,2.09,185.79,124.25,250,8132.37,35462.00,510,1.0000,3.0000,0,200,0,600,0.000000,0.050000,489,0.00,119.00,0.00,119.00,0.00,0.00,0.00,0.00,0
NDX100,PERIOD_H1,15,0,15:00,60,BREAKOUT,2.00,0.10,279,3.00,1.2317,451,1352,0.095917,534,53,0.099251,480,223,46.46,372.34,19485.20,-19112.86,1.02,17.61,0.34,186.59,497.34,250,8132.37,35462.00,510,1.0000,3.0000,0,200,0,600,0.000000,0.050000,480,0.00,451.00,0.00,451.00,0.00,0.00,0.00,0.00,0
NDX100,PERIOD_H1,15,0,15:00,60,BREAKOUT,2.00,0.10,115,2.00,1.0632,383,411,0.052510,512,25,0.048828,485,228,47.01,2178.23,21769.29,-19591.06,1.11,14.41,1.78,185.86,395.63,250,8132.37,35462.00,510,1.0000,3.0000,0,200,0,600,0.000000,0.050000,485,0.00,383.00,0.00,383.00,0.00,0.00,0.00,0.00,0
NDX100,PERIOD_H1,15,0,15:00,60,BREAKOUT,2.00,0.10,283,1.50,1.1028,19,838,0.067243,520,30,0.057692,488,230,47.13,1872.21,22962.88,-21090.67,1.09,13.70,1.52,185.73,39.55,250,8132.37,35462.00,510,1.0000,3.0000,0,200,0,600,0.000000,0.050000,488,0.00,19.00,0.00,19.00,0.00,0.00,0.00,0.00,0
NDX100,PERIOD_H1,15,0,15:00,60,BREAKOUT,2.00,0.10,281,2.50,1.1896,204,1262,0.042787,513,24,0.046784,487,232,47.64,2840.35,23243.87,-20403.52,1.14,12.64,2.26,186.23,241.93,250,8132.37,35462.00,510,1.0000,3.0000,0,200,0,600,0.000000,0.050000,487,0.00,204.00,0.00,204.00,0.00,0.00,0.00,0.00,0
NDX100,PERIOD_H1,15,0,15:00,60,BREAKOUT,2.00,0.10,445,3.00,1.3640,121,449,0.086193,533,46,0.086304,486,233,47.94,2486.21,22522.16,-20035.95,1.12,10.71,2.01,185.62,193.80,250,8132.37,35462.00,510,1.0000,3.0000,0,200,0,600,0.000000,0.050000,486,0.00,121.00,0.00,121.00,0.00,0.00,0.00,0.00,0
NDX100,PERIOD_H1,15,0,15:00,60,BREAKOUT,2.00,0.10,115,3.00,1.1011,574,617,0.052510,507,24,0.047337,483,226,46.79,979.54,19658.43,-18678.89,1.05,15.46,0.85,186.08,594.22,250,8132.37,35462.00,510,1.0000,3.0000,0,200,0,600,0.000000,0.050000,483,0.00,574.00,0.00,574.00,0.00,0.00,0.00,0.00,0
NDX100,PERIOD_H1,15,0,15:00,60,BREAKOUT,2.00,0.10,114,2.50,1.0813,315,1196,0.079073,537,50,0.093110,485,231,47.63,1880.06,21410.51,-19530.45,1.10,14.69,1.57,185.67,331.27,250,8132.37,35462.00,510,1.0000,3.0000,0,200,0,600,0.000000,0.050000,485,0.00,315.00,0.00,315.00,0.00,0.00,0.00,0.00,0
NDX100,PERIOD_H1,15,0,15:00,60,BREAKOUT,2.00,0.10,449,2.00,1.2295,206,516,0.079934,533,47,0.088180,485,227,46.80,1445.50,20958.37,-19512.87,1.07,13.03,1.22,185.80,251.90,250,8132.37,35462.00,510,1.0000,3.0000,0,200,0,600,0.000000,0.050000,485,0.00,206.00,0.00,206.00,0.00,0.00,0.00,0.00,0
NDX100,PERIOD_H1,15,0,15:00,60,BREAKOUT,2.00,0.10,450,1.00,1.0920,168,585,0.026685,504,14,0.027778,488,232,47.54,2787.97,23284.52,-20496.55,1.14,11.92,2.18,185.79,186.41,250,8132.37,35462.00,510,1.0000,3.0000,0,200,0,600,0.000000,0.050000,488,0.00,168.00,0.00,168.00,0.00,0.00,0.00,0.00,0
NDX100,PERIOD_H1,15,0,15:00,60,BREAKOUT,2.00,0.10,118,1.50,1.0452,282,881,0.054613,512,24,0.046875,486,227,46.71,691.03,19394.62,-18703.59,1.04,12.75,0.61,186.01,291.04,250,8132.37,35462.00,510,1.0000,3.0000,0,200,0,600,0.000000,0.050000,486,0.00,282.00,0.00,282.00,0.00,0.00,0.00,0.00,0
NDX100,PERIOD_H1,15,0,15:00,60,BREAKOUT,2.00,0.10,444,2.50,1.2952,437,1056,0.012757,494,7,0.014170,486,229,47.12,724.25,19860.97,-19136.72,1.04,16.92,0.63,185.91,496.04,250,8132.37,35462.00,510,1.0000,3.0000,0,200,0,600,0.000000,0.050000,486,0.00,437.00,0.00,437.00,0.00,0.00,0.00,0.00,0
NDX100,PERIOD_H1,15,0,15:00,60,BREAKOUT,2.00,0.10,282,2.00,1.1463,294,464,0.016221,493,6,0.012170,485,231,47.63,1960.77,21980.66,-20019.89,1.10,14.70,1.59,185.96,323.27,250,8132.37,35462.00,510,1.0000,3.0000,0,200,0,600,0.000000,0.050000,485,0.00,294.00,0.00,294.00,0.00,0.00,0.00,0.00,0
NDX100,PERIOD_H1,15,0,15:00,60,BREAKOUT,2.00,0.10,447,1.50,1.1600,258,306,0.024798,508,21,0.041339,485,232,47.84,1323.28,21122.07,-19798.79,1.07,16.09,1.11,186.44,290.00,250,8132.37,35462.00,510,1.0000,3.0000,0,200,0,600,0.000000,0.050000,485,0.00,258.00,0.00,258.00,0.00,0.00,0.00,0.00,0
NDX100,PERIOD_H1,15,0,15:00,60,BREAKOUT,2.00,0.10,286,1.00,1.0593,10,340,0.004981,491,1,0.002037,488,233,47.75,3176.06,24820.65,-21644.59,1.15,16.02,2.39,186.13,21.87,250,8132.37,35462.00,510,1.0000,3.0000,0,200,0,600,0.000000,0.050000,488,0.00,10.00,0.00,10.00,0.00,0.00,0.00,0.00,0
NDX100,PERIOD_H1,15,0,15:00,60,BREAKOUT,2.00,0.10,121,1.00,1.0264,185,368,0.046562,513,25,0.048733,486,227,46.71,1805.80,22130.06,-20324.26,1.09,12.46,1.48,186.35,190.29,250,8132.37,35462.00,510,1.0000,3.0000,0,200,0,600,0.000000,0.050000,486,0.00,185.00,0.00,185.00,0.00,0.00,0.00,0.00,0
NDX100,PERIOD_H1,15,0,15:00,60,BREAKOUT,2.00,0.10,280,3.00,1.2324,48,533,0.069350,525,39,0.074286,484,232,47.93,2590.11,22972.46,-20382.35,1.13,14.27,2.05,185.79,94.49,250,8132.37,35462.00,510,1.0000,3.0000,0,200,0,600,0.000000,0.050000,484,0.00,48.00,0.00,48.00,0.00,0.00,0.00,0.00,0
NDX100,PERIOD_H1,15,0,15:00,60,BREAKOUT,2.00,0.10,116,2.00,1.0636,114,1066,0.025944,499,9,0.018036,488,231,47.34,2232.24,22804.35,-20572.11,1.11,12.60,1.79,185.92,126.73,250,8132.37,35462.00,510,1.0000,3.0000,0,200,0,600,0.000000,0.050000,488,0.00,114.00,0.00,114.00,0.00,0.00,0.00,0.00,0
NDX100,PERIOD_H1,15,0,15:00,60,BREAKOUT,2.00,0.10,451,1.00,1.0922,34,312,0.013402,494,5,0.010121,487,233,47.84,2859.38,23889.79,-21030.41,1.14,15.62,2.20,186.47,52.45,250,8132.37,35462.00,510,1.0000,3.0000,0,200,0,600,0.000000,0.050000,487,0.00,34.00,0.00,34.00,0.00,0.00,0.00,0.00,0
NDX100,PERIOD_H1,15,0,15:00,60,BREAKOUT,2.00,0.10,282,2.50,1.1902,368,580,0.016221,493,6,0.012170,485,230,47.42,1409.79,20949.50,-19539.71,1.07,15.05,1.19,185.90,406.05,250,8132.37,35462.00,510,1.0000,3.0000,0,200,0,600,0.000000,0.050000,485,0.00,368.00,0.00,368.00,0.00,0.00,0.00,0.00,0
NDX100,PERIOD_H1,15,0,15:00,60,BREAKOUT,2.00,0.10,446,3.00,1.3650,318,1430,0.059630,510,24,0.047059,484,226,46.69,1207.07,20703.98,-19496.91,1.06,15.37,1.05,186.06,391.00,250,8132.37,35462.00,510,1.0000,3.0000,0,200,0,600,0.000000,0.050000,484,0.00,318.00,0.00,318.00,0.00,0.00,0.00,0.00,0
NDX100,PERIOD_H1,15,0,15:00,60,BREAKOUT,2.00,0.10,284,1.50,1.1032,118,429,0.047320,506,17,0.033597,487,232,47.64,2852.73,23876.44,-21023.71,1.14,12.64,2.22,186.01,138.64,250,8132.37,35462.00,510,1.0000,3.0000,0,200,0,600,0.000000,0.050000,487,0.00,118.00,0.00,118.00,0.00,0.00,0.00,0.00,0
NDX100,PERIOD_H1,15,0,15:00,60,BREAKOUT,2.00,0.10,116,3.00,1.1018,171,1598,0.025944,499,9,0.018036,488,229,46.93,1652.36,21713.46,-20061.10,1.08,11.90,1.36,185.82,191.36,250,8132.37,35462.00,510,1.0000,3.0000,0,200,0,600,0.000000,0.050000,488,0.00,171.00,0.00,171.00,0.00,0.00,0.00,0.00,0
NDX100,PERIOD_H1,15,0,15:00,60,BREAKOUT,2.00,0.10,115,2.50,1.0821,479,514,0.052510,511,25,0.048924,485,226,46.60,1251.57,20303.82,-19052.25,1.07,15.32,1.07,185.98,495.43,250,8132.37,35462.00,510,1.0000,3.0000,0,200,0,600,0.000000,0.050000,485,0.00,479.00,0.00,479.00,0.00,0.00,0.00,0.00,0
NDX100,PERIOD_H1,15,0,15:00,60,BREAKOUT,2.00,0.10,450,2.00,1.2301,337,1170,0.053371,509,21,0.041257,486,231,47.53,2091.56,22195.41,-20103.85,1.10,14.95,1.70,186.12,383.02,250,8132.37,35462.00,510,1.0000,3.0000,0,200,0,600,0.000000,0.050000,486,0.00,337.00,0.00,337.00,0.00,0.00,0.00,0.00,0
NDX100,PERIOD_H1,15,0,15:00,60,BREAKOUT,2.00,0.10,445,2.50,1.2958,101,374,0.086193,533,46,0.086304,486,235,48.35,2815.51,22958.99,-20143.48,1.14,11.69,2.25,186.04,160.15,250,8132.37,35462.00,510,1.0000,3.0000,0,200,0,600,0.000000,0.050000,486,0.00,101.00,0.00,101.00,0.00,0.00,0.00,0.00,0
NDX100,PERIOD_H1,15,0,15:00,60,BREAKOUT,2.00,0.10,119,1.50,1.0456,81,471,0.034688,506,17,0.033597,487,231,47.43,1890.22,22565.54,-20675.32,1.09,14.28,1.54,185.98,90.12,250,8132.37,35462.00,510,1.0000,3.0000,0,200,0,600,0.000000,0.050000,487,0.00,81.00,0.00,81.00,0.00,0.00,0.00,0.00,0
NDX100,PERIOD_H1,15,0,15:00,60,BREAKOUT,2.00,0.10,283,2.00,1.1468,26,1118,0.089657,531,41,0.077213,488,230,47.13,1900.93,22772.70,-20871.77,1.09,13.61,1.57,185.66,55.36,250,8132.37,35462.00,510,1.0000,3.0000,0,200,0,600,0.000000,0.050000,488,0.00,26.00,0.00,26.00,0.00,0.00,0.00,0.00,0
NDX100,PERIOD_H1,15,0,15:00,60,BREAKOUT,2.00,0.10,448,1.50,1.1603,56,796,0.004873,492,2,0.004065,488,231,47.34,2668.26,23668.11,-20999.85,1.13,13.55,2.08,185.80,88.07,250,8132.37,35462.00,510,1.0000,3.0000,0,200,0,600,0.000000,0.050000,488,0.00,56.00,0.00,56.00,0.00,0.00,0.00,0.00,0
NDX100,PERIOD_H1,15,0,15:00,60,BREAKOUT,2.00,0.10,281,3.00,1.2334,245,1514,0.042787,512,24,0.046875,486,232,47.74,2780.70,23144.69,-20363.99,1.14,12.90,2.22,185.78,291.68,250,8132.37,35462.00,510,1.0000,3.0000,0,200,0,600,0.000000,0.050000,486,0.00,245.00,0.00,245.00,0.00,0.00,0.00,0.00,0
NDX100,PERIOD_H1,15,0,15:00,60,BREAKOUT,2.00,0.10,287,1.00,1.0595,75,67,0.041700,517,27,0.052224,489,235,48.06,1692.43,22627.45,-20935.02,1.08,16.08,1.38,185.84,86.90,250,8132.37,35462.00,510,1.0000,3.0000,0,200,0,600,0.000000,0.050000,489,0.00,75.00,0.00,75.00,0.00,0.00,0.00,0.00,0
NDX100,PERIOD_H1,15,0,15:00,60,BREAKOUT,2.00,0.10,122,1.00,1.0267,51,95,0.033279,509,21,0.041257,487,235,48.25,3153.65,24393.28,-21239.63,1.15,16.16,2.41,185.85,56.33,250,8132.37,35462.00,510,1.0000,3.0000,0,200,0,600,0.000000,0.050000,487,0.00,51.00,0.00,51.00,0.00,0.00,0.00,0.00,0
NDX100,PERIOD_H1,15,0,15:00,60,BREAKOUT,2.00,0.10,117,2.00,1.0641,245,520,0.099380,538,52,0.096654,484,229,47.31,2347.47,21742.82,-19395.35,1.12,10.66,1.92,185.67,257.82,250,8132.37,35462.00,510,1.0000,3.0000,0,200,0,600,0.000000,0.050000,484,0.00,245.00,0.00,245.00,0.00,0.00,0.00,0.00,0
NDX100,PERIOD_H1,15,0,15:00,60,BREAKOUT,2.00,0.10,447,3.00,1.3657,515,611,0.033064,509,26,0.051081,483,229,47.41,531.11,19183.89,-18652.78,1.03,15.57,0.47,186.19,588.15,250,8132.37,35462.00,510,1.0000,3.0000,0,200,0,600,0.000000,0.050000,483,0.00,515.00,0.00,515.00,0.00,0.00,0.00,0.00,0
NDX100,PERIOD_H1,15,0,15:00,60,BREAKOUT,2.00,0.10,283,2.50,1.1908,32,1397,0.089657,531,41,0.077213,488,230,47.13,1928.22,22924.26,-20996.04,1.09,13.96,1.59,185.84,70.17,250,8132.37,35462.00,510,1.0000,3.0000,0,200,0,600,0.000000,0.050000,488,0.00,32.00,0.00,32.00,0.00,0.00,0.00,0.00,0
NDX100,PERIOD_H1,15,0,15:00,60,BREAKOUT,2.00,0.10,116,2.50,1.0827,143,1332,0.025944,499,9,0.018036,488,231,47.34,2243.81,22896.97,-20653.16,1.11,12.58,1.80,185.94,159.54,250,8132.37,35462.00,510,1.0000,3.0000,0,200,0,600,0.000000,0.050000,488,0.00,143.00,0.00,143.00,0.00,0.00,0.00,0.00,0
NDX100,PERIOD_H1,15,0,15:00,60,BREAKOUT,2.00,0.10,117,3.00,1.1025,368,780,0.099380,535,51,0.095327,482,227,47.10,1827.17,20867.41,-19040.24,1.10,13.24,1.54,185.67,388.51,250,8132.37,35462.00,510,1.0000,3.0000,0,200,0,600,0.000000,0.050000,482,0.00,368.00,0.00,368.00,0.00,0.00,0.00,0.00,0
NDX100,PERIOD_H1,15,0,15:00,60,BREAKOUT,2.00,0.10,451,2.00,1.2306,68,624,0.026804,498,9,0.018072,487,230,47.23,2383.87,22829.30,-20445.43,1.12,12.38,1.89,186.00,114.11,250,8132.37,35462.00,510,1.0000,3.0000,0,200,0,600,0.000000,0.050000,487,0.00,68.00,0.00,68.00,0.00,0.00,0.00,0.00,0
NDX100,PERIOD_H1,15,0,15:00,60,BREAKOUT,2.00,0.10,452,1.00,1.0924,100,39,0.000119,490,0,0.000000,489,234,47.85,2732.06,24004.75,-21272.69,1.13,15.05,2.10,185.84,118.48,250,8132.37,35462.00,510,1.0000,3.0000,0,200,0,600,0.000000,0.050000,489,0.00,100.00,0.00,100.00,0.00,0.00,0.00,0.00,0
NDX100,PERIOD_H1,15,0,15:00,60,BREAKOUT,2.00,0.10,285,1.50,1.1035,216,20,0.027396,501,14,0.027944,486,232,47.74,1971.76,22630.46,-20658.70,1.10,14.80,1.59,186.02,236.70,250,8132.37,35462.00,510,1.0000,3.0000,0,200,0,600,0.000000,0.050000,486,0.00,216.00,0.00,216.00,0.00,0.00,0.00,0.00,0
NDX100,PERIOD_H1,15,0,15:00,60,BREAKOUT,2.00,0.10,446,2.50,1.2966,265,1192,0.059630,511,25,0.048924,484,227,46.90,1592.63,21300.14,-19707.51,1.08,14.27,1.34,186.15,324.31,250,8132.37,35462.00,510,1.0000,3.0000,0,200,0,600,0.000000,0.050000,484,0.00,265.00,0.00,265.00,0.00,0.00,0.00,0.00,0
NDX100,PERIOD_H1,15,0,15:00,60,BREAKOUT,2.00,0.10,120,1.50,1.0459,179,62,0.014763,495,5,0.010101,489,233,47.65,2536.66,23261.37,-20724.71,1.12,13.76,1.97,185.84,188.19,250,8132.37,35462.00,510,1.0000,3.0000,0,200,0,600,0.000000,0.050000,489,0.00,179.00,0.00,179.00,0.00,0.00,0.00,0.00,0
NDX100,PERIOD_H1,15,0,15:00,60,BREAKOUT,2.00,0.10,284,2.00,1.1474,157,572,0.063094,509,20,0.039293,487,230,47.23,2377.11,22364.47,-19987.36,1.12,11.28,1.90,185.74,186.48,250,8132.37,35462.00,510,1.0000,3.0000,0,200,0,600,0.000000,0.050000,487,0.00,157.00,0.00,157.00,0.00,0.00,0.00,0.00,0
NDX100,PERIOD_H1,15,0,15:00,60,BREAKOUT,2.00,0.10,449,1.50,1.1606,154,387,0.059951,527,39,0.074004,486,230,47.33,2314.71,22463.40,-20148.69,1.11,12.01,1.86,185.73,186.13,250,8132.37,35462.00,510,1.0000,3.0000,0,200,0,600,0.000000,0.050000,486,0.00,154.00,0.00,154.00,0.00,0.00,0.00,0.00,0
NDX100,PERIOD_H1,15,0,15:00,60,BREAKOUT,2.00,0.10,282,3.00,1.2341,442,696,0.016221,491,5,0.010183,485,229,47.22,1272.99,20725.94,-19452.95,1.07,15.12,1.08,185.92,488.83,250,8132.37,35462.00,510,1.0000,3.0000,0,200,0,600,0.000000,0.050000,485,0.00,442.00,0.00,442.00,0.00,0.00,0.00,0.00,0
NDX100,PERIOD_H1,15,0,15:00,60,BREAKOUT,2.00,0.10,123,1.00,1.0269,116,423,0.019996,501,11,0.021956,488,234,47.95,3176.46,24095.05,-20918.59,1.15,12.70,2.42,185.81,121.37,250,8132.37,35462.00,510,1.0000,3.0000,0,200,0,600,0.000000,0.050000,488,0.00,116.00,0.00,116.00,0.00,0.00,0.00,0.00,0
NDX100,PERIOD_H1,15,0,15:00,60,BREAKOUT,2.00,0.10,288,1.00,1.0598,141,394,0.028417,506,16,0.031621,488,234,47.95,3110.22,24263.14,-21152.92,1.15,11.80,2.38,185.80,152.95,250,8132.37,35462.00,510,1.0000,3.0000,0,200,0,600,0.000000,0.050000,488,0.00,141.00,0.00,141.00,0.00,0.00,0.00,0.00,0
NDX100,PERIOD_H1,15,0,15:00,60,BREAKOUT,2.00,0.10,118,2.00,1.0645,377,1174,0.072817,528,40,0.075758,486,224,46.09,242.17,18662.65,-18420.48,1.01,14.59,0.22,186.17,389.91,250,8132.37,35462.00,510,1.0000,3.0000,0,200,0,600,0.000000,0.050000,486,0.00,377.00,0.00,377.00,0.00,0.00,0.00,0.00,0
NDX100,PERIOD_H1,15,0,15:00,60,BREAKOUT,2.00,0.10,118,3.00,1.1033,565,1761,0.072817,522,39,0.074713,483,220,45.55,-173.02,17969.02,-18142.04,0.99,15.40,-0.16,186.39,585.65,250,8132.37,35462.00,510,1.0000,3.0000,0,200,0,600,0.000000,0.050000,483,0.00,565.00,0.00,565.00,0.00,0.00,0.00,0.00,0
NDX100,PERIOD_H1,15,0,15:00,60,BREAKOUT,2.00,0.10,284,2.50,1.1916,196,715,0.063094,510,21,0.041176,487,230,47.23,2021.43,21854.30,-19832.87,1.10,11.66,1.64,185.86,234.33,250,8132.37,35462.00,510,1.0000,3.0000,0,200,0,600,0.000000,0.050000,487,0.00,196.00,0.00,196.00,0.00,0.00,0.00,0.00,0
NDX100,PERIOD_H1,15,0,15:00,60,BREAKOUT,2.00,0.10,452,2.00,1.2310,199,79,0.000238,489,0,0.000000,487,233,47.84,2370.21,23018.94,-20648.73,1.11,14.75,1.87,185.87,245.21,250,8132.37,35462.00,510,1.0000,3.0000,0,200,0,600,0.000000,0.050000,487,0.00,199.00,0.00,199.00,0.00,0.00,0.00,0.00,0
NDX100,PERIOD_H1,15,0,15:00,60,BREAKOUT,2.00,0.10,453,1.00,1.0926,165,366,0.036839,506,17,0.033597,487,234,48.05,2934.72,23582.34,-20647.62,1.14,10.88,2.29,185.92,183.52,250,8132.37,35462.00,510,1.0000,3.0000,0,200,0,600,0.000000,0.050000,487,0.00,165.00,0.00,165.00,0.00,0.00,0.00,0.00,0
NDX100,PERIOD_H1,15,0,15:00,60,BREAKOUT,2.00,0.10,286,1.50,1.1038,14,510,0.007471,496,6,0.012097,488,231,47.34,2610.71,23741.70,-21130.99,1.12,13.33,2.04,185.86,34.76,250,8132.37,35462.00,510,1.0000,3.0000,0,200,0,600,0.000000,0.050000,488,0.00,14.00,0.00,14.00,0.00,0.00,0.00,0.00,0
NDX100,PERIOD_H1,15,0,15:00,60,BREAKOUT,2.00,0.10,117,2.50,1.0833,307,650,0.099380,536,51,0.095149,483,227,47.00,1970.48,21218.81,-19248.33,1.10,12.46,1.64,186.10,323.66,250,8132.37,35462.00,510,1.0000,3.0000,0,200,0,600,0.000000,0.050000,483,0.00,307.00,0.00,307.00,0.00,0.00,0.00,0.00,0
NDX100,PERIOD_H1,15,0,15:00,60,BREAKOUT,2.00,0.10,448,3.00,1.3665,112,1593,0.006497,494,4,0.008097,488,228,46.72,2379.16,23185.28,-20806.12,1.11,12.54,1.88,185.82,185.29,250,8132.37,35462.00,510,1.0000,3.0000,0,200,0,600,0.000000,0.050000,488,0.00,112.00,0.00,112.00,0.00,0.00,0.00,0.00,0
NDX100,PERIOD_H1,15,0,15:00,60,BREAKOUT,2.00,0.10,447,2.50,1.2972,429,510,0.033064,512,26,0.050781,485,229,47.22,809.67,19858.23,-19048.56,1.04,15.72,0.71,185.86,488.43,250,8132.37,35462.00,510,1.0000,3.0000,0,200,0,600,0.000000,0.050000,485,0.00,429.00,0.00,429.00,0.00,0.00,0.00,0.00,0
NDX100,PERIOD_H1,15,0,15:00,60,BREAKOUT,2.00,0.10,285,2.00,1.1479,288,26,0.036528,503,17,0.033797,485,232,47.84,1661.85,22009.09,-20347.24,1.08,16.14,1.36,186.08,317.57,250,8132.37,35462.00,510,1.0000,3.0000,0,200,0,600,0.000000,0.050000,485,0.00,288.00,0.00,288.00,0.00,0.00,0.00,0.00,0
NDX100,PERIOD_H1,15,0,15:00,60,BREAKOUT,2.00,0.10,121,1.50,1.0463,278,552,0.069843,521,35,0.067179,484,230,47.52,2287.73,22624.71,-20336.98,1.11,12.80,1.86,185.95,287.25,250,8132.37,35462.00,510,1.0000,3.0000,0,200,0,600,0.000000,0.050000,484,0.00,278.00,0.00,278.00,0.00,0.00,0.00,0.00,0
NDX100,PERIOD_H1,15,0,15:00,60,BREAKOUT,2.00,0.10,450,1.50,1.1611,253,878,0.040028,505,17,0.033663,486,234,48.15,2586.12,22927.69,-20341.57,1.13,12.99,2.05,185.99,285.22,250,8132.37,35462.00,510,1.0000,3.0000,0,200,0,600,0.000000,0.050000,486,0.00,253.00,0.00,253.00,0.00,0.00,0.00,0.00,0
NDX100,PERIOD_H1,15,0,15:00,60,BREAKOUT,2.00,0.10,283,3.00,1.2349,38,1677,0.089657,530,40,0.075472,488,230,47.13,1936.74,22781.22,-20844.48,1.09,13.72,1.60,185.78,84.97,250,8132.37,35462.00,510,1.0000,3.0000,0,200,0,600,0.000000,0.050000,488,0.00,38.00,0.00,38.00,0.00,0.00,0.00,0.00,0
NDX100,PERIOD_H1,15,0,15:00,60,BREAKOUT,2.00,0.10,124,1.00,1.0270,182,150,0.006714,495,5,0.010101,488,234,47.95,2692.54,23438.40,-20745.86,1.13,13.94,2.10,186.35,187.41,250,8132.37,35462.00,510,1.0000,3.0000,0,200,0,600,0.000000,0.050000,488,0.00,182.00,0.00,182.00,0.00,0.00,0.00,0.00,0
NDX100,PERIOD_H1,15,0,15:00,60,BREAKOUT,2.00,0.10,289,1.00,1.0599,6,122,0.015134,496,6,0.012097,488,234,47.95,2987.54,24698.18,-21710.64,1.14,14.89,2.28,186.24,17.99,250,8132.37,35462.00,510,1.0000,3.0000,0,200,0,600,0.000000,0.050000,488,0.00,6.00,0.00,6.00,0.00,0.00,0.00,0.00,0
NDX100,PERIOD_H1,15,0,15:00,60,BREAKOUT,2.00,0.10,119,2.00,1.0652,108,628,0.046251,511,23,0.045010,486,231,47.53,2112.38,22731.44,-20619.06,1.10,12.24,1.70,186.17,121.03,250,8132.37,35462.00,510,1.0000,3.0000,0,200,0,600,0.000000,0.050000,486,0.00,108.00,0.00,108.00,0.00,0.00,0.00,0.00,0
NDX100,PERIOD_H1,15,0,15:00,60,BREAKOUT,2.00,0.10,119,3.00,1.1043,162,942,0.046251,511,23,0.045010,486,231,47.53,2107.92,22607.22,-20499.30,1.10,11.87,1.71,186.32,182.85,250,8132.37,35462.00,510,1.0000,3.0000,0,200,0,600,0.000000,0.050000,486,0.00,162.00,0.00,162.00,0.00,0.00,0.00,0.00,0
NDX100,PERIOD_H1,15,0,15:00,60,BREAKOUT,2.00,0.10,118,2.50,1.0839,471,1468,0.072817,527,40,0.075901,486,222,45.68,-80.92,18086.42,-18167.34,1.00,14.89,-0.08,185.87,487.78,250,8132.37,35462.00,510,1.0000,3.0000,0,200,0,600,0.000000,0.050000,486,0.00,471.00,0.00,471.00,0.00,0.00,0.00,0.00,0
NDX100,PERIOD_H1,15,0,15:00,60,BREAKOUT,2.00,0.10,449,3.00,1.3672,309,774,0.079934,528,44,0.083333,483,227,47.00,1125.25,20161.77,-19036.52,1.06,15.50,0.97,185.63,382.44,250,8132.37,35462.00,510,1.0000,3.0000,0,200,0,600,0.000000,0.050000,483,0.00,309.00,0.00,309.00,0.00,0.00,0.00,0.00,0
NDX100,PERIOD_H1,15,0,15:00,60,BREAKOUT,2.00,0.10,285,2.50,1.1922,360,33,0.036528,503,17,0.033797,485,232,47.84,1436.48,21456.41,-20019.93,1.07,15.95,1.20,186.03,398.44,250,8132.37,35462.00,510,1.0000,3.0000,0,200,0,600,0.000000,0.050000,485,0.00,360.00,0.00,360.00,0.00,0.00,0.00,0.00,0
NDX100,PERIOD_H1,15,0,15:00,60,BREAKOUT,2.00,0.10,454,1.00,1.0928,31,94,0.023556,504,14,0.027778,488,234,47.95,2274.60,23147.90,-20873.30,1.11,14.67,1.79,185.80,49.57,250,8132.37,35462.00,510,1.0000,3.0000,0,200,0,600,0.000000,0.050000,488,0.00,31.00,0.00,31.00,0.00,0.00,0.00,0.00,0
NDX100,PERIOD_H1,15,0,15:00,60,BREAKOUT,2.00,0.10,287,1.50,1.1041,113,101,0.062551,533,44,0.082552,487,235,48.25,1716.93,22301.14,-20584.21,1.08,15.62,1.41,186.05,133.83,250,8132.37,35462.00,510,1.0000,3.0000,0,200,0,600,0.000000,0.050000,487,0.00,113.00,0.00,113.00,0.00,0.00,0.00,0.00,0
NDX100,PERIOD_H1,15,0,15:00,60,BREAKOUT,2.00,0.10,453,2.00,1.2315,331,733,0.073678,525,39,0.074286,484,233,48.14,1722.65,21362.50,-19639.85,1.09,12.85,1.46,185.74,377.30,250,8132.37,35462.00,510,1.0000,3.0000,0,200,0,600,0.000000,0.050000,484,0.00,331.00,0.00,331.00,0.00,0.00,0.00,0.00,0
NDX100,PERIOD_H1,15,0,15:00,60,BREAKOUT,2.00,0.10,448,2.50,1.2978,93,1327,0.006497,494,4,0.008097,488,229,46.93,2567.21,23387.83,-20820.62,1.12,12.55,2.01,186.06,152.55,250,8132.37,35462.00,510,1.0000,3.0000,0,200,0,600,0.000000,0.050000,488,0.00,93.00,0.00,93.00,0.00,0.00,0.00,0.00,0
NDX100,PERIOD_H1,15,0,15:00,60,BREAKOUT,2.00,0.10,286,2.00,1.1483,19,681,0.009961,497,7,0.014085,488,231,47.34,2756.87,23797.57,-21040.70,1.13,13.22,2.14,185.75,48.66,250,8132.37,35462.00,510,1.0000,3.0000,0,200,0,600,0.000000,0.050000,488,0.00,19.00,0.00,19.00,0.00,0.00,0.00,0.00,0
NDX100,PERIOD_H1,15,0,15:00,60,BREAKOUT,2.00,0.10,122,1.50,1.0467,76,143,0.049918,514,26,0.050584,487,237,48.67,3505.89,24666.79,-21160.90,1.17,16.10,2.67,185.90,85.34,250,8132.37,35462.00,510,1.0000,3.0000,0,200,0,600,0.000000,0.050000,487,0.00,76.00,0.00,76.00,0.00,0.00,0.00,0.00,0
NDX100,PERIOD_H1,15,0,15:00,60,BREAKOUT,2.00,0.10,451,1.50,1.1614,51,468,0.020103,497,8,0.016097,487,229,47.02,2602.29,23416.18,-20813.89,1.13,13.47,2.04,185.92,83.28,250,8132.37,35462.00,510,1.0000,3.0000,0,200,0,600,0.000000,0.050000,487,0.00,51.00,0.00,51.00,0.00,0.00,0.00,0.00,0
NDX100,PERIOD_H1,15,0,15:00,60,BREAKOUT,2.00,0.10,284,3.00,1.2358,235,858,0.063094,509,21,0.041257,486,231,47.53,1916.80,21650.60,-19733.80,1.10,12.00,1.57,185.96,282.17,250,8132.37,35462.00,510,1.0000,3.0000,0,200,0,600,0.000000,0.050000,486,0.00,235.00,0.00,235.00,0.00,0.00,0.00,0.00,0
NDX100,PERIOD_H1,15,0,15:00,60,BREAKOUT,2.00,0.10,290,1.00,1.0601,72,449,0.001852,490,0,0.000000,488,232,47.54,2946.18,24278.84,-21332.66,1.14,13.67,2.26,185.80,84.02,250,8132.37,35462.00,510,1.0000,3.0000,0,200,0,600,0.000000,0.050000,488,0.00,72.00,0.00,72.00,0.00,0.00,0.00,0.00,0
NDX100,PERIOD_H1,15,0,15:00,60,BREAKOUT,2.00,0.10,125,1.00,1.0272,47,477,0.043432,513,26,0.050682,485,229,47.22,2204.67,22852.01,-20647.34,1.11,16.39,1.76,185.85,51.85,250,8132.37,35462.00,510,1.0000,3.0000,0,200,0,600,0.000000,0.050000,485,0.00,47.00,0.00,47.00,0.00,0.00,0.00,0.00,0
NDX100,PERIOD_H1,15,0,15:00,60,BREAKOUT,2.00,0.10,120,2.00,1.0656,239,82,0.019684,495,6,0.012121,487,232,47.64,2199.07,22627.62,-20428.55,1.11,14.26,1.75,185.82,252.12,250,8132.37,35462.00,510,1.0000,3.0000,0,200,0,600,0.000000,0.050000,487,0.00,239.00,0.00,239.00,0.00,0.00,0.00,0.00,0
NDX100,PERIOD_H1,15,0,15:00,60,BREAKOUT,2.00,0.10,450,3.00,1.3682,505,1755,0.053371,505,21,0.041584,484,228,47.11,1449.72,21236.53,-19786.81,1.07,15.93,1.25,186.17,578.64,250,8132.37,35462.00,510,1.0000,3.0000,0,200,0,600,0.000000,0.050000,484,0.00,505.00,0.00,505.00,0.00,0.00,0.00,0.00,0
NDX100,PERIOD_H1,15,0,15:00,60,BREAKOUT,2.00,0.10,286,2.50,1.1928,24,851,0.009961,497,7,0.014085,488,231,47.34,2616.23,23560.76,-20944.53,1.12,13.46,2.06,186.12,62.56,250,8132.37,35462.00,510,1.0000,3.0000,0,200,0,600,0.000000,0.050000,488,0.00,24.00,0.00,24.00,0.00,0.00,0.00,0.00,0
NDX100,PERIOD_H1,15,0,15:00,60,BREAKOUT,2.00,0.10,120,3.00,1.1050,358,124,0.019684,496,8,0.016129,486,232,47.74,1905.19,22209.34,-20304.15,1.09,16.82,1.54,186.19,379.00,250,8132.37,35462.00,510,1.0000,3.0000,0,200,0,600,0.000000,0.050000,486,0.00,358.00,0.00,358.00,0.00,0.00,0.00,0.00,0
NDX100,PERIOD_H1,15,0,15:00,60,BREAKOUT,2.00,0.10,119,2.50,1.0847,135,785,0.046251,511,23,0.045010,486,231,47.53,2092.08,22719.96,-20627.88,1.10,12.43,1.69,185.97,151.94,250,8132.37,35462.00,510,1.0000,3.0000,0,200,0,600,0.000000,0.050000,486,0.00,135.00,0.00,135.00,0.00,0.00,0.00,0.00,0
NDX100,PERIOD_H1,15,0,15:00,60,BREAKOUT,2.00,0.10,455,1.00,1.0930,97,421,0.010273,496,6,0.012097,488,231,47.34,2815.25,23593.50,-20778.25,1.14,12.43,2.18,185.78,115.60,250,8132.37,35462.00,510,1.0000,3.0000,0,200,0,600,0.000000,0.050000,488,0.00,97.00,0.00,97.00,0.00,0.00,0.00,0.00,0
NDX100,PERIOD_H1,15,0,15:00,60,BREAKOUT,2.00,0.10,288,1.50,1.1046,211,592,0.042626,512,24,0.046875,486,231,47.53,2595.67,22900.87,-20305.20,1.13,11.29,2.07,185.99,231.91,250,8132.37,35462.00,510,1.0000,3.0000,0,200,0,600,0.000000,0.050000,486,0.00,211.00,0.00,211.00,0.00,0.00,0.00,0.00,0
NDX100,PERIOD_H1,15,0,15:00,60,BREAKOUT,2.00,0.10,454,2.00,1.2321,62,187,0.047111,517,27,0.052224,488,238,48.77,2595.75,23226.75,-20631.00,1.13,14.81,2.05,186.41,108.42,250,8132.37,35462.00,510,1.0000,3.0000,0,200,0,600,0.000000,0.050000,488,0.00,62.00,0.00,62.00,0.00,0.00,0.00,0.00,0
NDX100,PERIOD_H1,15,0,15:00,60,BREAKOUT,2.00,0.10,287,2.00,1.1488,150,135,0.083401,543,54,0.099448,487,236,48.46,1369.65,21218.27,-19848.62,1.07,15.25,1.17,185.91,179.76,250,8132.37,35462.00,510,1.0000,3.0000,0,200,0,600,0.000000,0.050000,487,0.00,150.00,0.00,150.00,0.00,0.00,0.00,0.00,0
NDX100,PERIOD_H1,15,0,15:00,60,BREAKOUT,2.00,0.10,123,1.50,1.0470,174,634,0.029994,504,14,0.027778,488,234,47.95,2841.61,22889.74,-20048.13,1.14,9.98,2.20,185.83,183.40,250,8132.37,35462.00,510,1.0000,3.0000,0,200,0,600,0.000000,0.050000,488,0.00,174.00,0.00,174.00,0.00,0.00,0.00,0.00,0
NDX100,PERIOD_H1,15,0,15:00,60,BREAKOUT,2.00,0.10,449,2.50,1.2983,257,645,0.079934,530,45,0.084906,484,226,46.69,1187.11,20470.50,-19283.39,1.06,14.83,1.02,185.94,316.67,250,8132.37,35462.00,510,1.0000,3.0000,0,200,0,600,0.000000,0.050000,484,0.00,257.00,0.00,257.00,0.00,0.00,0.00,0.00,0
NDX100,PERIOD_H1,15,0,15:00,60,BREAKOUT,2.00,0.10,452,1.50,1.1617,150,59,0.000179,490,0,0.000000,489,234,47.85,2622.57,23834.68,-21212.11,1.12,15.08,2.03,185.88,182.34,250,8132.37,35462.00,510,1.0000,3.0000,0,200,0,600,0.000000,0.050000,489,0.00,150.00,0.00,150.00,0.00,0.00,0.00,0.00,0
NDX100,PERIOD_H1,15,0,15:00,60,BREAKOUT,2.00,0.10,285,3.00,1.2366,432,39,0.036528,502,17,0.033865,485,230,47.42,876.68,20676.32,-19799.64,1.04,16.88,0.76,185.97,479.32,250,8132.37,35462.00,510,1.0000,3.0000,0,200,0,600,0.000000,0.050000,485,0.00,432.00,0.00,432.00,0.00,0.00,0.00,0.00,0
NDX100,PERIOD_H1,15,0,15:00,60,BREAKOUT,2.00,0.10,291,1.00,1.0603,138,176,0.038571,504,14,0.027778,488,233,47.75,2731.10,23380.97,-20649.87,1.13,13.73,2.14,186.66,150.06,250,8132.37,35462.00,510,1.0000,3.0000,0,200,0,600,0.000000,0.050000,488,0.00,138.00,0.00,138.00,0.00,0.00,0.00,0.00,0
NDX100,PERIOD_H1,15,0,15:00,60,BREAKOUT,2.00,0.10,126,1.00,1.0275,113,204,0.030149,508,19,0.037402,487,238,48.87,3451.36,24507.25,-21055.89,1.16,15.01,2.62,186.33,118.49,250,8132.37,35462.00,510,1.0000,3.0000,0,200,0,600,0.000000,0.050000,487,0.00,113.00,0.00,113.00,0.00,0.00,0.00,0.00,0
NDX100,PERIOD_H1,15,0,15:00,60,BREAKOUT,2.00,0.10,121,2.00,1.0661,370,737,0.093124,536,52,0.097015,482,230,47.72,2086.45,22011.58,-19925.13,1.10,15.50,1.72,185.96,381.76,250,8132.37,35462.00,510,1.0000,3.0000,0,200,0,600,0.000000,0.050000,482,0.00,370.00,0.00,370.00,0.00,0.00,0.00,0.00,0
NDX100,PERIOD_H1,15,0,15:00,60,BREAKOUT,2.00,0.10,121,3.00,1.1057,555,1105,0.093124,533,53,0.099437,480,227,47.29,1112.71,20298.19,-19185.48,1.06,16.98,0.98,186.05,573.82,250,8132.37,35462.00,510,1.0000,3.0000,0,200,0,600,0.000000,0.050000,480,0.00,555.00,0.00,555.00,0.00,0.00,0.00,0.00,0
NDX100,PERIOD_H1,15,0,15:00,60,BREAKOUT,2.00,0.10,451,3.00,1.3689,102,937,0.026804,498,9,0.018072,487,230,47.23,2286.72,22607.66,-20320.94,1.11,12.57,1.83,186.07,175.78,250,8132.37,35462.00,510,1.0000,3.0000,0,200,0,600,0.000000,0.050000,487,0.00,102.00,0.00,102.00,0.00,0.00,0.00,0.00,0
NDX100,PERIOD_H1,15,0,15:00,60,BREAKOUT,2.00,0.10,287,2.50,1.1934,188,168,0.083401,543,54,0.099448,487,235,48.25,1159.64,20668.23,-19508.59,1.06,14.72,1.00,186.14,226.68,250,8132.37,35462.00,510,1.0000,3.0000,0,200,0,600,0.000000,0.050000,487,0.00,188.00,0.00,188.00,0.00,0.00,0.00,0.00,0
NDX100,PERIOD_H1,15,0,15:00,60,BREAKOUT,2.00,0.10,120,2.50,1.0853,299,103,0.019684,494,6,0.012146,486,232,47.74,2216.61,22589.47,-20372.86,1.11,16.09,1.76,185.78,316.06,250,8132.37,35462.00,510,1.0000,3.0000,0,200,0,600,0.000000,0.050000,486,0.00,299.00,0.00,299.00,0.00,0.00,0.00,0.00,0
NDX100,PERIOD_H1,15,0,15:00,60,BREAKOUT,2.00,0.10,456,1.00,1.0932,162,148,0.046992,515,27,0.052427,487,239,49.08,2856.85,23510.68,-20653.83,1.14,14.89,2.21,185.85,180.64,250,8132.37,35462.00,510,1.0000,3.0000,0,200,0,600,0.000000,0.050000,487,0.00,162.00,0.00,162.00,0.00,0.00,0.00,0.00,0
NDX100,PERIOD_H1,15,0,15:00,60,BREAKOUT,2.00,0.10,455,2.00,1.2326,193,841,0.020545,500,12,0.024000,486,230,47.33,2005.46,22101.75,-20096.29,1.10,12.76,1.63,185.91,239.51,250,8132.37,35462.00,510,1.0000,3.0000,0,200,0,600,0.000000,0.050000,486,0.00,193.00,0.00,193.00,0.00,0.00,0.00,0.00,0
NDX100,PERIOD_H1,15,0,15:00,60,BREAKOUT,2.00,0.10,289,1.50,1.1049,10,182,0.022701,498,8,0.016064,488,235,48.16,3120.75,24728.67,-21607.92,1.14,14.96,2.38,186.60,30.98,250,8132.37,35462.00,510,1.0000,3.0000,0,200,0,600,0.000000,0.050000,488,0.00,10.00,0.00,10.00,0.00,0.00,0.00,0.00,0
NDX100,PERIOD_H1,15,0,15:00,60,BREAKOUT,2.00,0.10,124,1.50,1.0473,273,224,0.010071,495,7,0.014141,486,236,48.56,2842.41,23650.43,-20808.02,1.14,15.34,2.21,186.30,282.46,250,8132.37,35462.00,510,1.0000,3.0000,0,200,0,600,0.000000,0.050000,486,0.00,273.00,0.00,273.00,0.00,0.00,0.00,0.00,0
NDX100,PERIOD_H1,15,0,15:00,60,BREAKOUT,2.00,0.10,288,2.00,1.1494,282,789,0.056835,517,30,0.058027,485,232,47.84,2629.62,22808.18,-20178.56,1.13,13.46,2.09,185.79,311.88,250,8132.37,35462.00,510,1.0000,3.0000,0,200,0,600,0.000000,0.050000,485,0.00,282.00,0.00,282.00,0.00,0.00,0.00,0.00,0
NDX100,PERIOD_H1,15,0,15:00,60,BREAKOUT,2.00,0.10,450,2.50,1.2991,421,1463,0.053371,508,21,0.041339,486,229,47.12,1449.37,21244.17,-19794.80,1.07,16.18,1.24,185.74,480.83,250,8132.37,35462.00,510,1.0000,3.0000,0,200,0,600,0.000000,0.050000,486,0.00,421.00,0.00,421.00,0.00,0.00,0.00,0.00,0
NDX100,PERIOD_H1,15,0,15:00,60,BREAKOUT,2.00,0.10,127,1.00,1.0276,179,531,0.016866,499,11,0.022044,486,231,47.53,2817.32,23331.30,-20513.98,1.14,11.79,2.19,185.97,184.53,250,8132.37,35462.00,510,1.0000,3.0000,0,200,0,600,0.000000,0.050000,486,0.00,179.00,0.00,179.00,0.00,0.00,0.00,0.00,0
NDX100,PERIOD_H1,15,0,15:00,60,BREAKOUT,2.00,0.10,292,1.00,1.0605,3,503,0.025288,497,6,0.012072,489,232,47.44,2813.69,23940.83,-21127.14,1.13,13.37,2.16,185.69,15.11,250,8132.37,35462.00,510,1.0000,3.0000,0,200,0,600,0.000000,0.050000,489,0.00,3.00,0.00,3.00,0.00,0.00,0.00,0.00,0
NDX100,PERIOD_H1,15,0,15:00,60,BREAKOUT,2.00,0.10,453,1.50,1.1620,248,550,0.055258,520,32,0.061538,486,235,48.35,2096.22,22169.97,-20073.75,1.10,12.09,1.73,185.60,280.41,250,8132.37,35462.00,510,1.0000,3.0000,0,200,0,600,0.000000,0.050000,486,0.00,248.00,0.00,248.00,0.00,0.00,0.00,0.00,0
NDX100,PERIOD_H1,15,0,15:00,60,BREAKOUT,2.00,0.10,286,3.00,1.2373,29,1021,0.009961,497,7,0.014085,488,229,46.93,2129.60,22960.76,-20831.16,1.10,16.00,1.71,185.89,76.46,250,8132.37,35462.00,510,1.0000,3.0000,0,200,0,600,0.000000,0.050000,488,0.00,29.00,0.00,29.00,0.00,0.00,0.00,0.00,0
NDX100,PERIOD_H1,15,0,15:00,60,BREAKOUT,2.00,0.10,122,2.00,1.0667,101,191,0.066558,532,44,0.082707,487,238,48.87,3566.91,24379.51,-20812.60,1.17,17.32,2.71,186.33,114.34,250,8132.37,35462.00,510,1.0000,3.0000,0,200,0,600,0.000000,0.050000,487,0.00,101.00,0.00,101.00,0.00,0.00,0.00,0.00,0
NDX100,PERIOD_H1,15,0,15:00,60,BREAKOUT,2.00,0.10,288,2.50,1.1942,352,986,0.056835,516,29,0.056202,485,230,47.42,1857.88,21817.90,-19960.02,1.09,16.94,1.54,186.24,390.84,250,8132.37,35462.00,510,1.0000,3.0000,0,200,0,600,0.000000,0.050000,485,0.00,352.00,0.00,352.00,0.00,0.00,0.00,0.00,0
NDX100,PERIOD_H1,15,0,15:00,60,BREAKOUT,2.00,0.10,122,3.00,1.1067,152,286,0.066558,532,44,0.082707,487,237,48.67,3451.03,24165.97,-20714.94,1.17,16.74,2.62,186.13,173.34,250,8132.37,35462.00,510,1.0000,3.0000,0,200,0,600,0.000000,0.050000,487,0.00,152.00,0.00,152.00,0.00,0.00,0.00,0.00,0
NDX100,PERIOD_H1,15,0,15:00,60,BREAKOUT,2.00,0.10,452,3.00,1.3696,299,118,0.000238,488,0,0.000000,486,232,47.74,1835.15,22133.68,-20298.53,1.09,17.04,1.49,185.85,372.93,250,8132.37,35462.00,510,1.0000,3.0000,0,200,0,600,0.000000,0.050000,486,0.00,299.00,0.00,299.00,0.00,0.00,0.00,0.00,0
NDX100,PERIOD_H1,15,0,15:00,60,BREAKOUT,2.00,0.10,121,2.50,1.0859,463,921,0.093124,536,53,0.098881,482,229,47.51,1811.45,21515.16,-19703.71,1.09,15.23,1.53,186.20,478.29,250,8132.37,35462.00,510,1.0000,3.0000,0,200,0,600,0.000000,0.050000,482,0.00,463.00,0.00,463.00,0.00,0.00,0.00,0.00,0
NDX100,PERIOD_H1,15,0,15:00,60,BREAKOUT,2.00,0.10,290,1.50,1.1052,108,673,0.002779,490,0,0.000000,488,232,47.54,2741.11,23576.21,-20835.10,1.13,12.69,2.12,186.00,129.04,250,8132.37,35462.00,510,1.0000,3.0000,0,200,0,600,0.000000,0.050000,488,0.00,108.00,0.00,108.00,0.00,0.00,0.00,0.00,0
NDX100,PERIOD_H1,15,0,15:00,60,BREAKOUT,2.00,0.10,457,1.00,1.0934,28,475,0.033709,505,17,0.033663,486,229,47.12,2908.14,23987.29,-21079.15,1.14,15.35,2.25,186.05,46.68,250,8132.37,35462.00,510,1.0000,3.0000,0,200,0,600,0.000000,0.050000,486,0.00,28.00,0.00,28.00,0.00,0.00,0.00,0.00,0
NDX100,PERIOD_H1,15,0,15:00,60,BREAKOUT,2.00,0.10,456,2.00,1.2330,324,295,0.093985,540,55,0.101852,484,236,48.76,1774.89,21307.39,-19532.50,1.09,17.27,1.48,186.14,370.60,250,8132.37,35462.00,510,1.0000,3.0000,0,200,0,600,0.000000,0.050000,484,0.00,324.00,0.00,324.00,0.00,0.00,0.00,0.00,0
NDX100,PERIOD_H1,15,0,15:00,60,BREAKOUT,2.00,0.10,125,1.50,1.0476,71,715,0.065149,524,38,0.072519,484,226,46.69,1308.69,21285.76,-19977.07,1.07,16.35,1.10,185.74,79.48,250,8132.37,35462.00,510,1.0000,3.0000,0,200,0,600,0.000000,0.050000,484,0.00,71.00,0.00,71.00,0.00,0.00,0.00,0.00,0
NDX100,PERIOD_H1,15,0,15:00,60,BREAKOUT,2.00,0.10,289,2.00,1.1498,13,243,0.030268,501,11,0.021956,488,234,47.95,3198.21,24658.72,-21460.51,1.15,14.98,2.44,186.45,42.97,250,8132.37,35462.00,510,1.0000,3.0000,0,200,0,600,0.000000,0.050000,488,0.00,13.00,0.00,13.00,0.00,0.00,0.00,0.00,0
NDX100,PERIOD_H1,15,0,15:00,60,BREAKOUT,2.00,0.10,451,2.50,1.2997,85,781,0.026804,498,9,0.018072,487,230,47.23,2352.79,22785.71,-20432.92,1.12,12.72,1.87,185.76,144.95,250,8132.37,35462.00,510,1.0000,3.0000,0,200,0,600,0.000000,0.050000,487,0.00,85.00,0.00,85.00,0.00,0.00,0.00,0.00,0
NDX100,PERIOD_H1,15,0,15:00,60,BREAKOUT,2.00,0.10,287,3.00,1.2380,226,202,0.083401,542,54,0.099631,486,236,48.56,1081.70,20484.07,-19402.37,1.06,15.19,0.94,186.15,273.61,250,8132.37,35462.00,510,1.0000,3.0000,0,200,0,600,0.000000,0.050000,486,0.00,226.00,0.00,226.00,0.00,0.00,0.00,0.00,0
NDX100,PERIOD_H1,15,0,15:00,60,BREAKOUT,2.00,0.10,293,1.00,1.0607,69,230,0.012006,494,4,0.008097,488,234,47.95,2535.73,23750.74,-21215.01,1.12,15.82,1.98,186.02,81.15,250,8132.37,35462.00,510,1.0000,3.0000,0,200,0,600,0.000000,0.050000,488,0.00,69.00,0.00,69.00,0.00,0.00,0.00,0.00,0
NDX100,PERIOD_H1,15,0,15:00,60,BREAKOUT,2.00,0.10,454,1.50,1.1625,46,140,0.035334,511,21,0.041096,488,237,48.57,2648.83,23716.11,-21067.28,1.13,14.68,2.07,185.96,78.49,250,8132.37,35462.00,510,1.0000,3.0000,0,200,0,600,0.000000,0.050000,488,0.00,46.00,0.00,46.00,0.00,0.00,0.00,0.00,0
NDX100,PERIOD_H1,15,0,15:00,60,BREAKOUT,2.00,0.10,128,1.00,1.0278,44,258,0.003584,491,1,0.002037,488,234,47.95,2977.30,24416.46,-21439.16,1.14,15.89,2.27,186.48,49.57,250,8132.37,35462.00,510,1.0000,3.0000,0,200,0,600,0.000000,0.050000,488,0.00,44.00,0.00,44.00,0.00,0.00,0.00,0.00,0
NDX100,PERIOD_H1,15,0,15:00,60,BREAKOUT,2.00,0.10,123,2.00,1.0671,233,845,0.039991,504,15,0.029762,487,235,48.25,3011.85,23050.12,-20038.27,1.15,11.29,2.33,185.86,246.43,250,8132.37,35462.00,510,1.0000,3.0000,0,200,0,600,0.000000,0.050000,487,0.00,233.00,0.00,233.00,0.00,0.00,0.00,0.00,0
NDX100,PERIOD_H1,15,0,15:00,60,BREAKOUT,2.00,0.10,123,3.00,1.1074,349,1268,0.039991,503,15,0.029821,486,233,47.94,2287.89,21839.29,-19551.40,1.12,14.09,1.85,186.19,370.49,250,8132.37,35462.00,510,1.0000,3.0000,0,200,0,600,0.000000,0.050000,486,0.00,349.00,0.00,349.00,0.00,0.00,0.00,0.00,0
NDX100,PERIOD_H1,15,0,15:00,60,BREAKOUT,2.00,0.10,289,2.50,1.1948,16,304,0.030268,501,11,0.021956,488,234,47.95,3177.41,24664.36,-21486.95,1.15,15.07,2.43,186.34,54.96,250,8132.37,35462.00,510,1.0000,3.0000,0,200,0,600,0.000000,0.050000,488,0.00,16.00,0.00,16.00,0.00,0.00,0.00,0.00,0
NDX100,PERIOD_H1,15,0,15:00,60,BREAKOUT,2.00,0.10,122,2.50,1.0867,127,239,0.066558,532,44,0.082707,487,237,48.67,3434.10,24089.03,-20654.93,1.17,16.75,2.62,186.10,144.34,250,8132.37,35462.00,510,1.0000,3.0000,0,200,0,600,0.000000,0.050000,487,0.00,127.00,0.00,127.00,0.00,0.00,0.00,0.00,0
NDX100,PERIOD_H1,15,0,15:00,60,BREAKOUT,2.00,0.10,453,3.00,1.3704,496,1099,0.073678,521,38,0.072937,483,232,48.03,1074.74,20206.48,-19131.74,1.06,13.81,0.96,185.73,570.07,250,8132.37,35462.00,510,1.0000,3.0000,0,200,0,600,0.000000,0.050000,483,0.00,496.00,0.00,496.00,0.00,0.00,0.00,0.00,0
NDX100,PERIOD_H1,15,0,15:00,60,BREAKOUT,2.00,0.10,291,1.50,1.1055,206,264,0.057856,510,20,0.039216,488,233,47.75,2186.97,22307.29,-20120.32,1.11,13.97,1.77,186.52,227.11,250,8132.37,35462.00,510,1.0000,3.0000,0,200,0,600,0.000000,0.050000,488,0.00,206.00,0.00,206.00,0.00,0.00,0.00,0.00,0
NDX100,PERIOD_H1,15,0,15:00,60,BREAKOUT,2.00,0.10,457,2.00,1.2335,55,950,0.067418,522,34,0.065134,486,235,48.35,3472.50,24716.61,-21244.11,1.16,15.91,2.65,186.43,101.69,250,8132.37,35462.00,510,1.0000,3.0000,0,200,0,600,0.000000,0.050000,486,0.00,55.00,0.00,55.00,0.00,0.00,0.00,0.00,0
NDX100,PERIOD_H1,15,0,15:00,60,BREAKOUT,2.00,0.10,458,1.00,1.0936,93,202,0.020426,501,11,0.021956,488,235,48.16,3134.10,24410.52,-21276.42,1.15,16.11,2.39,186.25,111.73,250,8132.37,35462.00,510,1.0000,3.0000,0,200,0,600,0.000000,0.050000,488,0.00,93.00,0.00,93.00,0.00,0.00,0.00,0.00,0
NDX100,PERIOD_H1,15,0,15:00,60,BREAKOUT,2.00,0.10,126,1.50,1.0481,170,306,0.045224,516,27,0.052326,487,236,48.46,3445.91,24184.04,-20738.13,1.17,14.19,2.62,186.29,179.61,250,8132.37,35462.00,510,1.0000,3.0000,0,200,0,600,0.000000,0.050000,487,0.00,170.00,0.00,170.00,0.00,0.00,0.00,0.00,0
NDX100,PERIOD_H1,15,0,15:00,60,BREAKOUT,2.00,0.10,290,2.00,1.1503,144,897,0.003705,490,0,0.000000,488,232,47.54,2629.34,23386.45,-20757.11,1.13,12.85,2.06,186.21,174.06,250,8132.37,35462.00,510,1.0000,3.0000,0,200,0,600,0.000000,0.050000,488,0.00,144.00,0.00,144.00,0.00,0.00,0.00,0.00,0
NDX100,PERIOD_H1,15,0,15:00,60,BREAKOUT,2.00,0.10,452,2.50,1.3003,249,98,0.000238,488,0,0.000000,486,233,47.94,2211.59,22640.34,-20428.75,1.11,16.15,1.75,185.98,309.07,250,8132.37,35462.00,510,1.0000,3.0000,0,200,0,600,0.000000,0.050000,486,0.00,249.00,0.00,249.00,0.00,0.00,0.00,0.00,0
NDX100,PERIOD_H1,15,0,15:00,60,BREAKOUT,2.00,0.10,288,3.00,1.2390,422,1183,0.056835,515,29,0.056311,485,229,47.22,1932.57,21744.15,-19811.58,1.10,13.85,1.61,186.72,469.80,250,8132.37,35462.00,510,1.0000,3.0000,0,200,0,600,0.000000,0.050000,485,0.00,422.00,0.00,422.00,0.00,0.00,0.00,0.00,0
NDX100,PERIOD_H1,15,0,15:00,60,BREAKOUT,2.00,0.10,455,1.50,1.1628,145,631,0.015409,499,10,0.020040,487,230,47.23,2141.86,22367.76,-20225.90,1.11,12.61,1.73,185.98,177.56,250,8132.37,35462.00,510,1.0000,3.0000,0,200,0,600,0.000000,0.050000,487,0.00,145.00,0.00,145.00,0.00,0.00,0.00,0.00,0
NDX100,PERIOD_H1,15,0,15:00,60,BREAKOUT,2.00,0.10,129,1.00,1.0280,110,585,0.040303,508,22,0.043307,486,234,48.15,3052.33,24176.57,-21124.24,1.14,14.38,2.38,185.72,115.60,250,8132.37,35462.00,510,1.0000,3.0000,0,200,0,600,0.000000,0.050000,486,0.00,110.00,0.00,110.00,0.00,0.00,0.00,0.00,0
NDX100,PERIOD_H1,15,0,15:00,60,BREAKOUT,2.00,0.10,294,1.00,1.0609,134,557,0.048724,517,28,0.054159,488,230,47.13,2267.63,22744.99,-20477.36,1.11,12.49,1.84,185.72,146.18,250,8132.37,35462.00,510,1.0000,3.0000,0,200,0,600,0.000000,0.050000,488,0.00,134.00,0.00,134.00,0.00,0.00,0.00,0.00,0
NDX100,PERIOD_H1,15,0,15:00,60,BREAKOUT,2.00,0.10,124,2.00,1.0676,364,299,0.013428,495,7,0.014141,486,233,47.94,2340.72,22726.23,-20385.51,1.11,17.14,1.88,186.36,377.52,250,8132.37,35462.00,510,1.0000,3.0000,0,200,0,600,0.000000,0.050000,486,0.00,364.00,0.00,364.00,0.00,0.00,0.00,0.00,0
NDX100,PERIOD_H1,15,0,15:00,60,BREAKOUT,2.00,0.10,124,3.00,1.1082,546,449,0.013428,491,7,0.014257,484,230,47.52,1655.31,21501.78,-19846.47,1.08,15.42,1.39,186.03,567.63,250,8132.37,35462.00,510,1.0000,3.0000,0,200,0,600,0.000000,0.050000,484,0.00,546.00,0.00,546.00,0.00,0.00,0.00,0.00,0
NDX100,PERIOD_H1,15,0,15:00,60,BREAKOUT,2.00,0.10,290,2.50,1.1954,180,1122,0.003705,490,0,0.000000,488,230,47.13,2177.21,22473.08,-20295.87,1.11,11.87,1.74,186.01,219.08,250,8132.37,35462.00,510,1.0000,3.0000,0,200,0,600,0.000000,0.050000,488,0.00,180.00,0.00,180.00,0.00,0.00,0.00,0.00,0
NDX100,PERIOD_H1,15,0,15:00,60,BREAKOUT,2.00,0.10,123,2.50,1.0873,291,1056,0.039991,503,15,0.029821,486,235,48.35,2923.93,22795.26,-19871.33,1.15,11.61,2.28,185.92,308.46,250,8132.37,35462.00,510,1.0000,3.0000,0,200,0,600,0.000000,0.050000,486,0.00,291.00,0.00,291.00,0.00,0.00,0.00,0.00,0
NDX100,PERIOD_H1,15,0,15:00,60,BREAKOUT,2.00,0.10,454,3.00,1.3713,93,281,0.047111,517,27,0.052224,488,237,48.57,2445.29,22851.20,-20405.91,1.12,14.27,1.94,186.34,167.27,250,8132.37,35462.00,510,1.0000,3.0000,0,200,0,600,0.000000,0.050000,488,0.00,93.00,0.00,93.00,0.00,0.00,0.00,0.00,0
NDX100,PERIOD_H1,15,0,15:00,60,BREAKOUT,2.00,0.10,292,1.50,1.1060,5,754,0.037931,497,7,0.014085,488,232,47.54,2629.17,23724.61,-21095.44,1.12,13.47,2.04,185.72,26.19,250,8132.37,35462.00,510,1.0000,3.0000,0,200,0,600,0.000000,0.050000,488,0.00,5.00,0.00,5.00,0.00,0.00,0.00,0.00,0
NDX100,PERIOD_H1,15,0,15:00,60,BREAKOUT,2.00,0.10,459,1.00,1.0938,159,529,0.007144,497,7,0.014085,488,232,47.54,2807.39,24107.13,-21299.74,1.13,12.97,2.18,185.78,177.76,250,8132.37,35462.00,510,1.0000,3.0000,0,200,0,600,0.000000,0.050000,488,0.00,159.00,0.00,159.00,0.00,0.00,0.00,0.00,0
NDX100,PERIOD_H1,15,0,15:00,60,BREAKOUT,2.00,0.10,458,2.00,1.2341,187,404,0.040852,518,29,0.055985,487,234,48.05,3108.16,23312.17,-20204.01,1.15,12.79,2.40,185.60,233.82,250,8132.37,35462.00,510,1.0000,3.0000,0,200,0,600,0.000000,0.050000,487,0.00,187.00,0.00,187.00,0.00,0.00,0.00,0.00,0
NDX100,PERIOD_H1,15,0,15:00,60,BREAKOUT,2.00,0.10,127,1.50,1.0484,268,796,0.025299,501,14,0.027944,485,232,47.84,1999.54,21981.35,-19981.81,1.10,12.68,1.63,186.00,277.68,250,8132.37,35462.00,510,1.0000,3.0000,0,200,0,600,0.000000,0.050000,485,0.00,268.00,0.00,268.00,0.00,0.00,0.00,0.00,0
NDX100,PERIOD_H1,15,0,15:00,60,BREAKOUT,2.00,0.10,291,2.00,1.1508,275,352,0.077142,514,26,0.050584,486,232,47.74,2132.58,21984.56,-19851.98,1.11,14.71,1.75,186.11,305.15,250,8132.37,35462.00,510,1.0000,3.0000,0,200,0,600,0.000000,0.050000,486,0.00,275.00,0.00,275.00,0.00,0.00,0.00,0.00,0
NDX100,PERIOD_H1,15,0,15:00,60,BREAKOUT,2.00,0.10,453,2.50,1.3009,413,916,0.073678,523,38,0.072658,484,232,47.93,1327.56,20692.99,-19365.43,1.07,13.68,1.16,185.73,473.19,250,8132.37,35462.00,510,1.0000,3.0000,0,200,0,600,0.000000,0.050000,484,0.00,413.00,0.00,413.00,0.00,0.00,0.00,0.00,0
NDX100,PERIOD_H1,15,0,15:00,60,BREAKOUT,2.00,0.10,289,3.00,1.2398,19,365,0.030268,501,11,0.021956,488,234,47.95,3590.11,25247.15,-21657.04,1.17,12.50,2.71,186.03,66.95,250,8132.37,35462.00,510,1.0000,3.0000,0,200,0,600,0.000000,0.050000,488,0.00,19.00,0.00,19.00,0.00,0.00,0.00,0.00,0
NDX100,PERIOD_H1,15,0,15:00,60,BREAKOUT,2.00,0.10,456,1.50,1.1631,243,222,0.070489,530,44,0.083019,485,240,49.48,2606.41,22930.40,-20323.99,1.13,15.38,2.07,186.11,275.62,250,8132.37,35462.00,510,1.0000,3.0000,0,200,0,600,0.000000,0.050000,485,0.00,243.00,0.00,243.00,0.00,0.00,0.00,0.00,0
NDX100,PERIOD_H1,15,0,15:00,60,BREAKOUT,2.00,0.10,130,1.00,1.0283,176,312,0.027020,504,14,0.027778,488,231,47.34,2615.79,23247.67,-20631.88,1.13,14.35,2.04,186.40,181.65,250,8132.37,35462.00,510,1.0000,3.0000,0,200,0,600,0.000000,0.050000,488,0.00,176.00,0.00,176.00,0.00,0.00,0.00,0.00,0
NDX100,PERIOD_H1,15,0,15:00,60,BREAKOUT,2.00,0.10,295,1.00,1.0611,0,284,0.035441,503,13,0.025845,488,233,47.75,2848.43,24086.44,-21238.01,1.13,15.89,2.20,186.34,12.22,250,8132.37,35462.00,510,1.0000,3.0000,0,200,0,600,0.000000,0.050000,488,0.00,0.00,0.00,0.00,0.00,0.00,0.00,0.00,0
NDX100,PERIOD_H1,15,0,15:00,60,BREAKOUT,2.00,0.10,125,2.00,1.0681,95,953,0.086865,539,54,0.100186,483,226,46.79,1061.96,20765.55,-19703.59,1.05,16.37,0.92,186.12,107.11,250,8132.37,35462.00,510,1.0000,3.0000,0,200,0,600,0.000000,0.050000,483,0.00,95.00,0.00,95.00,0.00,0.00,0.00,0.00,0
NDX100,PERIOD_H1,15,0,15:00,60,BREAKOUT,2.00,0.10,125,3.00,1.1089,142,1430,0.086865,539,54,0.100186,483,226,46.79,996.02,20508.76,-19512.74,1.05,15.70,0.86,185.86,161.38,250,8132.37,35462.00,510,1.0000,3.0000,0,200,0,600,0.000000,0.050000,483,0.00,142.00,0.00,142.00,0.00,0.00,0.00,0.00,0
NDX100,PERIOD_H1,15,0,15:00,60,BREAKOUT,2.00,0.10,291,2.50,1.1960,344,439,0.077142,515,28,0.054369,485,229,47.22,1622.92,21240.15,-19617.23,1.08,15.19,1.38,185.86,383.20,250,8132.37,35462.00,510,1.0000,3.0000,0,200,0,600,0.000000,0.050000,485,0.00,344.00,0.00,344.00,0.00,0.00,0.00,0.00,0
NDX100,PERIOD_H1,15,0,15:00,60,BREAKOUT,2.00,0.10,455,3.00,1.3721,290,1262,0.020545,498,11,0.022088,485,228,47.01,1568.39,21270.60,-19702.21,1.08,15.38,1.31,186.45,364.42,250,8132.37,35462.00,510,1.0000,3.0000,0,200,0,600,0.000000,0.050000,485,0.00,290.00,0.00,290.00,0.00,0.00,0.00,0.00,0
NDX100,PERIOD_H1,15,0,15:00,60,BREAKOUT,2.00,0.10,124,2.50,1.0879,455,374,0.013428,494,7,0.014170,486,232,47.74,2369.24,22583.69,-20214.45,1.12,14.77,1.92,186.18,472.58,250,8132.37,35462.00,510,1.0000,3.0000,0,200,0,600,0.000000,0.050000,486,0.00,455.00,0.00,455.00,0.00,0.00,0.00,0.00,0
NDX100,PERIOD_H1,15,0,15:00,60,BREAKOUT,2.00,0.10,293,1.50,1.1063,103,345,0.018009,500,11,0.022000,488,233,47.75,2314.00,23132.03,-20818.03,1.11,15.63,1.83,185.92,124.26,250,8132.37,35462.00,510,1.0000,3.0000,0,200,0,600,0.000000,0.050000,488,0.00,103.00,0.00,103.00,0.00,0.00,0.00,0.00,0
NDX100,PERIOD_H1,15,0,15:00,60,BREAKOUT,2.00,0.10,459,2.00,1.2345,318,1058,0.014289,501,13,0.025948,486,228,46.91,1224.62,21153.90,-19929.28,1.06,15.12,1.04,185.84,364.91,250,8132.37,35462.00,510,1.0000,3.0000,0,200,0,600,0.000000,0.050000,486,0.00,318.00,0.00,318.00,0.00,0.00,0.00,0.00,0
NDX100,PERIOD_H1,15,0,15:00,60,BREAKOUT,2.00,0.10,460,1.00,1.0940,25,256,0.043863,504,15,0.029762,487,233,47.84,2992.64,24147.58,-21154.94,1.14,15.41,2.29,186.60,43.80,250,8132.37,35462.00,510,1.0000,3.0000,0,200,0,600,0.000000,0.050000,487,0.00,25.00,0.00,25.00,0.00,0.00,0.00,0.00,0
NDX100,PERIOD_H1,15,0,15:00,60,BREAKOUT,2.00,0.10,292,2.00,1.1514,6,1006,0.050575,502,13,0.025896,487,229,47.02,1471.05,22043.66,-20572.61,1.07,16.34,1.21,186.02,36.27,250,8132.37,35462.00,510,1.0000,3.0000,0,200,0,600,0.000000,0.050000,487,0.00,6.00,0.00,6.00,0.00,0.00,0.00,0.00,0
NDX100,PERIOD_H1,15,0,15:00,60,BREAKOUT,2.00,0.10,128,1.50,1.0487,66,387,0.005377,492,2,0.004065,488,233,47.75,3086.34,24599.83,-21513.49,1.14,13.51,2.36,185.82,75.74,250,8132.37,35462.00,510,1.0000,3.0000,0,200,0,600,0.000000,0.050000,488,0.00,66.00,0.00,66.00,0.00,0.00,0.00,0.00,0
NDX100,PERIOD_H1,15,0,15:00,60,BREAKOUT,2.00,0.10,454,2.50,1.3017,77,234,0.047111,517,27,0.052224,488,237,48.57,2658.82,23193.03,-20534.21,1.13,13.86,2.09,186.07,137.34,250,8132.37,35462.00,510,1.0000,3.0000,0,200,0,600,0.000000,0.050000,488,0.00,77.00,0.00,77.00,0.00,0.00,0.00,0.00,0
NDX100,PERIOD_H1,15,0,15:00,60,BREAKOUT,2.00,0.10,290,3.00,1.2405,216,1346,0.003705,489,0,0.000000,487,231,47.43,2117.05,22317.56,-20200.51,1.10,12.27,1.71,186.13,264.10,250,8132.37,35462.00,510,1.0000,3.0000,0,200,0,600,0.000000,0.050000,487,0.00,216.00,0.00,216.00,0.00,0.00,0.00,0.00,0
NDX100,PERIOD_H1,15,0,15:00,60,BREAKOUT,2.00,0.10,131,1.00,1.0284,41,39,0.013738,502,14,0.027888,487,234,48.05,3077.71,24669.26,-21591.55,1.14,16.10,2.34,185.86,46.69,250,8132.37,35462.00,510,1.0000,3.0000,0,200,0,600,0.000000,0.050000,487,0.00,41.00,0.00,41.00,0.00,0.00,0.00,0.00,0
NDX100,PERIOD_H1,15,0,15:00,60,BREAKOUT,2.00,0.10,457,1.50,1.1634,42,712,0.050564,514,26,0.050584,486,232,47.74,3098.21,24411.54,-21313.33,1.15,15.66,2.40,186.05,74.69,250,8132.37,35462.00,510,1.0000,3.0000,0,200,0,600,0.000000,0.050000,486,0.00,42.00,0.00,42.00,0.00,0.00,0.00,0.00,0
NDX100,PERIOD_H1,15,0,15:00,60,BREAKOUT,2.00,0.10,296,1.00,1.0613,66,11,0.022158,497,7,0.014085,489,232,47.44,2884.73,24357.75,-21473.02,1.13,14.82,2.21,185.79,78.27,250,8132.37,35462.00,510,1.0000,3.0000,0,200,0,600,0.000000,0.050000,489,0.00,66.00,0.00,66.00,0.00,0.00,0.00,0.00,0
NDX100,PERIOD_H1,15,0,15:00,60,BREAKOUT,2.00,0.10,126,2.00,1.0687,226,408,0.060298,522,34,0.065134,486,231,47.53,3352.31,23746.79,-20394.48,1.16,11.00,2.59,185.89,239.73,250,8132.37,35462.00,510,1.0000,3.0000,0,200,0,600,0.000000,0.050000,486,0.00,226.00,0.00,226.00,0.00,0.00,0.00,0.00,0
NDX100,PERIOD_H1,15,0,15:00,60,BREAKOUT,2.00,0.10,126,3.00,1.1099,339,611,0.060298,520,33,0.063462,485,230,47.42,2582.43,22108.13,-19525.70,1.13,12.80,2.08,185.99,360.97,250,8132.37,35462.00,510,1.0000,3.0000,0,200,0,600,0.000000,0.050000,485,0.00,339.00,0.00,339.00,0.00,0.00,0.00,0.00,0
NDX100,PERIOD_H1,15,0,15:00,60,BREAKOUT,2.00,0.10,292,2.50,1.1968,8,1257,0.050575,502,13,0.025896,487,230,47.23,1931.66,22527.65,-20595.99,1.09,13.77,1.56,186.19,47.36,250,8132.37,35462.00,510,1.0000,3.0000,0,200,0,600,0.000000,0.050000,487,0.00,8.00,0.00,8.00,0.00,0.00,0.00,0.00,0
NDX100,PERIOD_H1,15,0,15:00,60,BREAKOUT,2.00,0.10,125,2.50,1.0885,119,1192,0.086865,539,54,0.100186,483,226,46.79,1106.01,20758.32,-19652.31,1.06,15.34,0.95,185.87,134.75,250,8132.37,35462.00,510,1.0000,3.0000,0,200,0,600,0.000000,0.050000,483,0.00,119.00,0.00,119.00,0.00,0.00,0.00,0.00,0
NDX100,PERIOD_H1,15,0,15:00,60,BREAKOUT,2.00,0.10,456,3.00,1.3728,486,443,0.093985,535,53,0.099065,482,233,48.34,1248.99,20254.31,-19005.32,1.07,15.57,1.09,186.10,560.56,250,8132.37,35462.00,510,1.0000,3.0000,0,200,0,600,0.000000,0.050000,482,0.00,486.00,0.00,486.00,0.00,0.00,0.00,0.00,0
NDX100,PERIOD_H1,15,0,15:00,60,BREAKOUT,2.00,0.10,294,1.50,1.1066,202,836,0.073086,532,45,0.084586,486,227,46.71,1026.84,20189.70,-19162.86,1.05,12.70,0.90,185.72,223.32,250,8132.37,35462.00,510,1.0000,3.0000,0,200,0,600,0.000000,0.050000,486,0.00,202.00,0.00,202.00,0.00,0.00,0.00,0.00,0
NDX100,PERIOD_H1,15,0,15:00,60,BREAKOUT,2.00,0.10,460,2.00,1.2350,49,512,0.087725,528,40,0.075758,487,232,47.64,2704.82,22974.90,-20270.08,1.13,13.00,2.13,185.65,96.00,250,8132.37,35462.00,510,1.0000,3.0000,0,200,0,600,0.000000,0.050000,487,0.00,49.00,0.00,49.00,0.00,0.00,0.00,0.00,0
NDX100,PERIOD_H1,15,0,15:00,60,BREAKOUT,2.00,0.10,461,1.00,1.0942,90,583,0.030580,507,17,0.033531,488,229,46.93,1982.07,22678.41,-20696.34,1.10,13.16,1.61,185.83,108.85,250,8132.37,35462.00,510,1.0000,3.0000,0,200,0,600,0.000000,0.050000,488,0.00,90.00,0.00,90.00,0.00,0.00,0.00,0.00,0
NDX100,PERIOD_H1,15,0,15:00,60,BREAKOUT,2.00,0.10,129,1.50,1.0490,165,878,0.060454,523,38,0.072658,485,233,48.04,2982.31,23864.19,-20881.88,1.14,13.67,2.35,185.95,174.81,250,8132.37,35462.00,510,1.0000,3.0000,0,200,0,600,0.000000,0.050000,485,0.00,165.00,0.00,165.00,0.00,0.00,0.00,0.00,0
NDX100,PERIOD_H1,15,0,15:00,60,BREAKOUT,2.00,0.10,293,2.00,1.1518,138,460,0.024012,502,13,0.025896,488,231,47.34,2196.93,22892.02,-20695.09,1.11,13.36,1.76,185.74,168.37,250,8132.37,35462.00,510,1.0000,3.0000,0,200,0,600,0.000000,0.050000,488,0.00,138.00,0.00,138.00,0.00,0.00,0.00,0.00,0
NDX100,PERIOD_H1,15,0,15:00,60,BREAKOUT,2.00,0.10,455,2.50,1.3023,241,1052,0.020545,499,12,0.024048,485,230,47.42,1977.33,21909.93,-19932.60,1.10,12.78,1.62,185.95,301.46,250,8132.37,35462.00,510,1.0000,3.0000,0,200,0,600,0.000000,0.050000,485,0.00,241.00,0.00,241.00,0.00,0.00,0.00,0.00,0
NDX100,PERIOD_H1,15,0,15:00,60,BREAKOUT,2.00,0.10,291,3.00,1.2412,413,527,0.077142,514,28,0.054475,485,228,47.01,1125.39,20337.77,-19212.38,1.06,15.26,0.98,186.35,461.24,250,8132.37,35462.00,510,1.0000,3.0000,0,200,0,600,0.000000,0.050000,485,0.00,413.00,0.00,413.00,0.00,0.00,0.00,0.00,0
NDX100,PERIOD_H1,15,0,15:00,60,BREAKOUT,2.00,0.10,132,1.00,1.0286,107,366,0.000455,490,0,0.000000,488,234,47.95,3222.26,24559.39,-21337.13,1.15,13.40,2.45,186.13,112.73,250,8132.37,35462.00,510,1.0000,3.0000,0,200,0,600,0.000000,0.050000,488,0.00,107.00,0.00,107.00,0.00,0.00,0.00,0.00,0
NDX100,PERIOD_H1,15,0,15:00,60,BREAKOUT,2.00,0.10,297,1.00,1.0615,131,338,0.008876,496,6,0.012097,488,232,47.54,2852.27,23923.72,-21071.45,1.14,15.22,2.20,186.31,143.31,250,8132.37,35462.00,510,1.0000,3.0000,0,200,0,600,0.000000,0.050000,488,0.00,131.00,0.00,131.00,0.00,0.00,0.00,0.00,0
NDX100,PERIOD_H1,15,0,15:00,60,BREAKOUT,2.00,0.10,458,1.50,1.1639,140,303,0.030639,511,21,0.041096,488,233,47.75,3192.22,24113.72,-20921.50,1.15,15.21,2.43,186.15,172.77,250,8132.37,35462.00,510,1.0000,3.0000,0,200,0,600,0.000000,0.050000,488,0.00,140.00,0.00,140.00,0.00,0.00,0.00,0.00,0
NDX100,PERIOD_H1,15,0,15:00,60,BREAKOUT,2.00,0.10,127,2.00,1.0691,357,1062,0.033732,502,17,0.033865,483,228,47.20,1288.11,20937.05,-19648.94,1.07,15.53,1.09,186.23,370.82,250,8132.37,35462.00,510,1.0000,3.0000,0,200,0,600,0.000000,0.050000,483,0.00,357.00,0.00,357.00,0.00,0.00,0.00,0.00,0
NDX100,PERIOD_H1,15,0,15:00,60,BREAKOUT,2.00,0.10,127,3.00,1.1106,536,1593,0.033732,496,15,0.030242,481,225,46.78,716.17,19952.49,-19236.32,1.04,15.51,0.63,186.35,558.12,250,8132.37,35462.00,510,1.0000,3.0000,0,200,0,600,0.000000,0.050000,481,0.00,536.00,0.00,536.00,0.00,0.00,0.00,0.00,0
NDX100,PERIOD_H1,15,0,15:00,60,BREAKOUT,2.00,0.10,126,2.50,1.0893,283,510,0.060298,521,34,0.065259,485,232,47.84,3070.02,22903.02,-19833.00,1.15,11.07,2.41,185.89,300.85,250,8132.37,35462.00,510,1.0000,3.0000,0,200,0,600,0.000000,0.050000,485,0.00,283.00,0.00,283.00,0.00,0.00,0.00,0.00,0
NDX100,PERIOD_H1,15,0,15:00,60,BREAKOUT,2.00,0.10,293,2.50,1.1974,172,575,0.024012,503,14,0.027833,488,230,47.13,1904.07,22032.44,-20128.37,1.09,12.26,1.56,185.58,211.48,250,8132.37,35462.00,510,1.0000,3.0000,0,200,0,600,0.000000,0.050000,488,0.00,172.00,0.00,172.00,0.00,0.00,0.00,0.00,0
NDX100,PERIOD_H1,15,0,15:00,60,BREAKOUT,2.00,0.10,457,3.00,1.3735,83,1425,0.067418,523,35,0.066922,486,234,48.15,3468.98,24658.25,-21189.27,1.16,15.12,2.66,186.00,157.71,250,8132.37,35462.00,510,1.0000,3.0000,0,200,0,600,0.000000,0.050000,486,0.00,83.00,0.00,83.00,0.00,0.00,0.00,0.00,0
NDX100,PERIOD_H1,15,0,15:00,60,BREAKOUT,2.00,0.10,461,2.00,1.2356,180,1167,0.061159,515,26,0.050485,487,228,46.82,2249.74,22697.42,-20447.68,1.11,11.71,1.80,185.87,227.12,250,8132.37,35462.00,510,1.0000,3.0000,0,200,0,600,0.000000,0.050000,487,0.00,180.00,0.00,180.00,0.00,0.00,0.00,0.00,0
NDX100,PERIOD_H1,15,0,15:00,60,BREAKOUT,2.00,0.10,295,1.50,1.1069,0,426,0.053162,509,21,0.041257,486,233,47.94,3597.11,25249.32,-21652.21,1.17,13.69,2.71,186.24,21.38,250,8132.37,35462.00,510,1.0000,3.0000,0,200,0,600,0.000000,0.050000,486,0.00,0.00,0.00,0.00,0.00,0.00,0.00,0.00,0
NDX100,PERIOD_H1,15,0,15:00,60,BREAKOUT,2.00,0.10,462,1.00,1.0944,156,310,0.017298,504,14,0.027778,488,236,48.36,3012.64,24034.13,-21021.49,1.14,14.92,2.32,186.40,174.88,250,8132.37,35462.00,510,1.0000,3.0000,0,200,0,600,0.000000,0.050000,488,0.00,156.00,0.00,156.00,0.00,0.00,0.00,0.00,0
NDX100,PERIOD_H1,15,0,15:00,60,BREAKOUT,2.00,0.10,130,1.50,1.0495,263,468,0.040529,507,19,0.037475,487,229,47.02,1621.02,21467.18,-19846.16,1.08,15.31,1.34,185.88,272.89,250,8132.37,35462.00,510,1.0000,3.0000,0,200,0,600,0.000000,0.050000,487,0.00,263.00,0.00,263.00,0.00,0.00,0.00,0.00,0
NDX100,PERIOD_H1,15,0,15:00,60,BREAKOUT,2.00,0.10,294,2.00,1.1523,269,1114,0.097449,543,59,0.108656,483,228,47.20,947.30,19623.60,-18676.30,1.05,12.81,0.84,185.51,299.46,250,8132.37,35462.00,510,1.0000,3.0000,0,200,0,600,0.000000,0.050000,483,0.00,269.00,0.00,269.00,0.00,0.00,0.00,0.00,0
NDX100,PERIOD_H1,15,0,15:00,60,BREAKOUT,2.00,0.10,456,2.50,1.3029,405,369,0.093985,537,54,0.100559,483,235,48.65,1946.09,21319.74,-19373.65,1.10,14.58,1.64,186.04,465.58,250,8132.37,35462.00,510,1.0000,3.0000,0,200,0,600,0.000000,0.050000,483,0.00,405.00,0.00,405.00,0.00,0.00,0.00,0.00,0
NDX100,PERIOD_H1,15,0,15:00,60,BREAKOUT,2.00,0.10,292,3.00,1.2422,10,1509,0.050575,502,13,0.025896,487,229,47.02,1957.22,22602.80,-20645.58,1.09,13.83,1.58,186.01,58.44,250,8132.37,35462.00,510,1.0000,3.0000,0,200,0,600,0.000000,0.050000,487,0.00,10.00,0.00,10.00,0.00,0.00,0.00,0.00,0
NDX100,PERIOD_H1,15,0,15:00,60,BREAKOUT,2.00,0.10,133,1.00,1.0288,172,94,0.037173,508,18,0.035433,488,235,48.16,3147.98,23945.30,-20797.32,1.15,14.13,2.39,185.73,177.76,250,8132.37,35462.00,510,1.0000,3.0000,0,200,0,600,0.000000,0.050000,488,0.00,172.00,0.00,172.00,0.00,0.00,0.00,0.00,0
NDX100,PERIOD_H1,15,0,15:00,60,BREAKOUT,2.00,0.10,459,1.50,1.1642,238,794,0.010717,498,9,0.018072,487,232,47.64,1944.92,22531.27,-20586.35,1.09,12.64,1.58,185.81,270.83,250,8132.37,35462.00,510,1.0000,3.0000,0,200,0,600,0.000000,0.050000,487,0.00,238.00,0.00,238.00,0.00,0.00,0.00,0.00,0
NDX100,PERIOD_H1,15,0,15:00,60,BREAKOUT,2.00,0.10,298,1.00,1.0617,197,65,0.045595,508,19,0.037402,488,233,47.75,2521.24,23182.63,-20661.39,1.12,13.84,1.98,185.69,209.34,250,8132.37,35462.00,510,1.0000,3.0000,0,200,0,600,0.000000,0.050000,488,0.00,197.00,0.00,197.00,0.00,0.00,0.00,0.00,0
NDX100,PERIOD_H1,15,0,15:00,60,BREAKOUT,2.00,0.10,294,2.50,1.1980,336,1393,0.097449,541,58,0.107209,482,226,46.89,731.31,19386.50,-18655.19,1.04,14.64,0.66,185.74,375.59,250,8132.37,35462.00,510,1.0000,3.0000,0,200,0,600,0.000000,0.050000,482,0.00,336.00,0.00,336.00,0.00,0.00,0.00,0.00,0
NDX100,PERIOD_H1,15,0,15:00,60,BREAKOUT,2.00,0.10,128,2.00,1.0696,89,516,0.007169,493,3,0.006085,488,232,47.54,2763.36,23665.16,-20901.80,1.13,13.35,2.14,185.84,102.92,250,8132.37,35462.00,510,1.0000,3.0000,0,200,0,600,0.000000,0.050000,488,0.00,89.00,0.00,89.00,0.00,0.00,0.00,0.00,0
NDX100,PERIOD_H1,15,0,15:00,60,BREAKOUT,2.00,0.10,128,3.00,1.1113,133,774,0.007169,493,3,0.006085,488,232,47.54,2765.05,23578.29,-20813.24,1.13,12.71,2.14,185.66,155.27,250,8132.37,35462.00,510,1.0000,3.0000,0,200,0,600,0.000000,0.050000,488,0.00,133.00,0.00,133.00,0.00,0.00,0.00,0.00,0
NDX100,PERIOD_H1,15,0,15:00,60,BREAKOUT,2.00,0.10,127,2.50,1.0899,447,1327,0.033732,500,16,0.032000,483,226,46.79,1138.27,20568.94,-19430.67,1.06,15.26,0.98,186.32,464.97,250,8132.37,35462.00,510,1.0000,3.0000,0,200,0,600,0.000000,0.050000,483,0.00,447.00,0.00,447.00,0.00,0.00,0.00,0.00,0
NDX100,PERIOD_H1,15,0,15:00,60,BREAKOUT,2.00,0.10,458,3.00,1.3745,280,606,0.040852,515,28,0.054369,485,232,47.84,2603.62,22243.85,-19640.23,1.13,14.92,2.08,185.80,354.90,250,8132.37,35462.00,510,1.0000,3.0000,0,200,0,600,0.000000,0.050000,485,0.00,280.00,0.00,280.00,0.00,0.00,0.00,0.00,0
NDX100,PERIOD_H1,15,0,15:00,60,BREAKOUT,2.00,0.10,462,2.00,1.2361,311,621,0.034596,505,17,0.033663,486,232,47.74,2044.50,21867.22,-19822.72,1.10,14.02,1.67,185.97,358.21,250,8132.37,35462.00,510,1.0000,3.0000,0,200,0,600,0.000000,0.050000,486,0.00,311.00,0.00,311.00,0.00,0.00,0.00,0.00,0
NDX100,PERIOD_H1,15,0,15:00,60,BREAKOUT,2.00,0.10,296,1.50,1.1073,98,17,0.033237,502,13,0.025896,488,232,47.54,3015.43,24139.60,-21124.17,1.14,14.01,2.29,185.81,117.11,250,8132.37,35462.00,510,1.0000,3.0000,0,200,0,600,0.000000,0.050000,488,0.00,98.00,0.00,98.00,0.00,0.00,0.00,0.00,0
NDX100,PERIOD_H1,15,0,15:00,60,BREAKOUT,2.00,0.10,463,1.00,1.0946,21,37,0.004015,490,0,0.000000,489,234,47.85,2723.96,24461.23,-21737.27,1.13,16.13,2.08,185.84,39.92,250,8132.37,35462.00,510,1.0000,3.0000,0,200,0,600,0.000000,0.050000,489,0.00,21.00,0.00,21.00,0.00,0.00,0.00,0.00,0
NDX100,PERIOD_H1,15,0,15:00,60,BREAKOUT,2.00,0.10,131,1.50,1.0498,62,59,0.020607,505,17,0.033663,487,234,48.05,3136.69,24566.42,-21429.73,1.15,15.93,2.40,185.91,71.96,250,8132.37,35462.00,510,1.0000,3.0000,0,200,0,600,0.000000,0.050000,487,0.00,62.00,0.00,62.00,0.00,0.00,0.00,0.00,0
NDX100,PERIOD_H1,15,0,15:00,60,BREAKOUT,2.00,0.10,457,2.50,1.3035,69,1187,0.067418,523,35,0.066922,486,234,48.15,3495.97,24677.76,-21181.79,1.17,15.04,2.67,186.18,129.70,250,8132.37,35462.00,510,1.0000,3.0000,0,200,0,600,0.000000,0.050000,486,0.00,69.00,0.00,69.00,0.00,0.00,0.00,0.00,0
NDX100,PERIOD_H1,15,0,15:00,60,BREAKOUT,2.00,0.10,295,2.00,1.1527,0,568,0.070882,518,31,0.059846,485,232,47.84,2896.07,24075.60,-21179.53,1.14,14.41,2.27,185.95,30.55,250,8132.37,35462.00,510,1.0000,3.0000,0,200,0,600,0.000000,0.050000,485,0.00,0.00,0.00,0.00,0.00,0.00,0.00,0.00,0
NDX100,PERIOD_H1,15,0,15:00,60,BREAKOUT,2.00,0.10,293,3.00,1.2429,206,690,0.024012,501,13,0.025948,487,231,47.43,1793.02,21941.81,-20148.79,1.09,13.20,1.47,185.68,254.59,250,8132.37,35462.00,510,1.0000,3.0000,0,200,0,600,0.000000,0.050000,487,0.00,206.00,0.00,206.00,0.00,0.00,0.00,0.00,0
NDX100,PERIOD_H1,15,0,15:00,60,BREAKOUT,2.00,0.10,134,1.00,1.0291,38,421,0.023891,506,16,0.031621,488,233,47.75,2273.54,23493.69,-21220.15,1.11,15.33,1.80,185.74,43.81,250,8132.37,35462.00,510,1.0000,3.0000,0,200,0,600,0.000000,0.050000,488,0.00,38.00,0.00,38.00,0.00,0.00,0.00,0.00,0
NDX100,PERIOD_H1,15,0,15:00,60,BREAKOUT,2.00,0.10,460,1.50,1.1645,37,384,0.065794,514,25,0.048638,487,231,47.43,2715.81,23653.92,-20938.11,1.13,12.81,2.12,185.91,69.90,250,8132.37,35462.00,510,1.0000,3.0000,0,200,0,600,0.000000,0.050000,487,0.00,37.00,0.00,37.00,0.00,0.00,0.00,0.00,0
NDX100,PERIOD_H1,15,0,15:00,60,BREAKOUT,2.00,0.10,295,2.50,1.1986,0,710,0.070882,518,31,0.059846,485,232,47.84,2912.83,23898.14,-20985.31,1.14,14.06,2.28,185.90,39.71,250,8132.37,35462.00,510,1.0000,3.0000,0,200,0,600,0.000000,0.050000,485,0.00,0.00,0.00,0.00,0.00,0.00,0.00,0.00,0
NDX100,PERIOD_H1,15,0,15:00,60,BREAKOUT,2.00,0.10,299,1.00,1.0620,62,393,0.032311,506,17,0.033597,487,231,47.43,2500.67,23645.43,-21144.76,1.12,13.50,1.97,185.81,74.39,250,8132.37,35462.00,510,1.0000,3.0000,0,200,0,600,0.000000,0.050000,487,0.00,62.00,0.00,62.00,0.00,0.00,0.00,0.00,0
NDX100,PERIOD_H1,15,0,15:00,60,BREAKOUT,2.00,0.10,129,2.00,1.0700,220,1170,0.080605,534,52,0.097378,482,228,47.30,2206.19,22054.32,-19848.13,1.11,12.84,1.83,186.01,234.01,250,8132.37,35462.00,510,1.0000,3.0000,0,200,0,600,0.000000,0.050000,482,0.00,220.00,0.00,220.00,0.00,0.00,0.00,0.00,0
NDX100,PERIOD_H1,15,0,15:00,60,BREAKOUT,2.00,0.10,129,3.00,1.1121,330,1755,0.080605,533,52,0.097561,481,228,47.40,1880.19,21532.18,-19651.99,1.10,15.50,1.60,185.96,352.41,250,8132.37,35462.00,510,1.0000,3.0000,0,200,0,600,0.000000,0.050000,481,0.00,330.00,0.00,330.00,0.00,0.00,0.00,0.00,0
NDX100,PERIOD_H1,15,0,15:00,60,BREAKOUT,2.00,0.10,128,2.50,1.0905,111,645,0.007169,493,3,0.006085,488,231,47.34,2813.14,23706.99,-20893.85,1.13,12.65,2.17,185.97,129.09,250,8132.37,35462.00,510,1.0000,3.0000,0,200,0,600,0.000000,0.050000,488,0.00,111.00,0.00,111.00,0.00,0.00,0.00,0.00,0
NDX100,PERIOD_H1,15,0,15:00,60,BREAKOUT,2.00,0.10,459,3.00,1.3753,477,1587,0.014289,498,13,0.026104,485,225,46.39,892.39,20716.69,-19824.30,1.05,16.20,0.78,185.89,552.05,250,8132.37,35462.00,510,1.0000,3.0000,0,200,0,600,0.000000,0.050000,485,0.00,477.00,0.00,477.00,0.00,0.00,0.00,0.00,0
NDX100,PERIOD_H1,15,0,15:00,60,BREAKOUT,2.00,0.10,463,2.00,1.2365,43,75,0.008029,491,1,0.002037,489,234,47.85,2736.20,24197.93,-21461.73,1.13,15.84,2.11,185.80,90.30,250,8132.37,35462.00,510,1.0000,3.0000,0,200,0,600,0.000000,0.050000,489,0.00,43.00,0.00,43.00,0.00,0.00,0.00,0.00,0
NDX100,PERIOD_H1,15,0,15:00,60,BREAKOUT,2.00,0.10,297,1.50,1.1077,197,508,0.013314,497,7,0.014085,488,231,47.34,2807.67,23108.96,-20301.29,1.14,10.58,2.18,185.82,218.53,250,8132.37,35462.00,510,1.0000,3.0000,0,200,0,600,0.000000,0.050000,488,0.00,197.00,0.00,197.00,0.00,0.00,0.00,0.00,0
NDX100,PERIOD_H1,15,0,15:00,60,BREAKOUT,2.00,0.10,132,1.50,1.0501,160,550,0.000682,490,0,0.000000,488,232,47.54,2872.12,23705.66,-20833.54,1.14,12.65,2.22,185.76,170.02,250,8132.37,35462.00,510,1.0000,3.0000,0,200,0,600,0.000000,0.050000,488,0.00,160.00,0.00,160.00,0.00,0.00,0.00,0.00,0
NDX100,PERIOD_H1,15,0,15:00,60,BREAKOUT,2.00,0.10,458,2.50,1.3043,233,505,0.040852,515,28,0.054369,485,234,48.25,3164.13,23159.41,-19995.28,1.16,12.96,2.45,185.72,293.86,250,8132.37,35462.00,510,1.0000,3.0000,0,200,0,600,0.000000,0.050000,485,0.00,233.00,0.00,233.00,0.00,0.00,0.00,0.00,0
NDX100,PERIOD_H1,15,0,15:00,60,BREAKOUT,2.00,0.10,464,1.00,1.0948,87,365,0.040733,511,23,0.045010,487,234,48.05,2946.41,24045.54,-21099.13,1.14,12.82,2.30,186.03,105.96,250,8132.37,35462.00,510,1.0000,3.0000,0,200,0,600,0.000000,0.050000,487,0.00,87.00,0.00,87.00,0.00,0.00,0.00,0.00,0
NDX100,PERIOD_H1,15,0,15:00,60,BREAKOUT,2.00,0.10,294,3.00,1.2437,403,1671,0.097449,540,58,0.107407,482,223,46.27,452.16,18713.09,-18260.93,1.02,14.12,0.42,185.37,451.73,250,8132.37,35462.00,510,1.0000,3.0000,0,200,0,600,0.000000,0.050000,482,0.00,403.00,0.00,403.00,0.00,0.00,0.00,0.00,0
NDX100,PERIOD_H1,15,0,15:00,60,BREAKOUT,2.00,0.10,296,2.00,1.1534,131,23,0.044316,506,17,0.033597,488,232,47.54,2978.90,24003.93,-21025.03,1.14,14.26,2.28,185.81,158.30,250,8132.37,35462.00,510,1.0000,3.0000,0,200,0,600,0.000000,0.050000,488,0.00,131.00,0.00,131.00,0.00,0.00,0.00,0.00,0
NDX100,PERIOD_H1,15,0,15:00,60,BREAKOUT,2.00,0.10,135,1.00,1.0292,104,148,0.010608,496,6,0.012097,488,235,48.16,3048.74,24235.04,-21186.30,1.14,15.02,2.33,186.12,109.85,250,8132.37,35462.00,510,1.0000,3.0000,0,200,0,600,0.000000,0.050000,488,0.00,104.00,0.00,104.00,0.00,0.00,0.00,0.00,0
NDX100,PERIOD_H1,15,0,15:00,60,BREAKOUT,2.00,0.10,461,1.50,1.1649,135,875,0.045869,512,23,0.044922,487,230,47.23,2281.57,22794.02,-20512.45,1.11,12.62,1.82,185.84,167.98,250,8132.37,35462.00,510,1.0000,3.0000,0,200,0,600,0.000000,0.050000,487,0.00,135.00,0.00,135.00,0.00,0.00,0.00,0.00,0
NDX100,PERIOD_H1,15,0,15:00,60,BREAKOUT,2.00,0.10,296,2.50,1.1994,164,28,0.044316,505,16,0.031683,488,231,47.34,2847.24,23480.27,-20633.03,1.14,12.89,2.19,185.77,199.49,250,8132.37,35462.00,510,1.0000,3.0000,0,200,0,600,0.000000,0.050000,488,0.00,164.00,0.00,164.00,0.00,0.00,0.00,0.00,0
NDX100,PERIOD_H1,15,0,15:00,60,BREAKOUT,2.00,0.10,300,1.00,1.0621,128,120,0.019030,500,10,0.020000,488,233,47.75,2272.02,23373.45,-21101.43,1.11,15.02,1.79,185.82,140.43,250,8132.37,35462.00,510,1.0000,3.0000,0,200,0,600,0.000000,0.050000,488,0.00,128.00,0.00,128.00,0.00,0.00,0.00,0.00,0
NDX100,PERIOD_H1,15,0,15:00,60,BREAKOUT,2.00,0.10,130,2.00,1.0707,351,624,0.054039,511,25,0.048924,485,228,47.01,1324.94,20740.15,-19415.21,1.07,17.69,1.13,186.04,365.13,250,8132.37,35462.00,510,1.0000,3.0000,0,200,0,600,0.000000,0.050000,485,0.00,351.00,0.00,351.00,0.00,0.00,0.00,0.00,0
NDX100,PERIOD_H1,15,0,15:00,60,BREAKOUT,2.00,0.10,130,3.00,1.1130,527,937,0.054039,508,24,0.047244,484,227,46.90,716.78,19707.75,-18990.97,1.04,17.86,0.63,186.25,549.61,250,8132.37,35462.00,510,1.0000,3.0000,0,200,0,600,0.000000,0.050000,484,0.00,527.00,0.00,527.00,0.00,0.00,0.00,0.00,0
NDX100,PERIOD_H1,15,0,15:00,60,BREAKOUT,2.00,0.10,129,2.50,1.0911,275,1463,0.080605,534,53,0.099251,481,230,47.82,2163.27,21901.67,-19738.40,1.11,13.30,1.81,185.73,293.21,250,8132.37,35462.00,510,1.0000,3.0000,0,200,0,600,0.000000,0.050000,481,0.00,275.00,0.00,275.00,0.00,0.00,0.00,0.00,0
NDX100,PERIOD_H1,15,0,15:00,60,BREAKOUT,2.00,0.10,460,3.00,1.3760,74,768,0.087725,530,42,0.079245,487,232,47.64,2877.56,22996.28,-20118.72,1.14,12.32,2.25,185.51,149.20,250,8132.37,35462.00,510,1.0000,3.0000,0,200,0,600,0.000000,0.050000,487,0.00,74.00,0.00,74.00,0.00,0.00,0.00,0.00,0
NDX100,PERIOD_H1,15,0,15:00,60,BREAKOUT,2.00,0.10,464,2.00,1.2370,174,729,0.081466,527,40,0.075901,486,230,47.33,1798.69,21879.56,-20080.87,1.09,13.24,1.49,185.79,221.40,250,8132.37,35462.00,510,1.0000,3.0000,0,200,0,600,0.000000,0.050000,486,0.00,174.00,0.00,174.00,0.00,0.00,0.00,0.00,0
NDX100,PERIOD_H1,15,0,15:00,60,BREAKOUT,2.00,0.10,465,1.00,1.0950,153,92,0.027451,508,18,0.035433,488,235,48.16,2232.24,23400.22,-21167.98,1.11,15.20,1.76,185.51,172.01,250,8132.37,35462.00,510,1.0000,3.0000,0,200,0,600,0.000000,0.050000,488,0.00,153.00,0.00,153.00,0.00,0.00,0.00,0.00,0
NDX100,PERIOD_H1,15,0,15:00,60,BREAKOUT,2.00,0.10,133,1.50,1.0504,258,140,0.055760,517,28,0.054159,487,239,49.08,2924.22,22574.62,-19650.40,1.15,14.27,2.28,185.83,268.08,250,8132.37,35462.00,510,1.0000,3.0000,0,200,0,600,0.000000,0.050000,487,0.00,258.00,0.00,258.00,0.00,0.00,0.00,0.00,0
NDX100,PERIOD_H1,15,0,15:00,60,BREAKOUT,2.00,0.10,298,1.50,1.1080,295,98,0.068392,516,30,0.058140,485,232,47.84,1922.49,22205.68,-20283.19,1.09,17.65,1.56,185.95,316.60,250,8132.37,35462.00,510,1.0000,3.0000,0,200,0,600,0.000000,0.050000,485,0.00,295.00,0.00,295.00,0.00,0.00,0.00,0.00,0
NDX100,PERIOD_H1,15,0,15:00,60,BREAKOUT,2.00,0.10,459,2.50,1.3049,397,1323,0.014289,500,13,0.026000,486,226,46.50,1066.50,20841.65,-19775.15,1.05,14.71,0.92,185.98,457.98,250,8132.37,35462.00,510,1.0000,3.0000,0,200,0,600,0.000000,0.050000,486,0.00,397.00,0.00,397.00,0.00,0.00,0.00,0.00,0
NDX100,PERIOD_H1,15,0,15:00,60,BREAKOUT,2.00,0.10,295,3.00,1.2444,0,853,0.070882,518,31,0.059846,485,232,47.84,2807.10,23742.24,-20935.14,1.13,14.26,2.21,186.01,48.88,250,8132.37,35462.00,510,1.0000,3.0000,0,200,0,600,0.000000,0.050000,485,0.00,0.00,0.00,0.00,0.00,0.00,0.00,0.00,0
NDX100,PERIOD_H1,15,0,15:00,60,BREAKOUT,2.00,0.10,297,2.00,1.1538,262,677,0.017753,497,9,0.018109,486,232,47.74,2714.31,22955.04,-20240.73,1.13,10.65,2.12,185.91,292.76,250,8132.37,35462.00,510,1.0000,3.0000,0,200,0,600,0.000000,0.050000,486,0.00,262.00,0.00,262.00,0.00,0.00,0.00,0.00,0
NDX100,PERIOD_H1,15,0,15:00,60,BREAKOUT,2.00,0.10,136,1.00,1.0294,169,475,0.047327,509,20,0.039293,487,230,47.23,2868.57,23869.61,-21001.04,1.14,13.08,2.24,185.81,174.88,250,8132.37,35462.00,510,1.0000,3.0000,0,200,0,600,0.000000,0.050000,487,0.00,169.00,0.00,169.00,0.00,0.00,0.00,0.00,0
NDX100,PERIOD_H1,15,0,15:00,60,BREAKOUT,2.00,0.10,462,1.50,1.1652,234,466,0.025947,504,15,0.029762,487,234,48.05,2573.48,22784.10,-20210.62,1.13,11.56,2.04,186.10,267.05,250,8132.37,35462.00,510,1.0000,3.0000,0,200,0,600,0.000000,0.050000,487,0.00,234.00,0.00,234.00,0.00,0.00,0.00,0.00,0
NDX100,PERIOD_H1,15,0,15:00,60,BREAKOUT,2.00,0.10,297,2.50,1.2000,328,846,0.017753,497,9,0.018109,486,230,47.33,1897.41,21739.22,-19841.81,1.10,13.16,1.55,185.97,367.99,250,8132.37,35462.00,510,1.0000,3.0000,0,200,0,600,0.000000,0.050000,486,0.00,328.00,0.00,328.00,0.00,0.00,0.00,0.00,0
NDX100,PERIOD_H1,15,0,15:00,60,BREAKOUT,2.00,0.10,301,1.00,1.0623,194,447,0.005747,492,2,0.004065,488,231,47.34,2814.30,23477.10,-20662.80,1.14,11.79,2.18,185.72,206.46,250,8132.37,35462.00,510,1.0000,3.0000,0,200,0,600,0.000000,0.050000,488,0.00,194.00,0.00,194.00,0.00,0.00,0.00,0.00,0
NDX100,PERIOD_H1,15,0,15:00,60,BREAKOUT,2.00,0.10,131,3.00,1.1138,123,118,0.027476,510,22,0.043137,486,235,48.35,3381.03,24503.40,-21122.37,1.16,15.04,2.56,185.83,145.75,250,8132.37,35462.00,510,1.0000,3.0000,0,200,0,600,0.000000,0.050000,486,0.00,123.00,0.00,123.00,0.00,0.00,0.00,0.00,0
NDX100,PERIOD_H1,15,0,15:00,60,BREAKOUT,2.00,0.10,131,2.00,1.0711,82,79,0.027476,510,22,0.043137,486,235,48.35,3477.02,24728.12,-21251.10,1.16,15.83,2.62,185.84,96.22,250,8132.37,35462.00,510,1.0000,3.0000,0,200,0,600,0.000000,0.050000,486,0.00,82.00,0.00,82.00,0.00,0.00,0.00,0.00,0
NDX100,PERIOD_H1,15,0,15:00,60,BREAKOUT,2.00,0.10,130,2.50,1.0918,439,781,0.054039,510,25,0.049020,485,226,46.60,1024.56,20157.14,-19132.58,1.05,17.37,0.89,185.80,457.37,250,8132.37,35462.00,510,1.0000,3.0000,0,200,0,600,0.000000,0.050000,485,0.00,439.00,0.00,439.00,0.00,0.00,0.00,0.00,0
NDX100,PERIOD_H1,15,0,15:00,60,BREAKOUT,2.00,0.10,461,3.00,1.3770,270,1750,0.061159,515,28,0.054369,485,226,46.60,1462.13,21476.70,-20014.57,1.07,15.04,1.24,185.91,345.39,250,8132.37,35462.00,510,1.0000,3.0000,0,200,0,600,0.000000,0.050000,485,0.00,270.00,0.00,270.00,0.00,0.00,0.00,0.00,0
NDX100,PERIOD_H1,15,0,15:00,60,BREAKOUT,2.00,0.10,465,2.00,1.2376,305,183,0.054903,522,36,0.068966,484,232,47.93,1500.82,21411.94,-19911.12,1.08,18.30,1.27,186.39,352.52,250,8132.37,35462.00,510,1.0000,3.0000,0,200,0,600,0.000000,0.050000,484,0.00,305.00,0.00,305.00,0.00,0.00,0.00,0.00,0
NDX100,PERIOD_H1,15,0,15:00,60,BREAKOUT,2.00,0.10,296,3.00,1.2454,197,34,0.044316,504,16,0.031746,487,231,47.43,2715.91,23273.64,-20557.73,1.13,13.46,2.11,185.83,240.68,250,8132.37,35462.00,510,1.0000,3.0000,0,200,0,600,0.000000,0.050000,487,0.00,197.00,0.00,197.00,0.00,0.00,0.00,0.00,0
NDX100,PERIOD_H1,15,0,15:00,60,BREAKOUT,2.00,0.10,466,1.00,1.0952,18,419,0.014168,496,7,0.014113,487,231,47.43,2584.74,23687.40,-21102.66,1.12,13.18,2.03,185.99,37.04,250,8132.37,35462.00,510,1.0000,3.0000,0,200,0,600,0.000000,0.050000,487,0.00,18.00,0.00,18.00,0.00,0.00,0.00,0.00,0
NDX100,PERIOD_H1,15,0,15:00,60,BREAKOUT,2.00,0.10,134,1.50,1.0508,57,631,0.035837,511,21,0.041096,488,232,47.54,2125.79,22765.88,-20640.09,1.10,14.90,1.70,185.84,67.17,250,8132.37,35462.00,510,1.0000,3.0000,0,200,0,600,0.000000,0.050000,488,0.00,57.00,0.00,57.00,0.00,0.00,0.00,0.00,0
NDX100,PERIOD_H1,15,0,15:00,60,BREAKOUT,2.00,0.10,460,2.50,1.3055,61,640,0.087725,530,42,0.079245,487,232,47.64,2902.09,23076.30,-20174.21,1.14,12.32,2.27,185.73,122.10,250,8132.37,35462.00,510,1.0000,3.0000,0,200,0,600,0.000000,0.050000,487,0.00,61.00,0.00,61.00,0.00,0.00,0.00,0.00,0
NDX100,PERIOD_H1,15,0,15:00,60,BREAKOUT,2.00,0.10,299,1.50,1.1084,94,589,0.048467,514,27,0.052529,485,230,47.42,2416.18,23054.39,-20638.21,1.12,12.94,1.93,185.69,115.68,250,8132.37,35462.00,510,1.0000,3.0000,0,200,0,600,0.000000,0.050000,485,0.00,94.00,0.00,94.00,0.00,0.00,0.00,0.00,0
NDX100,PERIOD_H1,15,0,15:00,60,BREAKOUT,2.00,0.10,298,2.00,1.1543,394,131,0.091189,526,40,0.076046,485,231,47.63,2295.40,22222.42,-19927.02,1.12,18.54,1.88,186.11,424.85,250,8132.37,35462.00,510,1.0000,3.0000,0,200,0,600,0.000000,0.050000,485,0.00,394.00,0.00,394.00,0.00,0.00,0.00,0.00,0
NDX100,PERIOD_H1,15,0,15:00,60,BREAKOUT,2.00,0.10,137,1.00,1.0297,35,202,0.034045,502,14,0.027888,486,237,48.77,2933.81,24026.14,-21092.33,1.14,15.80,2.27,186.30,40.93,250,8132.37,35462.00,510,1.0000,3.0000,0,200,0,600,0.000000,0.050000,486,0.00,35.00,0.00,35.00,0.00,0.00,0.00,0.00,0
NDX100,PERIOD_H1,15,0,15:00,60,BREAKOUT,2.00,0.10,302,1.00,1.0625,59,174,0.042465,520,32,0.061538,486,232,47.74,2821.79,24337.94,-21516.15,1.13,16.71,2.24,186.77,71.50,250,8132.37,35462.00,510,1.0000,3.0000,0,200,0,600,0.000000,0.050000,486,0.00,59.00,0.00,59.00,0.00,0.00,0.00,0.00,0
NDX100,PERIOD_H1,15,0,15:00,60,BREAKOUT,2.00,0.10,298,2.50,1.2006,492,164,0.091189,525,42,0.080000,483,230,47.62,1903.53,21417.63,-19514.10,1.10,18.89,1.60,186.29,532.11,250,8132.37,35462.00,510,1.0000,3.0000,0,200,0,600,0.000000,0.050000,483,0.00,492.00,0.00,492.00,0.00,0.00,0.00,0.00,0
NDX100,PERIOD_H1,15,0,15:00,60,BREAKOUT,2.00,0.10,463,1.50,1.1656,32,56,0.006022,491,1,0.002037,489,234,47.85,2752.95,24356.21,-21603.26,1.13,15.98,2.11,185.88,65.11,250,8132.37,35462.00,510,1.0000,3.0000,0,200,0,600,0.000000,0.050000,489,0.00,32.00,0.00,32.00,0.00,0.00,0.00,0.00,0
NDX100,PERIOD_H1,15,0,15:00,60,BREAKOUT,2.00,0.10,132,3.00,1.1145,320,1099,0.000909,488,0,0.000000,486,229,47.12,1666.73,21514.87,-19848.14,1.08,15.30,1.37,185.83,342.90,250,8132.37,35462.00,510,1.0000,3.0000,0,200,0,600,0.000000,0.050000,486,0.00,320.00,0.00,320.00,0.00,0.00,0.00,0.00,0
NDX100,PERIOD_H1,15,0,15:00,60,BREAKOUT,2.00,0.10,132,2.00,1.0716,213,733,0.000909,490,0,0.000000,488,231,47.34,2299.38,22619.35,-20319.97,1.11,11.61,1.82,185.75,227.31,250,8132.37,35462.00,510,1.0000,3.0000,0,200,0,600,0.000000,0.050000,488,0.00,213.00,0.00,213.00,0.00,0.00,0.00,0.00,0
NDX100,PERIOD_H1,15,0,15:00,60,BREAKOUT,2.00,0.10,131,2.50,1.0924,103,98,0.027476,510,22,0.043137,486,235,48.35,3491.38,24622.76,-21131.38,1.17,14.95,2.62,185.94,121.49,250,8132.37,35462.00,510,1.0000,3.0000,0,200,0,600,0.000000,0.050000,486,0.00,103.00,0.00,103.00,0.00,0.00,0.00,0.00,0
NDX100,PERIOD_H1,15,0,15:00,60,BREAKOUT,2.00,0.10,462,3.00,1.3777,467,931,0.034596,502,17,0.033865,485,231,47.63,1414.59,20813.18,-19398.59,1.07,14.14,1.21,186.25,542.54,250,8132.37,35462.00,510,1.0000,3.0000,0,200,0,600,0.000000,0.050000,485,0.00,467.00,0.00,467.00,0.00,0.00,0.00,0.00,0
NDX100,PERIOD_H1,15,0,15:00,60,BREAKOUT,2.00,0.10,466,2.00,1.2380,36,838,0.028336,500,11,0.022000,487,231,47.43,2675.10,23451.22,-20776.12,1.13,13.73,2.10,185.91,83.61,250,8132.37,35462.00,510,1.0000,3.0000,0,200,0,600,0.000000,0.050000,487,0.00,36.00,0.00,36.00,0.00,0.00,0.00,0.00,0
NDX100,PERIOD_H1,15,0,15:00,60,BREAKOUT,2.00,0.10,135,1.50,1.0512,155,222,0.015912,498,8,0.016064,488,234,47.95,3049.71,24137.53,-21087.82,1.14,14.35,2.34,186.26,165.23,250,8132.37,35462.00,510,1.0000,3.0000,0,200,0,600,0.000000,0.050000,488,0.00,155.00,0.00,155.00,0.00,0.00,0.00,0.00,0
NDX100,PERIOD_H1,15,0,15:00,60,BREAKOUT,2.00,0.10,467,1.00,1.0954,84,146,0.000885,490,0,0.000000,488,235,48.16,2991.41,24270.36,-21278.95,1.14,15.69,2.29,186.14,103.08,250,8132.37,35462.00,510,1.0000,3.0000,0,200,0,600,0.000000,0.050000,488,0.00,84.00,0.00,84.00,0.00,0.00,0.00,0.00,0
NDX100,PERIOD_H1,15,0,15:00,60,BREAKOUT,2.00,0.10,297,3.00,1.2461,394,1015,0.017753,496,9,0.018145,486,227,46.71,1306.80,20798.61,-19491.81,1.07,15.34,1.10,186.04,443.22,250,8132.37,35462.00,510,1.0000,3.0000,0,200,0,600,0.000000,0.050000,486,0.00,394.00,0.00,394.00,0.00,0.00,0.00,0.00,0
NDX100,PERIOD_H1,15,0,15:00,60,BREAKOUT,2.00,0.10,299,2.00,1.1549,125,785,0.064623,524,37,0.070611,485,231,47.63,2528.14,23341.45,-20813.31,1.12,13.02,2.02,185.43,155.98,250,8132.37,35462.00,510,1.0000,3.0000,0,200,0,600,0.000000,0.050000,485,0.00,125.00,0.00,125.00,0.00,0.00,0.00,0.00,0
NDX100,PERIOD_H1,15,0,15:00,60,BREAKOUT,2.00,0.10,461,2.50,1.3063,225,1458,0.061159,514,26,0.050584,486,229,47.12,1916.72,22133.15,-20216.43,1.09,12.91,1.58,185.44,286.26,250,8132.37,35462.00,510,1.0000,3.0000,0,200,0,600,0.000000,0.050000,486,0.00,225.00,0.00,225.00,0.00,0.00,0.00,0.00,0
NDX100,PERIOD_H1,15,0,15:00,60,BREAKOUT,2.00,0.10,300,1.50,1.1087,192,180,0.028545,505,15,0.029703,488,233,47.75,2267.67,22718.16,-20450.49,1.11,13.98,1.81,186.58,213.75,250,8132.37,35462.00,510,1.0000,3.0000,0,200,0,600,0.000000,0.050000,488,0.00,192.00,0.00,192.00,0.00,0.00,0.00,0.00,0
NDX100,PERIOD_H1,15,0,15:00,60,BREAKOUT,2.00,0.10,138,1.00,1.0298,100,529,0.020762,503,13,0.025845,488,231,47.34,2451.78,23160.37,-20708.59,1.12,13.29,1.94,185.67,105.97,250,8132.37,35462.00,510,1.0000,3.0000,0,200,0,600,0.000000,0.050000,488,0.00,100.00,0.00,100.00,0.00,0.00,0.00,0.00,0
NDX100,PERIOD_H1,15,0,15:00,60,BREAKOUT,2.00,0.10,299,2.50,1.2013,156,982,0.064623,524,37,0.070611,485,229,47.22,1682.56,21830.16,-20147.60,1.08,14.50,1.40,185.94,196.27,250,8132.37,35462.00,510,1.0000,3.0000,0,200,0,600,0.000000,0.050000,485,0.00,156.00,0.00,156.00,0.00,0.00,0.00,0.00,0
NDX100,PERIOD_H1,15,0,15:00,60,BREAKOUT,2.00,0.10,303,1.00,1.0627,125,501,0.029183,498,11,0.022088,485,230,47.42,2683.53,23110.66,-20427.13,1.13,11.28,2.09,185.86,136.17,250,8132.37,35462.00,510,1.0000,3.0000,0,200,0,600,0.000000,0.050000,485,0.00,125.00,0.00,125.00,0.00,0.00,0.00,0.00,0
NDX100,PERIOD_H1,15,0,15:00,60,BREAKOUT,2.00,0.10,133,3.00,1.1152,517,281,0.074346,526,41,0.077947,485,234,48.25,1268.70,19956.72,-18688.02,1.07,16.17,1.09,185.92,540.05,250,8132.37,35462.00,510,1.0000,3.0000,0,200,0,600,0.000000,0.050000,485,0.00,517.00,0.00,517.00,0.00,0.00,0.00,0.00,0
NDX100,PERIOD_H1,15,0,15:00,60,BREAKOUT,2.00,0.10,464,1.50,1.1659,130,547,0.061100,517,30,0.058027,486,233,47.94,2811.65,23643.36,-20831.71,1.13,12.22,2.21,186.24,163.18,250,8132.37,35462.00,510,1.0000,3.0000,0,200,0,600,0.000000,0.050000,486,0.00,130.00,0.00,130.00,0.00,0.00,0.00,0.00,0
NDX100,PERIOD_H1,15,0,15:00,60,BREAKOUT,2.00,0.10,133,2.00,1.0720,345,187,0.074346,526,39,0.074144,485,236,48.66,1878.56,20869.50,-18990.94,1.10,16.14,1.55,186.08,359.40,250,8132.37,35462.00,510,1.0000,3.0000,0,200,0,600,0.000000,0.050000,485,0.00,345.00,0.00,345.00,0.00,0.00,0.00,0.00,0
NDX100,PERIOD_H1,15,0,15:00,60,BREAKOUT,2.00,0.10,132,2.50,1.0930,267,916,0.000909,488,0,0.000000,486,232,47.74,2082.14,22164.59,-20082.45,1.10,12.70,1.68,186.14,285.61,250,8132.37,35462.00,510,1.0000,3.0000,0,200,0,600,0.000000,0.050000,486,0.00,267.00,0.00,267.00,0.00,0.00,0.00,0.00,0
NDX100,PERIOD_H1,15,0,15:00,60,BREAKOUT,2.00,0.10,463,3.00,1.3784,64,112,0.008029,491,1,0.002037,488,234,47.95,2607.92,23839.53,-21231.61,1.12,15.01,2.01,185.84,139.69,250,8132.37,35462.00,510,1.0000,3.0000,0,200,0,600,0.000000,0.050000,488,0.00,64.00,0.00,64.00,0.00,0.00,0.00,0.00,0
NDX100,PERIOD_H1,15,0,15:00,60,BREAKOUT,2.00,0.10,467,2.00,1.2385,167,292,0.001770,491,1,0.002037,488,233,47.75,2684.37,23364.19,-20679.82,1.13,14.03,2.08,186.32,214.70,250,8132.37,35462.00,510,1.0000,3.0000,0,200,0,600,0.000000,0.050000,488,0.00,167.00,0.00,167.00,0.00,0.00,0.00,0.00,0
NDX100,PERIOD_H1,15,0,15:00,60,BREAKOUT,2.00,0.10,136,1.50,1.0515,254,712,0.070990,522,35,0.067050,485,231,47.63,2713.48,23054.54,-20341.06,1.13,11.19,2.18,185.76,264.30,250,8132.37,35462.00,510,1.0000,3.0000,0,200,0,600,0.000000,0.050000,485,0.00,254.00,0.00,254.00,0.00,0.00,0.00,0.00,0
NDX100,PERIOD_H1,15,0,15:00,60,BREAKOUT,2.00,0.10,298,3.00,1.2468,590,196,0.091189,522,41,0.078544,481,229,47.61,1414.10,20403.02,-18988.92,1.07,18.91,1.22,186.30,639.37,250,8132.37,35462.00,510,1.0000,3.0000,0,200,0,600,0.000000,0.050000,481,0.00,590.00,0.00,590.00,0.00,0.00,0.00,0.00,0
NDX100,PERIOD_H1,15,0,15:00,60,BREAKOUT,2.00,0.10,468,1.00,1.0956,149,473,0.037603,507,17,0.033531,488,233,47.75,2474.43,23002.91,-20528.48,1.12,12.17,1.96,185.89,168.12,250,8132.37,35462.00,510,1.0000,3.0000,0,200,0,600,0.000000,0.050000,488,0.00,149.00,0.00,149.00,0.00,0.00,0.00,0.00,0
NDX100,PERIOD_H1,15,0,15:00,60,BREAKOUT,2.00,0.10,300,2.00,1.1553,256,239,0.038060,508,20,0.039370,486,234,48.15,2505.98,22736.42,-20230.44,1.12,14.44,1.99,186.36,287.07,250,8132.37,35462.00,510,1.0000,3.0000,0,200,0,600,0.000000,0.050000,486,0.00,256.00,0.00,256.00,0.00,0.00,0.00,0.00,0
NDX100,PERIOD_H1,15,0,15:00,60,BREAKOUT,2.00,0.10,301,1.50,1.1091,290,670,0.008620,492,4,0.008130,486,231,47.53,2184.05,22318.58,-20134.53,1.11,14.37,1.74,186.02,311.81,250,8132.37,35462.00,510,1.0000,3.0000,0,200,0,600,0.000000,0.050000,486,0.00,290.00,0.00,290.00,0.00,0.00,0.00,0.00,0
NDX100,PERIOD_H1,15,0,15:00,60,BREAKOUT,2.00,0.10,462,2.50,1.3069,389,776,0.034596,504,17,0.033730,486,230,47.33,1748.39,21245.07,-19496.68,1.09,13.64,1.46,185.73,450.38,250,8132.37,35462.00,510,1.0000,3.0000,0,200,0,600,0.000000,0.050000,486,0.00,389.00,0.00,389.00,0.00,0.00,0.00,0.00,0
NDX100,PERIOD_H1,15,0,15:00,60,BREAKOUT,2.00,0.10,139,1.00,1.0300,166,256,0.007479,493,3,0.006085,488,233,47.75,2854.24,23912.27,-21058.03,1.14,15.00,2.20,186.64,172.01,250,8132.37,35462.00,510,1.0000,3.0000,0,200,0,600,0.000000,0.050000,488,0.00,166.00,0.00,166.00,0.00,0.00,0.00,0.00,0
NDX100,PERIOD_H1,15,0,15:00,60,BREAKOUT,2.00,0.10,300,2.50,1.2019,320,299,0.038060,509,21,0.041257,486,232,47.74,1735.86,21679.84,-19943.98,1.09,17.23,1.44,186.27,360.39,250,8132.37,35462.00,510,1.0000,3.0000,0,200,0,600,0.000000,0.050000,486,0.00,320.00,0.00,320.00,0.00,0.00,0.00,0.00,0
NDX100,PERIOD_H1,15,0,15:00,60,BREAKOUT,2.00,0.10,134,3.00,1.1162,114,1262,0.047783,515,25,0.048544,488,230,47.13,1846.05,22179.48,-20333.43,1.09,14.08,1.52,186.24,137.24,250,8132.37,35462.00,510,1.0000,3.0000,0,200,0,600,0.000000,0.050000,488,0.00,114.00,0.00,114.00,0.00,0.00,0.00,0.00,0
NDX100,PERIOD_H1,15,0,15:00,60,BREAKOUT,2.00,0.10,304,1.00,1.0629,190,228,0.015900,497,9,0.018109,487,231,47.43,2599.68,23061.09,-20461.41,1.13,14.17,2.04,186.38,202.59,250,8132.37,35462.00,510,1.0000,3.0000,0,200,0,600,0.000000,0.050000,487,0.00,190.00,0.00,190.00,0.00,0.00,0.00,0.00,0
NDX100,PERIOD_H1,15,0,15:00,60,BREAKOUT,2.00,0.10,134,2.00,1.0726,76,841,0.047783,515,25,0.048544,488,231,47.34,1782.58,22130.55,-20347.97,1.09,14.84,1.47,185.73,90.53,250,8132.37,35462.00,510,1.0000,3.0000,0,200,0,600,0.000000,0.050000,488,0.00,76.00,0.00,76.00,0.00,0.00,0.00,0.00,0
NDX100,PERIOD_H1,15,0,15:00,60,BREAKOUT,2.00,0.10,465,1.50,1.1663,229,137,0.041177,513,24,0.046784,487,237,48.67,2429.32,23279.96,-20850.64,1.12,15.08,1.93,185.85,262.26,250,8132.37,35462.00,510,1.0000,3.0000,0,200,0,600,0.000000,0.050000,487,0.00,229.00,0.00,229.00,0.00,0.00,0.00,0.00,0
NDX100,PERIOD_H1,15,0,15:00,60,BREAKOUT,2.00,0.10,133,2.50,1.0936,431,234,0.074346,527,41,0.077799,485,234,48.25,1607.85,20442.15,-18834.30,1.09,15.69,1.35,185.78,449.73,250,8132.37,35462.00,510,1.0000,3.0000,0,200,0,600,0.000000,0.050000,485,0.00,431.00,0.00,431.00,0.00,0.00,0.00,0.00,0
NDX100,PERIOD_H1,15,0,15:00,60,BREAKOUT,2.00,0.10,464,3.00,1.3792,261,1094,0.081466,525,40,0.076190,484,229,47.31,1187.52,20706.51,-19518.99,1.06,14.99,1.03,185.92,336.83,250,8132.37,35462.00,510,1.0000,3.0000,0,200,0,600,0.000000,0.050000,484,0.00,261.00,0.00,261.00,0.00,0.00,0.00,0.00,0
NDX100,PERIOD_H1,15,0,15:00,60,BREAKOUT,2.00,0.10,468,2.00,1.2390,299,946,0.075207,523,36,0.068834,485,229,47.22,987.27,20391.59,-19404.32,1.05,13.82,0.86,186.01,346.79,250,8132.37,35462.00,510,1.0000,3.0000,0,200,0,600,0.000000,0.050000,485,0.00,299.00,0.00,299.00,0.00,0.00,0.00,0.00,0
NDX100,PERIOD_H1,15,0,15:00,60,BREAKOUT,2.00,0.10,299,3.00,1.2478,187,1178,0.064623,524,37,0.070611,485,229,47.22,1877.83,22112.53,-20234.70,1.09,12.57,1.55,185.92,236.56,250,8132.37,35462.00,510,1.0000,3.0000,0,200,0,600,0.000000,0.050000,485,0.00,187.00,0.00,187.00,0.00,0.00,0.00,0.00,0
NDX100,PERIOD_H1,15,0,15:00,60,BREAKOUT,2.00,0.10,137,1.50,1.0519,52,303,0.051067,506,18,0.035573,486,237,48.77,3226.18,24063.29,-20837.11,1.15,15.57,2.47,186.29,62.38,250,8132.37,35462.00,510,1.0000,3.0000,0,200,0,600,0.000000,0.050000,486,0.00,52.00,0.00,52.00,0.00,0.00,0.00,0.00,0
NDX100,PERIOD_H1,15,0,15:00,60,BREAKOUT,2.00,0.10,301,2.00,1.1558,387,894,0.011493,493,5,0.010142,486,230,47.33,1506.72,21174.84,-19668.12,1.08,14.96,1.26,186.26,418.16,250,8132.37,35462.00,510,1.0000,3.0000,0,200,0,600,0.000000,0.050000,486,0.00,387.00,0.00,387.00,0.00,0.00,0.00,0.00,0
NDX100,PERIOD_H1,15,0,15:00,60,BREAKOUT,2.00,0.10,469,1.00,1.0958,15,200,0.024322,501,11,0.021956,488,236,48.36,3270.82,24866.75,-21595.93,1.15,15.01,2.48,186.31,34.17,250,8132.37,35462.00,510,1.0000,3.0000,0,200,0,600,0.000000,0.050000,488,0.00,15.00,0.00,15.00,0.00,0.00,0.00,0.00,0
NDX100,PERIOD_H1,15,0,15:00,60,BREAKOUT,2.00,0.10,302,1.50,1.1094,89,261,0.063697,533,46,0.086304,485,230,47.42,2502.93,23711.07,-21208.14,1.12,16.80,2.01,186.68,110.88,250,8132.37,35462.00,510,1.0000,3.0000,0,200,0,600,0.000000,0.050000,485,0.00,89.00,0.00,89.00,0.00,0.00,0.00,0.00,0
NDX100,PERIOD_H1,15,0,15:00,60,BREAKOUT,2.00,0.10,463,2.50,1.3075,53,94,0.008029,491,1,0.002037,488,234,47.95,2737.34,23981.06,-21243.72,1.13,14.99,2.10,185.84,114.49,250,8132.37,35462.00,510,1.0000,3.0000,0,200,0,600,0.000000,0.050000,488,0.00,53.00,0.00,53.00,0.00,0.00,0.00,0.00,0
NDX100,PERIOD_H1,15,0,15:00,60,BREAKOUT,2.00,0.10,301,2.50,1.2025,484,1117,0.011493,490,5,0.010204,485,228,47.01,1185.53,20679.28,-19493.75,1.06,15.16,1.02,186.05,524.51,250,8132.37,35462.00,510,1.0000,3.0000,0,200,0,600,0.000000,0.050000,485,0.00,484.00,0.00,484.00,0.00,0.00,0.00,0.00,0
NDX100,PERIOD_H1,15,0,15:00,60,BREAKOUT,2.00,0.10,140,1.00,1.0302,32,583,0.044198,515,27,0.052427,486,230,47.33,1503.33,22127.40,-20624.07,1.07,14.12,1.25,185.80,38.04,250,8132.37,35462.00,510,1.0000,3.0000,0,200,0,600,0.000000,0.050000,486,0.00,32.00,0.00,32.00,0.00,0.00,0.00,0.00,0
NDX100,PERIOD_H1,15,0,15:00,60,BREAKOUT,2.00,0.10,135,3.00,1.1169,311,443,0.021216,503,15,0.029821,486,229,47.12,1754.92,21634.81,-19879.89,1.09,14.34,1.45,185.86,334.39,250,8132.37,35462.00,510,1.0000,3.0000,0,200,0,600,0.000000,0.050000,486,0.00,311.00,0.00,311.00,0.00,0.00,0.00,0.00,0
NDX100,PERIOD_H1,15,0,15:00,60,BREAKOUT,2.00,0.10,305,1.00,1.0631,56,555,0.002617,492,2,0.004065,488,232,47.54,2967.57,24014.30,-21046.73,1.14,12.80,2.27,185.76,68.62,250,8132.37,35462.00,510,1.0000,3.0000,0,200,0,600,0.000000,0.050000,488,0.00,56.00,0.00,56.00,0.00,0.00,0.00,0.00,0
NDX100,PERIOD_H1,15,0,15:00,60,BREAKOUT,2.00,0.10,466,1.50,1.1666,27,628,0.021252,498,9,0.018072,487,229,47.02,2253.42,23010.12,-20756.70,1.11,13.44,1.80,185.93,60.33,250,8132.37,35462.00,510,1.0000,3.0000,0,200,0,600,0.000000,0.050000,487,0.00,27.00,0.00,27.00,0.00,0.00,0.00,0.00,0
NDX100,PERIOD_H1,15,0,15:00,60,BREAKOUT,2.00,0.10,135,2.00,1.0731,207,296,0.021216,505,15,0.029703,488,232,47.54,2428.96,22837.25,-20408.29,1.12,12.78,1.92,186.30,221.62,250,8132.37,35462.00,510,1.0000,3.0000,0,200,0,600,0.000000,0.050000,488,0.00,207.00,0.00,207.00,0.00,0.00,0.00,0.00,0
NDX100,PERIOD_H1,15,0,15:00,60,BREAKOUT,2.00,0.10,134,2.50,1.0944,95,1052,0.047783,515,25,0.048544,488,230,47.13,1743.62,22078.85,-20335.23,1.09,14.79,1.44,185.75,113.88,250,8132.37,35462.00,510,1.0000,3.0000,0,200,0,600,0.000000,0.050000,488,0.00,95.00,0.00,95.00,0.00,0.00,0.00,0.00,0
NDX100,PERIOD_H1,15,0,15:00,60,BREAKOUT,2.00,0.10,465,3.00,1.3801,458,275,0.054903,520,37,0.071154,483,230,47.62,981.20,20565.18,-19583.98,1.05,19.63,0.86,186.74,534.03,250,8132.37,35462.00,510,1.0000,3.0000,0,200,0,600,0.000000,0.050000,483,0.00,458.00,0.00,458.00,0.00,0.00,0.00,0.00,0
NDX100,PERIOD_H1,15,0,15:00,60,BREAKOUT,2.00,0.10,469,2.00,1.2396,30,400,0.048643,515,28,0.054369,485,230,47.42,2943.19,23859.94,-20916.75,1.14,12.35,2.30,185.82,77.91,250,8132.37,35462.00,510,1.0000,3.0000,0,200,0,600,0.000000,0.050000,485,0.00,30.00,0.00,30.00,0.00,0.00,0.00,0.00,0
NDX100,PERIOD_H1,15,0,15:00,60,BREAKOUT,2.00,0.10,300,3.00,1.2485,384,359,0.038060,509,21,0.041257,486,230,47.33,1570.98,21231.29,-19660.31,1.08,16.89,1.32,186.07,433.71,250,8132.37,35462.00,510,1.0000,3.0000,0,200,0,600,0.000000,0.050000,486,0.00,384.00,0.00,384.00,0.00,0.00,0.00,0.00,0
NDX100,PERIOD_H1,15,0,15:00,60,BREAKOUT,2.00,0.10,138,1.50,1.0522,151,794,0.031143,511,21,0.041096,488,232,47.54,2688.43,23659.19,-20970.76,1.13,13.73,2.11,185.74,161.45,250,8132.37,35462.00,510,1.0000,3.0000,0,200,0,600,0.000000,0.050000,488,0.00,151.00,0.00,151.00,0.00,0.00,0.00,0.00,0
NDX100,PERIOD_H1,15,0,15:00,60,BREAKOUT,2.00,0.10,470,1.00,1.0960,81,527,0.011039,493,3,0.006085,488,231,47.34,2757.52,23786.43,-21028.91,1.13,13.36,2.14,186.21,100.20,250,8132.37,35462.00,510,1.0000,3.0000,0,200,0,600,0.000000,0.050000,488,0.00,81.00,0.00,81.00,0.00,0.00,0.00,0.00,0
NDX100,PERIOD_H1,15,0,15:00,60,BREAKOUT,2.00,0.10,302,2.00,1.1563,118,348,0.084930,545,59,0.108257,484,231,47.73,2709.00,23378.95,-20669.95,1.13,16.37,2.17,186.27,149.25,250,8132.37,35462.00,510,1.0000,3.0000,0,200,0,600,0.000000,0.050000,484,0.00,118.00,0.00,118.00,0.00,0.00,0.00,0.00,0
NDX100,PERIOD_H1,15,0,15:00,60,BREAKOUT,2.00,0.10,303,1.50,1.1098,187,752,0.043775,506,19,0.037549,485,229,47.22,2465.15,22457.75,-19992.60,1.12,9.53,1.96,185.76,206.55,250,8132.37,35462.00,510,1.0000,3.0000,0,200,0,600,0.000000,0.050000,485,0.00,187.00,0.00,187.00,0.00,0.00,0.00,0.00,0
NDX100,PERIOD_H1,15,0,15:00,60,BREAKOUT,2.00,0.10,464,2.50,1.3081,217,911,0.081466,526,40,0.076046,485,231,47.63,1530.40,21315.03,-19784.63,1.08,14.11,1.29,186.05,278.61,250,8132.37,35462.00,510,1.0000,3.0000,0,200,0,600,0.000000,0.050000,485,0.00,217.00,0.00,217.00,0.00,0.00,0.00,0.00,0
NDX100,PERIOD_H1,15,0,15:00,60,BREAKOUT,2.00,0.10,141,1.00,1.0305,97,310,0.030915,502,12,0.023904,488,231,47.34,2540.52,23332.38,-20791.86,1.12,16.40,2.00,186.36,103.09,250,8132.37,35462.00,510,1.0000,3.0000,0,200,0,600,0.000000,0.050000,488,0.00,97.00,0.00,97.00,0.00,0.00,0.00,0.00,0
NDX100,PERIOD_H1,15,0,15:00,60,BREAKOUT,2.00,0.10,136,3.00,1.1177,507,1425,0.094653,535,53,0.099065,482,227,47.10,1749.30,21255.74,-19506.44,1.09,14.20,1.51,185.88,530.54,250,8132.37,35462.00,510,1.0000,3.0000,0,200,0,600,0.000000,0.050000,482,0.00,507.00,0.00,507.00,0.00,0.00,0.00,0.00,0
NDX100,PERIOD_H1,15,0,15:00,60,BREAKOUT,2.00,0.10,302,2.50,1.2031,148,435,0.084930,545,59,0.108257,484,231,47.73,2791.12,23182.55,-20391.43,1.14,13.23,2.24,186.08,188.63,250,8132.37,35462.00,510,1.0000,3.0000,0,200,0,600,0.000000,0.050000,484,0.00,148.00,0.00,148.00,0.00,0.00,0.00,0.00,0
NDX100,PERIOD_H1,15,0,15:00,60,BREAKOUT,2.00,0.10,306,1.00,1.0633,122,282,0.039337,519,31,0.059730,486,236,48.56,2353.80,22664.61,-20310.81,1.12,14.93,1.90,186.24,134.66,250,8132.37,35462.00,510,1.0000,3.0000,0,200,0,600,0.000000,0.050000,486,0.00,122.00,0.00,122.00,0.00,0.00,0.00,0.00,0
NDX100,PERIOD_H1,15,0,15:00,60,BREAKOUT,2.00,0.10,136,2.00,1.0735,338,950,0.094653,538,53,0.098513,483,229,47.41,2084.46,21753.89,-19669.43,1.11,13.77,1.75,186.19,352.71,250,8132.37,35462.00,510,1.0000,3.0000,0,200,0,600,0.000000,0.050000,483,0.00,338.00,0.00,338.00,0.00,0.00,0.00,0.00,0
NDX100,PERIOD_H1,15,0,15:00,60,BREAKOUT,2.00,0.10,467,1.50,1.1670,126,219,0.001328,490,0,0.000000,488,235,48.16,3009.48,24225.52,-21216.04,1.14,15.17,2.30,186.28,159.39,250,8132.37,35462.00,510,1.0000,3.0000,0,200,0,600,0.000000,0.050000,488,0.00,126.00,0.00,126.00,0.00,0.00,0.00,0.00,0
NDX100,PERIOD_H1,15,0,15:00,60,BREAKOUT,2.00,0.10,135,2.50,1.0950,259,369,0.021216,504,15,0.029762,487,233,47.84,2558.94,22844.62,-20285.68,1.13,11.54,2.03,186.21,278.00,250,8132.37,35462.00,510,1.0000,3.0000,0,200,0,600,0.000000,0.050000,487,0.00,259.00,0.00,259.00,0.00,0.00,0.00,0.00,0
NDX100,PERIOD_H1,15,0,15:00,60,BREAKOUT,2.00,0.10,466,3.00,1.3809,54,1256,0.028336,500,11,0.022000,487,230,47.23,2652.61,23219.03,-20566.42,1.13,12.99,2.08,186.11,130.17,250,8132.37,35462.00,510,1.0000,3.0000,0,200,0,600,0.000000,0.050000,487,0.00,54.00,0.00,54.00,0.00,0.00,0.00,0.00,0
NDX100,PERIOD_H1,15,0,15:00,60,BREAKOUT,2.00,0.10,301,3.00,1.2493,581,1340,0.011493,488,5,0.010246,483,227,47.00,953.69,20173.70,-19220.01,1.05,15.32,0.83,186.20,630.86,250,8132.37,35462.00,510,1.0000,3.0000,0,200,0,600,0.000000,0.050000,483,0.00,581.00,0.00,581.00,0.00,0.00,0.00,0.00,0
NDX100,PERIOD_H1,15,0,15:00,60,BREAKOUT,2.00,0.10,470,2.00,1.2400,161,1054,0.022077,496,6,0.012097,488,229,46.93,2098.44,22465.84,-20367.40,1.10,11.84,1.70,185.82,209.01,250,8132.37,35462.00,510,1.0000,3.0000,0,200,0,600,0.000000,0.050000,488,0.00,161.00,0.00,161.00,0.00,0.00,0.00,0.00,0
NDX100,PERIOD_H1,15,0,15:00,60,BREAKOUT,2.00,0.10,139,1.50,1.0526,249,384,0.011218,493,4,0.008114,487,232,47.64,2509.74,22921.09,-20411.35,1.12,12.22,1.98,186.14,259.51,250,8132.37,35462.00,510,1.0000,3.0000,0,200,0,600,0.000000,0.050000,487,0.00,249.00,0.00,249.00,0.00,0.00,0.00,0.00,0
NDX100,PERIOD_H1,15,0,15:00,60,BREAKOUT,2.00,0.10,304,1.50,1.1101,286,342,0.023850,498,13,0.026104,484,232,47.93,2363.94,22559.61,-20195.67,1.12,14.64,1.89,186.68,308.03,250,8132.37,35462.00,510,1.0000,3.0000,0,200,0,600,0.000000,0.050000,484,0.00,286.00,0.00,286.00,0.00,0.00,0.00,0.00,0
NDX100,PERIOD_H1,15,0,15:00,60,BREAKOUT,2.00,0.10,471,1.00,1.0962,146,254,0.047757,512,22,0.042969,488,232,47.54,2482.23,23291.14,-20808.91,1.12,14.89,1.97,186.43,165.24,250,8132.37,35462.00,510,1.0000,3.0000,0,200,0,600,0.000000,0.050000,488,0.00,146.00,0.00,146.00,0.00,0.00,0.00,0.00,0
NDX100,PERIOD_H1,15,0,15:00,60,BREAKOUT,2.00,0.10,303,2.00,1.1569,250,1002,0.058367,509,23,0.045187,484,228,47.11,1234.41,20366.59,-19132.18,1.06,13.04,1.05,186.35,277.92,250,8132.37,35462.00,510,1.0000,3.0000,0,200,0,600,0.000000,0.050000,484,0.00,250.00,0.00,250.00,0.00,0.00,0.00,0.00,0
NDX100,PERIOD_H1,15,0,15:00,60,BREAKOUT,2.00,0.10,137,3.00,1.1187,104,606,0.068090,514,26,0.050584,486,233,47.94,2671.55,22573.10,-19901.55,1.13,12.40,2.13,185.83,127.73,250,8132.37,35462.00,510,1.0000,3.0000,0,200,0,600,0.000000,0.050000,486,0.00,104.00,0.00,104.00,0.00,0.00,0.00,0.00,0
NDX100,PERIOD_H1,15,0,15:00,60,BREAKOUT,2.00,0.10,465,2.50,1.3089,381,229,0.054903,523,37,0.070746,484,230,47.52,1254.47,20949.77,-19695.30,1.06,18.28,1.08,186.17,442.77,250,8132.37,35462.00,510,1.0000,3.0000,0,200,0,600,0.000000,0.050000,484,0.00,381.00,0.00,381.00,0.00,0.00,0.00,0.00,0
NDX100,PERIOD_H1,15,0,15:00,60,BREAKOUT,2.00,0.10,303,2.50,1.2039,312,1253,0.058367,509,24,0.047151,483,227,47.00,1192.11,20174.11,-18982.00,1.06,12.76,1.02,186.21,348.30,250,8132.37,35462.00,510,1.0000,3.0000,0,200,0,600,0.000000,0.050000,483,0.00,312.00,0.00,312.00,0.00,0.00,0.00,0.00,0
NDX100,PERIOD_H1,15,0,15:00,60,BREAKOUT,2.00,0.10,142,1.00,1.0306,163,37,0.017632,499,9,0.018036,489,233,47.65,2423.57,23148.41,-20724.84,1.12,15.21,1.91,185.82,169.13,250,8132.37,35462.00,510,1.0000,3.0000,0,200,0,600,0.000000,0.050000,489,0.00,163.00,0.00,163.00,0.00,0.00,0.00,0.00,0
NDX100,PERIOD_H1,15,0,15:00,60,BREAKOUT,2.00,0.10,307,1.00,1.0635,187,9,0.026054,500,11,0.022000,488,234,47.95,2473.29,23110.84,-20637.55,1.12,14.32,1.95,186.14,199.71,250,8132.37,35462.00,510,1.0000,3.0000,0,200,0,600,0.000000,0.050000,488,0.00,187.00,0.00,187.00,0.00,0.00,0.00,0.00,0
NDX100,PERIOD_H1,15,0,15:00,60,BREAKOUT,2.00,0.10,468,1.50,1.1673,224,709,0.056405,514,25,0.048638,487,233,47.84,1557.69,21189.39,-19631.70,1.08,11.42,1.30,185.75,257.45,250,8132.37,35462.00,510,1.0000,3.0000,0,200,0,600,0.000000,0.050000,487,0.00,224.00,0.00,224.00,0.00,0.00,0.00,0.00,0
NDX100,PERIOD_H1,15,0,15:00,60,BREAKOUT,2.00,0.10,136,2.50,1.0956,423,1187,0.094653,537,53,0.098696,483,228,47.20,2006.52,21460.81,-19454.29,1.10,13.71,1.70,186.03,442.12,250,8132.37,35462.00,510,1.0000,3.0000,0,200,0,600,0.000000,0.050000,483,0.00,423.00,0.00,423.00,0.00,0.00,0.00,0.00,0
NDX100,PERIOD_H1,15,0,15:00,60,BREAKOUT,2.00,0.10,137,2.00,1.0742,69,404,0.068090,514,26,0.050584,486,234,48.15,2907.87,23298.86,-20390.99,1.14,13.03,2.29,185.74,83.83,250,8132.37,35462.00,510,1.0000,3.0000,0,200,0,600,0.000000,0.050000,486,0.00,69.00,0.00,69.00,0.00,0.00,0.00,0.00,0
NDX100,PERIOD_H1,15,0,15:00,60,BREAKOUT,2.00,0.10,467,3.00,1.3816,251,438,0.001770,489,1,0.002045,486,231,47.53,2346.32,22688.05,-20341.73,1.12,14.31,1.86,185.78,327.32,250,8132.37,35462.00,510,1.0000,3.0000,0,200,0,600,0.000000,0.050000,486,0.00,251.00,0.00,251.00,0.00,0.00,0.00,0.00,0
NDX100,PERIOD_H1,15,0,15:00,60,BREAKOUT,2.00,0.10,302,3.00,1.2500,178,522,0.084930,545,59,0.108257,484,230,47.52,2359.28,22225.93,-19866.65,1.12,12.82,1.93,185.98,228.00,250,8132.37,35462.00,510,1.0000,3.0000,0,200,0,600,0.000000,0.050000,484,0.00,178.00,0.00,178.00,0.00,0.00,0.00,0.00,0
NDX100,PERIOD_H1,15,0,15:00,60,BREAKOUT,2.00,0.10,471,2.00,1.2405,292,509,0.095514,532,45,0.084586,485,228,47.01,1749.82,21192.01,-19442.19,1.09,13.10,1.48,185.80,340.10,250,8132.37,35462.00,510,1.0000,3.0000,0,200,0,600,0.000000,0.050000,485,0.00,292.00,0.00,292.00,0.00,0.00,0.00,0.00,0
NDX100,PERIOD_H1,15,0,15:00,60,BREAKOUT,2.00,0.10,140,1.50,1.0529,47,875,0.066298,525,37,0.070476,486,228,46.91,1013.26,21078.13,-20064.87,1.05,14.66,0.88,186.06,57.57,250,8132.37,35462.00,510,1.0000,3.0000,0,200,0,600,0.000000,0.050000,486,0.00,47.00,0.00,47.00,0.00,0.00,0.00,0.00,0
NDX100,PERIOD_H1,15,0,15:00,60,BREAKOUT,2.00,0.10,305,1.50,1.1104,84,833,0.003925,494,4,0.008097,488,233,47.75,2799.29,23732.50,-20933.21,1.13,12.90,2.16,185.92,106.09,250,8132.37,35462.00,510,1.0000,3.0000,0,200,0,600,0.000000,0.050000,488,0.00,84.00,0.00,84.00,0.00,0.00,0.00,0.00,0
NDX100,PERIOD_H1,15,0,15:00,60,BREAKOUT,2.00,0.10,472,1.00,1.0964,12,581,0.034475,511,23,0.045010,487,231,47.43,2005.34,22278.47,-20273.13,1.10,15.10,1.62,185.76,29.16,250,8132.37,35462.00,510,1.0000,3.0000,0,200,0,600,0.000000,0.050000,487,0.00,12.00,0.00,12.00,0.00,0.00,0.00,0.00,0
NDX100,PERIOD_H1,15,0,15:00,60,BREAKOUT,2.00,0.10,304,2.00,1.1573,381,456,0.031800,501,16,0.031936,484,229,47.31,1685.73,21327.42,-19641.69,1.09,14.63,1.41,185.88,412.46,250,8132.37,35462.00,510,1.0000,3.0000,0,200,0,600,0.000000,0.050000,484,0.00,381.00,0.00,381.00,0.00,0.00,0.00,0.00,0
NDX100,PERIOD_H1,15,0,15:00,60,BREAKOUT,2.00,0.10,138,3.00,1.1194,301,1587,0.041523,512,25,0.048828,485,229,47.22,1742.79,21767.93,-20025.14,1.09,15.70,1.45,185.81,324.88,250,8132.37,35462.00,510,1.0000,3.0000,0,200,0,600,0.000000,0.050000,485,0.00,301.00,0.00,301.00,0.00,0.00,0.00,0.00,0
NDX100,PERIOD_H1,15,0,15:00,60,BREAKOUT,2.00,0.10,304,2.50,1.2045,476,570,0.031800,498,15,0.030120,483,226,46.79,1328.63,20789.55,-19460.92,1.07,14.95,1.14,186.04,516.90,250,8132.37,35462.00,510,1.0000,3.0000,0,200,0,600,0.000000,0.050000,483,0.00,476.00,0.00,476.00,0.00,0.00,0.00,0.00,0
NDX100,PERIOD_H1,15,0,15:00,60,BREAKOUT,2.00,0.10,466,2.50,1.3095,45,1047,0.028336,500,11,0.022000,487,230,47.23,2526.27,23148.10,-20621.83,1.12,13.78,2.00,185.84,106.89,250,8132.37,35462.00,510,1.0000,3.0000,0,200,0,600,0.000000,0.050000,487,0.00,45.00,0.00,45.00,0.00,0.00,0.00,0.00,0
NDX100,PERIOD_H1,15,0,15:00,60,BREAKOUT,2.00,0.10,143,1.00,1.0308,28,365,0.004349,494,4,0.008097,488,234,47.95,2938.33,24151.31,-21212.98,1.14,13.14,2.26,186.06,34.16,250,8132.37,35462.00,510,1.0000,3.0000,0,200,0,600,0.000000,0.050000,488,0.00,28.00,0.00,28.00,0.00,0.00,0.00,0.00,0
NDX100,PERIOD_H1,15,0,15:00,60,BREAKOUT,2.00,0.10,308,1.00,1.0637,53,337,0.012770,494,5,0.010121,487,234,48.05,3117.20,24485.37,-21368.17,1.15,16.03,2.38,186.24,65.74,250,8132.37,35462.00,510,1.0000,3.0000,0,200,0,600,0.000000,0.050000,487,0.00,53.00,0.00,53.00,0.00,0.00,0.00,0.00,0
NDX100,PERIOD_H1,15,0,15:00,60,BREAKOUT,2.00,0.10,469,1.50,1.1677,22,300,0.036483,508,19,0.037402,487,234,48.05,3151.43,24276.95,-21125.52,1.15,14.97,2.42,186.27,55.54,250,8132.37,35462.00,510,1.0000,3.0000,0,200,0,600,0.000000,0.050000,487,0.00,22.00,0.00,22.00,0.00,0.00,0.00,0.00,0
NDX100,PERIOD_H1,15,0,15:00,60,BREAKOUT,2.00,0.10,137,2.50,1.0964,87,505,0.068090,514,26,0.050584,486,233,47.94,2563.23,22547.63,-19984.40,1.13,13.34,2.05,185.73,106.28,250,8132.37,35462.00,510,1.0000,3.0000,0,200,0,600,0.000000,0.050000,486,0.00,87.00,0.00,87.00,0.00,0.00,0.00,0.00,0
NDX100,PERIOD_H1,15,0,15:00,60,BREAKOUT,2.00,0.10,138,2.00,1.0746,201,1058,0.041523,515,25,0.048544,488,229,46.93,1965.20,22219.34,-20254.14,1.10,12.61,1.61,185.77,215.92,250,8132.37,35462.00,510,1.0000,3.0000,0,200,0,600,0.000000,0.050000,488,0.00,201.00,0.00,201.00,0.00,0.00,0.00,0.00,0
NDX100,PERIOD_H1,15,0,15:00,60,BREAKOUT,2.00,0.10,468,3.00,1.3823,448,1419,0.075207,519,36,0.069364,483,228,47.20,778.60,19931.34,-19152.74,1.04,12.85,0.69,186.33,524.47,250,8132.37,35462.00,510,1.0000,3.0000,0,200,0,600,0.000000,0.050000,483,0.00,448.00,0.00,448.00,0.00,0.00,0.00,0.00,0
NDX100,PERIOD_H1,15,0,15:00,60,BREAKOUT,2.00,0.10,306,1.50,1.1108,182,423,0.059005,528,41,0.077652,485,233,48.04,2155.31,22039.29,-19883.98,1.11,11.72,1.78,185.71,204.15,250,8132.37,35462.00,510,1.0000,3.0000,0,200,0,600,0.000000,0.050000,485,0.00,182.00,0.00,182.00,0.00,0.00,0.00,0.00,0
NDX100,PERIOD_H1,15,0,15:00,60,BREAKOUT,2.00,0.10,472,2.00,1.2409,24,1163,0.068950,527,39,0.074004,487,231,47.43,2037.69,22166.12,-20128.43,1.10,15.39,1.66,186.05,66.89,250,8132.37,35462.00,510,1.0000,3.0000,0,200,0,600,0.000000,0.050000,487,0.00,24.00,0.00,24.00,0.00,0.00,0.00,0.00,0
NDX100,PERIOD_H1,15,0,15:00,60,BREAKOUT,2.00,0.10,303,3.00,1.2510,375,1503,0.058367,509,24,0.047151,483,224,46.38,939.35,19667.63,-18728.28,1.05,14.22,0.82,185.98,419.68,250,8132.37,35462.00,510,1.0000,3.0000,0,200,0,600,0.000000,0.050000,483,0.00,375.00,0.00,375.00,0.00,0.00,0.00,0.00,0
NDX100,PERIOD_H1,15,0,15:00,60,BREAKOUT,2.00,0.10,141,1.50,1.0533,146,466,0.046373,506,16,0.031621,488,229,46.93,2324.65,22653.34,-20328.69,1.11,13.29,1.85,186.01,156.66,250,8132.37,35462.00,510,1.0000,3.0000,0,200,0,600,0.000000,0.050000,488,0.00,146.00,0.00,146.00,0.00,0.00,0.00,0.00,0
NDX100,PERIOD_H1,15,0,15:00,60,BREAKOUT,2.00,0.10,473,1.00,1.0966,77,308,0.021192,500,10,0.020000,488,234,47.95,2891.09,24522.38,-21631.29,1.13,16.07,2.23,186.17,96.32,250,8132.37,35462.00,510,1.0000,3.0000,0,200,0,600,0.000000,0.050000,488,0.00,77.00,0.00,77.00,0.00,0.00,0.00,0.00,0
NDX100,PERIOD_H1,15,0,15:00,60,BREAKOUT,2.00,0.10,305,2.00,1.1578,112,1110,0.005234,494,4,0.008097,488,232,47.54,2756.76,23516.97,-20760.21,1.13,12.20,2.15,185.70,143.56,250,8132.37,35462.00,510,1.0000,3.0000,0,200,0,600,0.000000,0.050000,488,0.00,112.00,0.00,112.00,0.00,0.00,0.00,0.00,0
NDX100,PERIOD_H1,15,0,15:00,60,BREAKOUT,2.00,0.10,305,2.50,1.2051,140,1388,0.005234,494,4,0.008097,488,232,47.54,2765.17,23604.78,-20839.61,1.13,12.38,2.15,186.34,181.02,250,8132.37,35462.00,510,1.0000,3.0000,0,200,0,600,0.000000,0.050000,488,0.00,140.00,0.00,140.00,0.00,0.00,0.00,0.00,0
NDX100,PERIOD_H1,15,0,15:00,60,BREAKOUT,2.00,0.10,139,3.00,1.1201,498,769,0.014957,490,5,0.010204,485,227,46.80,1064.10,20426.43,-19362.33,1.05,15.29,0.92,185.82,522.02,250,8132.37,35462.00,510,1.0000,3.0000,0,200,0,600,0.000000,0.050000,485,0.00,498.00,0.00,498.00,0.00,0.00,0.00,0.00,0
NDX100,PERIOD_H1,15,0,15:00,60,BREAKOUT,2.00,0.10,467,2.50,1.3101,209,365,0.001770,490,1,0.002041,487,234,48.05,2868.34,23512.20,-20643.86,1.14,12.09,2.23,186.11,271.01,250,8132.37,35462.00,510,1.0000,3.0000,0,200,0,600,0.000000,0.050000,487,0.00,209.00,0.00,209.00,0.00,0.00,0.00,0.00,0
NDX100,PERIOD_H1,15,0,15:00,60,BREAKOUT,2.00,0.10,309,1.00,1.0639,118,64,0.049490,507,19,0.037475,487,233,47.84,2438.51,23436.64,-20998.13,1.12,15.51,1.91,185.87,130.78,250,8132.37,35462.00,510,1.0000,3.0000,0,200,0,600,0.000000,0.050000,487,0.00,118.00,0.00,118.00,0.00,0.00,0.00,0.00,0
NDX100,PERIOD_H1,15,0,15:00,60,BREAKOUT,2.00,0.10,144,1.00,1.0310,94,92,0.041069,504,15,0.029762,487,233,47.84,2505.89,23406.79,-20900.90,1.12,15.76,1.96,185.81,100.20,250,8132.37,35462.00,510,1.0000,3.0000,0,200,0,600,0.000000,0.050000,487,0.00,94.00,0.00,94.00,0.00,0.00,0.00,0.00,0
NDX100,PERIOD_H1,15,0,15:00,60,BREAKOUT,2.00,0.10,470,1.50,1.1680,121,791,0.016558,495,5,0.010101,488,231,47.34,2684.06,23576.28,-20892.22,1.13,12.79,2.10,185.80,154.60,250,8132.37,35462.00,510,1.0000,3.0000,0,200,0,600,0.000000,0.050000,488,0.00,121.00,0.00,121.00,0.00,0.00,0.00,0.00,0
NDX100,PERIOD_H1,15,0,15:00,60,BREAKOUT,2.00,0.10,138,2.50,1.0970,251,1323,0.041523,513,24,0.046784,487,230,47.23,1950.96,22089.03,-20138.07,1.10,13.14,1.61,185.98,270.40,250,8132.37,35462.00,510,1.0000,3.0000,0,200,0,600,0.000000,0.050000,487,0.00,251.00,0.00,251.00,0.00,0.00,0.00,0.00,0
NDX100,PERIOD_H1,15,0,15:00,60,BREAKOUT,2.00,0.10,139,2.00,1.0751,332,512,0.014957,495,7,0.014141,486,229,47.12,1814.54,21621.61,-19807.07,1.09,14.80,1.49,185.83,347.02,250,8132.37,35462.00,510,1.0000,3.0000,0,200,0,600,0.000000,0.050000,486,0.00,332.00,0.00,332.00,0.00,0.00,0.00,0.00,0
NDX100,PERIOD_H1,15,0,15:00,60,BREAKOUT,2.00,0.10,469,3.00,1.3833,45,600,0.048643,515,28,0.054369,485,229,47.22,2811.03,23184.89,-20373.86,1.14,11.43,2.21,185.93,121.66,250,8132.37,35462.00,510,1.0000,3.0000,0,200,0,600,0.000000,0.050000,485,0.00,45.00,0.00,45.00,0.00,0.00,0.00,0.00,0
NDX100,PERIOD_H1,15,0,15:00,60,BREAKOUT,2.00,0.10,473,2.00,1.2416,155,617,0.042384,510,21,0.041176,487,231,47.43,2463.62,23029.89,-20566.27,1.12,11.45,1.97,185.87,203.31,250,8132.37,35462.00,510,1.0000,3.0000,0,200,0,600,0.000000,0.050000,487,0.00,155.00,0.00,155.00,0.00,0.00,0.00,0.00,0
NDX100,PERIOD_H1,15,0,15:00,60,BREAKOUT,2.00,0.10,307,1.50,1.1112,281,14,0.039080,503,16,0.031809,486,234,48.15,2415.02,22917.41,-20502.39,1.12,15.15,1.91,186.00,303.24,250,8132.37,35462.00,510,1.0000,3.0000,0,200,0,600,0.000000,0.050000,486,0.00,281.00,0.00,281.00,0.00,0.00,0.00,0.00,0
NDX100,PERIOD_H1,15,0,15:00,60,BREAKOUT,2.00,0.10,304,3.00,1.2517,571,684,0.031800,496,15,0.030242,481,226,46.99,981.95,20071.26,-19089.31,1.05,14.89,0.86,185.99,621.34,250,8132.37,35462.00,510,1.0000,3.0000,0,200,0,600,0.000000,0.050000,481,0.00,571.00,0.00,571.00,0.00,0.00,0.00,0.00,0
NDX100,PERIOD_H1,15,0,15:00,60,BREAKOUT,2.00,0.10,142,1.50,1.0536,244,56,0.026448,499,10,0.020040,488,233,47.75,2133.34,22467.02,-20333.68,1.10,14.72,1.71,185.91,254.72,250,8132.37,35462.00,510,1.0000,3.0000,0,200,0,600,0.000000,0.050000,488,0.00,244.00,0.00,244.00,0.00,0.00,0.00,0.00,0
NDX100,PERIOD_H1,15,0,15:00,60,BREAKOUT,2.00,0.10,474,1.00,1.0968,143,36,0.007909,494,4,0.008097,489,235,48.06,3077.62,24296.74,-21219.12,1.15,15.06,2.34,185.81,162.36,250,8132.37,35462.00,510,1.0000,3.0000,0,200,0,600,0.000000,0.050000,489,0.00,143.00,0.00,143.00,0.00,0.00,0.00,0.00,0
NDX100,PERIOD_H1,15,0,15:00,60,BREAKOUT,2.00,0.10,306,2.00,1.1582,243,565,0.078674,543,59,0.108656,482,237,49.17,2131.93,21369.75,-19237.82,1.11,12.76,1.80,185.94,274.65,250,8132.37,35462.00,510,1.0000,3.0000,0,200,0,600,0.000000,0.050000,482,0.00,243.00,0.00,243.00,0.00,0.00,0.00,0.00,0
NDX100,PERIOD_H1,15,0,15:00,60,BREAKOUT,2.00,0.10,306,2.50,1.2057,304,706,0.078674,543,60,0.110497,481,236,49.06,1775.41,20793.75,-19018.34,1.09,15.44,1.52,185.90,345.14,250,8132.37,35462.00,510,1.0000,3.0000,0,200,0,600,0.000000,0.050000,481,0.00,304.00,0.00,304.00,0.00,0.00,0.00,0.00,0
NDX100,PERIOD_H1,15,0,15:00,60,BREAKOUT,2.00,0.10,140,3.00,1.1209,95,1750,0.088397,545,57,0.104587,486,226,46.50,1267.18,21209.05,-19941.87,1.06,14.42,1.10,185.97,119.17,250,8132.37,35462.00,510,1.0000,3.0000,0,200,0,600,0.000000,0.050000,486,0.00,95.00,0.00,95.00,0.00,0.00,0.00,0.00,0
NDX100,PERIOD_H1,15,0,15:00,60,BREAKOUT,2.00,0.10,468,2.50,1.3106,373,1182,0.075207,522,36,0.068966,484,229,47.31,1202.37,20536.01,-19333.64,1.06,11.71,1.04,186.39,435.13,250,8132.37,35462.00,510,1.0000,3.0000,0,200,0,600,0.000000,0.050000,484,0.00,373.00,0.00,373.00,0.00,0.00,0.00,0.00,0
NDX100,PERIOD_H1,15,0,15:00,60,BREAKOUT,2.00,0.10,310,1.00,1.0641,184,391,0.036207,505,16,0.031683,487,233,47.84,2638.41,22936.82,-20298.41,1.13,11.87,2.07,185.69,196.82,250,8132.37,35462.00,510,1.0000,3.0000,0,200,0,600,0.000000,0.050000,487,0.00,184.00,0.00,184.00,0.00,0.00,0.00,0.00,0
NDX100,PERIOD_H1,15,0,15:00,60,BREAKOUT,2.00,0.10,145,1.00,1.0313,160,419,0.027786,502,12,0.023904,488,232,47.54,3015.00,23843.67,-20828.67,1.14,13.16,2.33,185.95,166.25,250,8132.37,35462.00,510,1.0000,3.0000,0,200,0,600,0.000000,0.050000,488,0.00,160.00,0.00,160.00,0.00,0.00,0.00,0.00,0
NDX100,PERIOD_H1,15,0,15:00,60,BREAKOUT,2.00,0.10,471,1.50,1.1683,219,381,0.071635,519,30,0.057803,487,231,47.43,2548.56,22917.66,-20369.10,1.13,11.85,2.05,186.06,252.67,250,8132.37,35462.00,510,1.0000,3.0000,0,200,0,600,0.000000,0.050000,487,0.00,219.00,0.00,219.00,0.00,0.00,0.00,0.00,0
NDX100,PERIOD_H1,15,0,15:00,60,BREAKOUT,2.00,0.10,139,2.50,1.0976,415,640,0.014957,493,6,0.012170,486,228,46.91,1367.90,20901.11,-19533.21,1.07,14.79,1.16,185.91,434.52,250,8132.37,35462.00,510,1.0000,3.0000,0,200,0,600,0.000000,0.050000,486,0.00,415.00,0.00,415.00,0.00,0.00,0.00,0.00,0
NDX100,PERIOD_H1,15,0,15:00,60,BREAKOUT,2.00,0.10,470,3.00,1.3840,242,1582,0.022077,494,6,0.012146,486,228,46.91,1881.32,22109.87,-20228.55,1.09,14.43,1.54,185.96,318.81,250,8132.37,35462.00,510,1.0000,3.0000,0,200,0,600,0.000000,0.050000,486,0.00,242.00,0.00,242.00,0.00,0.00,0.00,0.00,0
NDX100,PERIOD_H1,15,0,15:00,60,BREAKOUT,2.00,0.10,140,2.00,1.0755,63,1167,0.088397,545,57,0.104587,486,227,46.71,1252.87,21306.58,-20053.71,1.06,14.89,1.08,186.06,78.11,250,8132.37,35462.00,510,1.0000,3.0000,0,200,0,600,0.000000,0.050000,486,0.00,63.00,0.00,63.00,0.00,0.00,0.00,0.00,0
NDX100,PERIOD_H1,15,0,15:00,60,BREAKOUT,2.00,0.10,474,2.00,1.2420,286,71,0.015818,492,4,0.008130,487,233,47.84,2407.14,22646.08,-20238.94,1.12,16.71,1.90,185.85,334.40,250,8132.37,35462.00,510,1.0000,3.0000,0,200,0,600,0.000000,0.050000,487,0.00,286.00,0.00,286.00,0.00,0.00,0.00,0.00,0
NDX100,PERIOD_H1,15,0,15:00,60,BREAKOUT,2.00,0.10,308,1.50,1.1115,79,505,0.019156,497,8,0.016097,487,232,47.64,2672.12,23366.09,-20693.97,1.13,13.47,2.09,185.77,101.30,250,8132.37,35462.00,510,1.0000,3.0000,0,200,0,600,0.000000,0.050000,487,0.00,79.00,0.00,79.00,0.00,0.00,0.00,0.00,0
NDX100,PERIOD_H1,15,0,15:00,60,BREAKOUT,2.00,0.10,305,3.00,1.2524,168,1666,0.005234,494,4,0.008097,488,230,47.13,2385.25,22769.34,-20384.09,1.12,11.28,1.89,185.95,218.49,250,8132.37,35462.00,510,1.0000,3.0000,0,200,0,600,0.000000,0.050000,488,0.00,168.00,0.00,168.00,0.00,0.00,0.00,0.00,0
NDX100,PERIOD_H1,15,0,15:00,60,BREAKOUT,2.00,0.10,143,1.50,1.0539,43,547,0.006523,494,4,0.008097,488,232,47.54,2659.11,23490.34,-20831.23,1.13,13.40,2.07,186.17,53.79,250,8132.37,35462.00,510,1.0000,3.0000,0,200,0,600,0.000000,0.050000,488,0.00,43.00,0.00,43.00,0.00,0.00,0.00,0.00,0
NDX100,PERIOD_H1,15,0,15:00,60,BREAKOUT,2.00,0.10,472,1.50,1.1687,18,872,0.051713,518,30,0.057915,487,231,47.43,1870.51,21920.21,-20049.70,1.09,15.46,1.53,185.98,48.02,250,8132.37,35462.00,510,1.0000,3.0000,0,200,0,600,0.000000,0.050000,487,0.00,18.00,0.00,18.00,0.00,0.00,0.00,0.00,0
NDX100,PERIOD_H1,15,0,15:00,60,BREAKOUT,2.00,0.10,141,3.00,1.1218,291,931,0.061831,512,25,0.048828,486,227,46.71,998.27,20173.32,-19175.05,1.05,15.27,0.86,186.09,315.37,250,8132.37,35462.00,510,1.0000,3.0000,0,200,0,600,0.000000,0.050000,486,0.00,291.00,0.00,291.00,0.00,0.00,0.00,0.00,0
NDX100,PERIOD_H1,15,0,15:00,60,BREAKOUT,2.00,0.10,307,2.50,1.2065,468,24,0.052107,510,26,0.050980,484,231,47.73,1443.49,21055.54,-19612.05,1.07,17.21,1.22,186.01,509.30,250,8132.37,35462.00,510,1.0000,3.0000,0,200,0,600,0.000000,0.050000,484,0.00,468.00,0.00,468.00,0.00,0.00,0.00,0.00,0
NDX100,PERIOD_H1,15,0,15:00,60,BREAKOUT,2.00,0.10,307,2.00,1.1588,375,19,0.052107,512,26,0.050781,485,232,47.84,1916.38,21863.31,-19946.93,1.10,16.71,1.59,185.91,406.77,250,8132.37,35462.00,510,1.0000,3.0000,0,200,0,600,0.000000,0.050000,485,0.00,375.00,0.00,375.00,0.00,0.00,0.00,0.00,0
NDX100,PERIOD_H1,15,0,15:00,60,BREAKOUT,2.00,0.10,475,1.00,1.0970,9,363,0.044629,510,20,0.039216,488,233,47.75,2864.52,23642.36,-20777.84,1.14,12.99,2.22,186.05,28.40,250,8132.37,35462.00,510,1.0000,3.0000,0,200,0,600,0.000000,0.050000,488,0.00,9.00,0.00,9.00,0.00,0.00,0.00,0.00,0
NDX100,PERIOD_H1,15,0,15:00,60,BREAKOUT,2.00,0.10,146,1.00,1.0314,25,146,0.014502,499,10,0.020040,487,233,47.84,2838.63,24417.66,-21579.03,1.13,15.91,2.19,186.28,31.29,250,8132.37,35462.00,510,1.0000,3.0000,0,200,0,600,0.000000,0.050000,487,0.00,25.00,0.00,25.00,0.00,0.00,0.00,0.00,0
NDX100,PERIOD_H1,15,0,15:00,60,BREAKOUT,2.00,0.10,469,2.50,1.3114,37,500,0.048643,515,28,0.054369,485,229,47.22,2829.00,23449.31,-20620.31,1.14,12.25,2.22,185.74,99.29,250,8132.37,35462.00,510,1.0000,3.0000,0,200,0,600,0.000000,0.050000,485,0.00,37.00,0.00,37.00,0.00,0.00,0.00,0.00,0
NDX100,PERIOD_H1,15,0,15:00,60,BREAKOUT,2.00,0.10,311,1.00,1.0643,50,118,0.022924,499,11,0.022044,487,234,48.05,2748.60,24337.19,-21588.59,1.13,16.09,2.12,185.90,62.87,250,8132.37,35462.00,510,1.0000,3.0000,0,200,0,600,0.000000,0.050000,487,0.00,50.00,0.00,50.00,0.00,0.00,0.00,0.00,0
NDX100,PERIOD_H1,15,0,15:00,60,BREAKOUT,2.00,0.10,140,2.50,1.0982,79,1458,0.088397,545,57,0.104587,486,227,46.71,1120.73,21023.48,-19902.75,1.06,15.25,0.98,185.60,98.64,250,8132.37,35462.00,510,1.0000,3.0000,0,200,0,600,0.000000,0.050000,486,0.00,79.00,0.00,79.00,0.00,0.00,0.00,0.00,0
NDX100,PERIOD_H1,15,0,15:00,60,BREAKOUT,2.00,0.10,471,3.00,1.3848,438,763,0.095514,530,45,0.084906,485,225,46.39,894.89,19749.86,-18854.97,1.05,13.98,0.79,185.67,514.96,250,8132.37,35462.00,510,1.0000,3.0000,0,200,0,600,0.000000,0.050000,485,0.00,438.00,0.00,438.00,0.00,0.00,0.00,0.00,0
NDX100,PERIOD_H1,15,0,15:00,60,BREAKOUT,2.00,0.10,141,2.00,1.0761,194,621,0.061831,515,26,0.050485,488,227,46.52,1232.56,20739.14,-19506.58,1.06,12.54,1.04,185.88,209.23,250,8132.37,35462.00,510,1.0000,3.0000,0,200,0,600,0.000000,0.050000,488,0.00,194.00,0.00,194.00,0.00,0.00,0.00,0.00,0
NDX100,PERIOD_H1,15,0,15:00,60,BREAKOUT,2.00,0.10,475,2.00,1.2425,17,725,0.089257,528,40,0.075758,486,234,48.15,3109.22,23498.75,-20389.53,1.15,11.55,2.42,185.59,65.49,250,8132.37,35462.00,510,1.0000,3.0000,0,200,0,600,0.000000,0.050000,486,0.00,17.00,0.00,17.00,0.00,0.00,0.00,0.00,0
NDX100,PERIOD_H1,15,0,15:00,60,BREAKOUT,2.00,0.10,309,1.50,1.1118,178,95,0.074236,514,27,0.052529,486,232,47.74,1954.39,22547.42,-20593.03,1.09,14.52,1.57,185.80,200.37,250,8132.37,35462.00,510,1.0000,3.0000,0,200,0,600,0.000000,0.050000,486,0.00,178.00,0.00,178.00,0.00,0.00,0.00,0.00,0
NDX100,PERIOD_H1,15,0,15:00,60,BREAKOUT,2.00,0.10,306,3.00,1.2532,365,847,0.078674,543,60,0.110497,481,236,49.06,1454.88,20216.93,-18762.05,1.08,15.25,1.27,186.20,415.64,250,8132.37,35462.00,510,1.0000,3.0000,0,200,0,600,0.000000,0.050000,481,0.00,365.00,0.00,365.00,0.00,0.00,0.00,0.00,0
NDX100,PERIOD_H1,15,0,15:00,60,BREAKOUT,2.00,0.10,144,1.50,1.0543,141,138,0.061603,513,25,0.048733,486,232,47.74,3073.24,23508.91,-20435.67,1.15,15.15,2.36,186.19,151.85,250,8132.37,35462.00,510,1.0000,3.0000,0,200,0,600,0.000000,0.050000,486,0.00,141.00,0.00,141.00,0.00,0.00,0.00,0.00,0
NDX100,PERIOD_H1,15,0,15:00,60,BREAKOUT,2.00,0.10,142,3.00,1.1226,488,112,0.035264,504,19,0.037698,485,229,47.22,865.70,20196.05,-19330.35,1.04,17.41,0.75,185.99,512.51,250,8132.37,35462.00,510,1.0000,3.0000,0,200,0,600,0.000000,0.050000,485,0.00,488.00,0.00,488.00,0.00,0.00,0.00,0.00,0
NDX100,PERIOD_H1,15,0,15:00,60,BREAKOUT,2.00,0.10,308,2.50,1.2071,132,841,0.025541,501,14,0.027944,486,231,47.53,2777.38,23275.78,-20498.40,1.14,11.79,2.16,185.83,173.42,250,8132.37,35462.00,510,1.0000,3.0000,0,200,0,600,0.000000,0.050000,486,0.00,132.00,0.00,132.00,0.00,0.00,0.00,0.00,0
NDX100,PERIOD_H1,15,0,15:00,60,BREAKOUT,2.00,0.10,308,2.00,1.1593,106,673,0.025541,501,14,0.027944,486,231,47.53,2868.78,23454.37,-20585.59,1.14,11.67,2.22,186.02,137.86,250,8132.37,35462.00,510,1.0000,3.0000,0,200,0,600,0.000000,0.050000,486,0.00,106.00,0.00,106.00,0.00,0.00,0.00,0.00,0
NDX100,PERIOD_H1,15,0,15:00,60,BREAKOUT,2.00,0.10,147,1.00,1.0316,91,473,0.001221,490,0,0.000000,488,232,47.54,2765.70,23746.94,-20981.24,1.13,13.31,2.14,185.89,97.32,250,8132.37,35462.00,510,1.0000,3.0000,0,200,0,600,0.000000,0.050000,488,0.00,91.00,0.00,91.00,0.00,0.00,0.00,0.00,0
NDX100,PERIOD_H1,15,0,15:00,60,BREAKOUT,2.00,0.10,473,1.50,1.1691,116,463,0.031788,506,16,0.031621,488,233,47.75,3014.01,24340.96,-21326.95,1.14,12.76,2.33,185.72,149.82,250,8132.37,35462.00,510,1.0000,3.0000,0,200,0,600,0.000000,0.050000,488,0.00,116.00,0.00,116.00,0.00,0.00,0.00,0.00,0
NDX100,PERIOD_H1,15,0,15:00,60,BREAKOUT,2.00,0.10,476,1.00,1.0972,74,90,0.031346,507,17,0.033531,488,237,48.57,3047.69,24536.60,-21488.91,1.14,15.85,2.30,185.81,93.45,250,8132.37,35462.00,510,1.0000,3.0000,0,200,0,600,0.000000,0.050000,488,0.00,74.00,0.00,74.00,0.00,0.00,0.00,0.00,0
NDX100,PERIOD_H1,15,0,15:00,60,BREAKOUT,2.00,0.10,470,2.50,1.3120,201,1318,0.022077,495,6,0.012121,487,230,47.23,2060.62,22416.13,-20355.51,1.10,12.49,1.67,186.10,263.41,250,8132.37,35462.00,510,1.0000,3.0000,0,200,0,600,0.000000,0.050000,487,0.00,201.00,0.00,201.00,0.00,0.00,0.00,0.00,0
NDX100,PERIOD_H1,15,0,15:00,60,BREAKOUT,2.00,0.10,312,1.00,1.0645,115,445,0.009642,494,4,0.008097,488,231,47.34,2982.36,24245.33,-21262.97,1.14,12.87,2.29,185.71,127.90,250,8132.37,35462.00,510,1.0000,3.0000,0,200,0,600,0.000000,0.050000,488,0.00,115.00,0.00,115.00,0.00,0.00,0.00,0.00,0
NDX100,PERIOD_H1,15,0,15:00,60,BREAKOUT,2.00,0.10,141,2.50,1.0990,243,776,0.061831,514,26,0.050584,487,228,46.82,1124.43,20477.78,-19353.35,1.06,13.34,0.96,185.69,262.80,250,8132.37,35462.00,510,1.0000,3.0000,0,200,0,600,0.000000,0.050000,487,0.00,243.00,0.00,243.00,0.00,0.00,0.00,0.00,0
NDX100,PERIOD_H1,15,0,15:00,60,BREAKOUT,2.00,0.10,472,3.00,1.3855,35,1744,0.068950,525,37,0.070476,487,230,47.23,2011.99,22004.12,-19992.13,1.10,14.58,1.64,185.87,103.62,250,8132.37,35462.00,510,1.0000,3.0000,0,200,0,600,0.000000,0.050000,487,0.00,35.00,0.00,35.00,0.00,0.00,0.00,0.00,0
NDX100,PERIOD_H1,15,0,15:00,60,BREAKOUT,2.00,0.10,142,2.00,1.0766,326,75,0.035264,506,18,0.035573,487,230,47.23,1309.48,20971.51,-19662.03,1.07,17.32,1.10,185.85,341.32,250,8132.37,35462.00,510,1.0000,3.0000,0,200,0,600,0.000000,0.050000,487,0.00,326.00,0.00,326.00,0.00,0.00,0.00,0.00,0
NDX100,PERIOD_H1,15,0,15:00,60,BREAKOUT,2.00,0.10,476,2.00,1.2431,148,180,0.062691,523,33,0.063098,488,236,48.36,2867.07,23632.99,-20765.92,1.14,14.29,2.21,186.33,196.62,250,8132.37,35462.00,510,1.0000,3.0000,0,200,0,600,0.000000,0.050000,488,0.00,148.00,0.00,148.00,0.00,0.00,0.00,0.00,0
NDX100,PERIOD_H1,15,0,15:00,60,BREAKOUT,2.00,0.10,310,1.50,1.1122,276,586,0.054311,509,23,0.045187,484,233,48.14,2577.46,22457.36,-19879.90,1.13,10.87,2.05,185.83,298.43,250,8132.37,35462.00,510,1.0000,3.0000,0,200,0,600,0.000000,0.050000,484,0.00,276.00,0.00,276.00,0.00,0.00,0.00,0.00,0
NDX100,PERIOD_H1,15,0,15:00,60,BREAKOUT,2.00,0.10,307,3.00,1.2542,562,28,0.052107,507,26,0.051282,481,231,48.02,1199.80,20520.11,-19320.31,1.06,17.18,1.04,186.07,612.83,250,8132.37,35462.00,510,1.0000,3.0000,0,200,0,600,0.000000,0.050000,481,0.00,562.00,0.00,562.00,0.00,0.00,0.00,0.00,0
NDX100,PERIOD_H1,15,0,15:00,60,BREAKOUT,2.00,0.10,145,1.50,1.0547,239,628,0.041678,506,17,0.033597,487,232,47.64,2197.50,22044.91,-19847.41,1.11,12.78,1.77,185.94,249.94,250,8132.37,35462.00,510,1.0000,3.0000,0,200,0,600,0.000000,0.050000,487,0.00,239.00,0.00,239.00,0.00,0.00,0.00,0.00,0
NDX100,PERIOD_H1,15,0,15:00,60,BREAKOUT,2.00,0.10,143,3.00,1.1233,85,1094,0.008698,496,7,0.014113,487,231,47.43,2326.04,22828.29,-20502.25,1.11,13.42,1.87,185.94,109.66,250,8132.37,35462.00,510,1.0000,3.0000,0,200,0,600,0.000000,0.050000,487,0.00,85.00,0.00,85.00,0.00,0.00,0.00,0.00,0
NDX100,PERIOD_H1,15,0,15:00,60,BREAKOUT,2.00,0.10,309,2.00,1.1598,237,127,0.098981,533,47,0.088180,485,233,48.04,2048.69,22230.73,-20182.04,1.10,13.98,1.67,186.37,268.95,250,8132.37,35462.00,510,1.0000,3.0000,0,200,0,600,0.000000,0.050000,485,0.00,237.00,0.00,237.00,0.00,0.00,0.00,0.00,0
NDX100,PERIOD_H1,15,0,15:00,60,BREAKOUT,2.00,0.10,309,2.50,1.2077,296,159,0.098981,532,47,0.088346,484,231,47.73,1454.35,21155.84,-19701.49,1.07,16.67,1.23,186.36,337.54,250,8132.37,35462.00,510,1.0000,3.0000,0,200,0,600,0.000000,0.050000,484,0.00,296.00,0.00,296.00,0.00,0.00,0.00,0.00,0
NDX100,PERIOD_H1,15,0,15:00,60,BREAKOUT,2.00,0.10,471,2.50,1.3126,365,636,0.095514,533,46,0.086304,485,227,46.80,1329.25,20520.90,-19191.65,1.07,13.01,1.15,185.91,427.53,250,8132.37,35462.00,510,1.0000,3.0000,0,200,0,600,0.000000,0.050000,485,0.00,365.00,0.00,365.00,0.00,0.00,0.00,0.00,0
NDX100,PERIOD_H1,15,0,15:00,60,BREAKOUT,2.00,0.10,474,1.50,1.1694,214,53,0.011863,493,4,0.008114,488,234,47.95,2739.94,23359.96,-20620.02,1.13,14.70,2.13,185.93,247.88,250,8132.37,35462.00,510,1.0000,3.0000,0,200,0,600,0.000000,0.050000,488,0.00,214.00,0.00,214.00,0.00,0.00,0.00,0.00,0
NDX100,PERIOD_H1,15,0,15:00,60,BREAKOUT,2.00,0.10,148,1.00,1.0318,156,200,0.037939,500,11,0.022000,487,236,48.46,3477.20,25010.99,-21533.79,1.16,15.28,2.62,186.47,162.36,250,8132.37,35462.00,510,1.0000,3.0000,0,200,0,600,0.000000,0.050000,487,0.00,156.00,0.00,156.00,0.00,0.00,0.00,0.00,0
NDX100,PERIOD_H1,15,0,15:00,60,BREAKOUT,2.00,0.10,477,1.00,1.0974,140,417,0.018062,496,6,0.012097,488,232,47.54,2985.80,24213.36,-21227.56,1.14,12.98,2.29,185.69,159.48,250,8132.37,35462.00,510,1.0000,3.0000,0,200,0,600,0.000000,0.050000,488,0.00,140.00,0.00,140.00,0.00,0.00,0.00,0.00,0
NDX100,PERIOD_H1,15,0,15:00,60,BREAKOUT,2.00,0.10,313,1.00,1.0647,181,172,0.046361,511,22,0.043053,487,236,48.46,2289.71,21874.56,-19584.85,1.12,14.05,1.84,186.61,193.94,250,8132.37,35462.00,510,1.0000,3.0000,0,200,0,600,0.000000,0.050000,487,0.00,181.00,0.00,181.00,0.00,0.00,0.00,0.00,0
NDX100,PERIOD_H1,15,0,15:00,60,BREAKOUT,2.00,0.10,142,2.50,1.0996,407,94,0.035264,507,19,0.037475,486,229,47.12,1088.38,20508.68,-19420.30,1.06,17.27,0.94,185.86,426.92,250,8132.37,35462.00,510,1.0000,3.0000,0,200,0,600,0.000000,0.050000,486,0.00,407.00,0.00,407.00,0.00,0.00,0.00,0.00,0
NDX100,PERIOD_H1,15,0,15:00,60,BREAKOUT,2.00,0.10,473,3.00,1.3865,232,925,0.042384,508,22,0.043307,484,231,47.73,2294.93,22795.00,-20500.07,1.11,14.31,1.85,186.12,309.30,250,8132.37,35462.00,510,1.0000,3.0000,0,200,0,600,0.000000,0.050000,484,0.00,232.00,0.00,232.00,0.00,0.00,0.00,0.00,0
NDX100,PERIOD_H1,15,0,15:00,60,BREAKOUT,2.00,0.10,143,2.00,1.0771,57,729,0.008698,496,7,0.014113,487,232,47.64,2684.63,23535.64,-20851.01,1.13,13.50,2.10,185.91,72.41,250,8132.37,35462.00,510,1.0000,3.0000,0,200,0,600,0.000000,0.050000,487,0.00,57.00,0.00,57.00,0.00,0.00,0.00,0.00,0
NDX100,PERIOD_H1,15,0,15:00,60,BREAKOUT,2.00,0.10,477,2.00,1.2435,280,834,0.036125,504,17,0.033730,485,231,47.63,1841.36,21857.06,-20015.70,1.09,14.97,1.51,185.94,328.71,250,8132.37,35462.00,510,1.0000,3.0000,0,200,0,600,0.000000,0.050000,485,0.00,280.00,0.00,280.00,0.00,0.00,0.00,0.00,0
NDX100,PERIOD_H1,15,0,15:00,60,BREAKOUT,2.00,0.10,311,1.50,1.1126,74,177,0.034386,504,17,0.033730,486,237,48.77,3496.21,25156.59,-21660.38,1.16,15.74,2.64,186.77,96.52,250,8132.37,35462.00,510,1.0000,3.0000,0,200,0,600,0.000000,0.050000,486,0.00,74.00,0.00,74.00,0.00,0.00,0.00,0.00,0
NDX100,PERIOD_H1,15,0,15:00,60,BREAKOUT,2.00,0.10,144,3.00,1.1240,282,275,0.082138,521,35,0.067179,484,232,47.93,2348.62,21814.63,-19466.01,1.12,15.36,1.88,186.90,306.81,250,8132.37,35462.00,510,1.0000,3.0000,0,200,0,600,0.000000,0.050000,484,0.00,282.00,0.00,282.00,0.00,0.00,0.00,0.00,0
NDX100,PERIOD_H1,15,0,15:00,60,BREAKOUT,2.00,0.10,149,1.00,1.0320,22,527,0.024656,510,21,0.041176,487,228,46.82,2054.40,22849.20,-20794.80,1.10,14.11,1.65,186.28,28.41,250,8132.37,35462.00,510,1.0000,3.0000,0,200,0,600,0.000000,0.050000,487,0.00,22.00,0.00,22.00,0.00,0.00,0.00,0.00,0
NDX100,PERIOD_H1,15,0,15:00,60,BREAKOUT,2.00,0.10,310,2.00,1.1602,368,781,0.072414,523,42,0.080306,479,228,47.60,2050.28,21502.76,-19452.48,1.11,12.40,1.72,186.15,400.04,250,8132.37,35462.00,510,1.0000,3.0000,0,200,0,600,0.000000,0.050000,479,0.00,368.00,0.00,368.00,0.00,0.00,0.00,0.00,0
NDX100,PERIOD_H1,15,0,15:00,60,BREAKOUT,2.00,0.10,146,1.50,1.0550,38,219,0.021754,502,15,0.029880,485,231,47.63,2813.06,24068.62,-21255.56,1.13,15.80,2.18,186.43,49.00,250,8132.37,35462.00,510,1.0000,3.0000,0,200,0,600,0.000000,0.050000,485,0.00,38.00,0.00,38.00,0.00,0.00,0.00,0.00,0
NDX100,PERIOD_H1,15,0,15:00,60,BREAKOUT,2.00,0.10,310,2.50,1.2083,460,977,0.072414,521,42,0.080614,478,226,47.28,1117.00,20166.95,-19049.95,1.06,16.36,0.98,186.70,501.66,250,8132.37,35462.00,510,1.0000,3.0000,0,200,0,600,0.000000,0.050000,478,0.00,460.00,0.00,460.00,0.00,0.00,0.00,0.00,0
NDX100,PERIOD_H1,15,0,15:00,60,BREAKOUT,2.00,0.10,472,2.50,1.3132,29,1453,0.068950,526,38,0.072243,487,231,47.43,2064.03,22317.82,-20253.79,1.10,15.44,1.68,185.68,84.75,250,8132.37,35462.00,510,1.0000,3.0000,0,200,0,600,0.000000,0.050000,487,0.00,29.00,0.00,29.00,0.00,0.00,0.00,0.00,0
NDX100,PERIOD_H1,15,0,15:00,60,BREAKOUT,2.00,0.10,308,3.00,1.2549,159,1010,0.025541,501,14,0.027944,486,228,46.91,2002.92,22028.86,-20025.94,1.10,13.68,1.62,185.91,209.98,250,8132.37,35462.00,510,1.0000,3.0000,0,200,0,600,0.000000,0.050000,486,0.00,159.00,0.00,159.00,0.00,0.00,0.00,0.00,0
NDX100,PERIOD_H1,15,0,15:00,60,BREAKOUT,2.00,0.10,314,1.00,1.0649,46,499,0.033077,505,15,0.029703,488,232,47.54,2415.33,22846.55,-20431.22,1.12,13.21,1.91,185.71,58.99,250,8132.37,35462.00,510,1.0000,3.0000,0,200,0,600,0.000000,0.050000,488,0.00,46.00,0.00,46.00,0.00,0.00,0.00,0.00,0
NDX100,PERIOD_H1,15,0,15:00,60,BREAKOUT,2.00,0.10,475,1.50,1.1697,13,544,0.066943,520,31,0.059615,487,233,47.84,2872.80,23230.96,-20358.16,1.14,12.40,2.25,185.77,46.95,250,8132.37,35462.00,510,1.0000,3.0000,0,200,0,600,0.000000,0.050000,487,0.00,13.00,0.00,13.00,0.00,0.00,0.00,0.00,0
NDX100,PERIOD_H1,15,0,15:00,60,BREAKOUT,2.00,0.10,478,1.00,1.0976,5,144,0.004781,491,1,0.002037,488,235,48.16,3226.70,24804.72,-21578.02,1.15,15.93,2.43,186.15,24.52,250,8132.37,35462.00,510,1.0000,3.0000,0,200,0,600,0.000000,0.050000,488,0.00,5.00,0.00,5.00,0.00,0.00,0.00,0.00,0
NDX100,PERIOD_H1,15,0,15:00,60,BREAKOUT,2.00,0.10,143,2.50,1.1002,71,911,0.008698,496,7,0.014113,487,232,47.64,2305.16,22841.97,-20536.81,1.11,13.55,1.84,186.07,91.04,250,8132.37,35462.00,510,1.0000,3.0000,0,200,0,600,0.000000,0.050000,487,0.00,71.00,0.00,71.00,0.00,0.00,0.00,0.00,0
NDX100,PERIOD_H1,15,0,15:00,60,BREAKOUT,2.00,0.10,474,3.00,1.3872,429,107,0.015818,491,4,0.008147,486,232,47.74,1646.49,21582.57,-19936.08,1.08,17.27,1.36,185.92,506.44,250,8132.37,35462.00,510,1.0000,3.0000,0,200,0,600,0.000000,0.050000,486,0.00,429.00,0.00,429.00,0.00,0.00,0.00,0.00,0
NDX100,PERIOD_H1,15,0,15:00,60,BREAKOUT,2.00,0.10,144,2.00,1.0775,188,183,0.082138,523,35,0.066922,486,232,47.74,2481.34,22217.10,-19735.76,1.13,14.61,1.98,186.67,203.50,250,8132.37,35462.00,510,1.0000,3.0000,0,200,0,600,0.000000,0.050000,486,0.00,188.00,0.00,188.00,0.00,0.00,0.00,0.00,0
NDX100,PERIOD_H1,15,0,15:00,60,BREAKOUT,2.00,0.10,478,2.00,1.2440,11,288,0.009561,492,2,0.004065,488,234,47.95,2958.46,24358.59,-21400.13,1.14,15.97,2.26,186.29,59.80,250,8132.37,35462.00,510,1.0000,3.0000,0,200,0,600,0.000000,0.050000,488,0.00,11.00,0.00,11.00,0.00,0.00,0.00,0.00,0
NDX100,PERIOD_H1,15,0,15:00,60,BREAKOUT,2.00,0.10,312,1.50,1.1129,173,667,0.014463,495,5,0.010101,488,230,47.13,2329.55,22765.93,-20436.38,1.11,11.74,1.85,185.95,195.58,250,8132.37,35462.00,510,1.0000,3.0000,0,200,0,600,0.000000,0.050000,488,0.00,173.00,0.00,173.00,0.00,0.00,0.00,0.00,0
NDX100,PERIOD_H1,15,0,15:00,60,BREAKOUT,2.00,0.10,309,3.00,1.2556,355,191,0.098981,531,46,0.086629,484,232,47.93,1534.71,21153.05,-19618.34,1.08,15.85,1.30,186.52,406.12,250,8132.37,35462.00,510,1.0000,3.0000,0,200,0,600,0.000000,0.050000,484,0.00,355.00,0.00,355.00,0.00,0.00,0.00,0.00,0
NDX100,PERIOD_H1,15,0,15:00,60,BREAKOUT,2.00,0.10,147,1.50,1.0553,136,709,0.001831,491,1,0.002037,488,231,47.34,2797.16,23593.87,-20796.71,1.13,12.58,2.16,185.77,147.07,250,8132.37,35462.00,510,1.0000,3.0000,0,200,0,600,0.000000,0.050000,488,0.00,136.00,0.00,136.00,0.00,0.00,0.00,0.00,0
NDX100,PERIOD_H1,15,0,15:00,60,BREAKOUT,2.00,0.10,311,2.00,1.1608,99,236,0.045848,510,25,0.049020,484,237,48.97,3655.78,25114.44,-21458.66,1.17,14.88,2.75,186.29,131.17,250,8132.37,35462.00,510,1.0000,3.0000,0,200,0,600,0.000000,0.050000,484,0.00,99.00,0.00,99.00,0.00,0.00,0.00,0.00,0
NDX100,PERIOD_H1,15,0,15:00,60,BREAKOUT,2.00,0.10,473,2.50,1.3140,193,771,0.042384,509,21,0.041257,486,232,47.74,2584.46,23205.34,-20620.88,1.13,12.78,2.06,185.85,255.80,250,8132.37,35462.00,510,1.0000,3.0000,0,200,0,600,0.000000,0.050000,486,0.00,193.00,0.00,193.00,0.00,0.00,0.00,0.00,0
NDX100,PERIOD_H1,15,0,15:00,60,BREAKOUT,2.00,0.10,145,3.00,1.1250,479,1256,0.055571,509,23,0.045187,486,227,46.71,637.75,19515.97,-18878.22,1.03,16.18,0.56,186.06,504.00,250,8132.37,35462.00,510,1.0000,3.0000,0,200,0,600,0.000000,0.050000,486,0.00,479.00,0.00,479.00,0.00,0.00,0.00,0.00,0
NDX100,PERIOD_H1,15,0,15:00,60,BREAKOUT,2.00,0.10,311,2.50,1.2091,124,295,0.045848,510,25,0.049020,484,237,48.97,3643.62,25074.99,-21431.37,1.17,14.93,2.74,186.27,165.82,250,8132.37,35462.00,510,1.0000,3.0000,0,200,0,600,0.000000,0.050000,484,0.00,124.00,0.00,124.00,0.00,0.00,0.00,0.00,0
NDX100,PERIOD_H1,15,0,15:00,60,BREAKOUT,2.00,0.10,315,1.00,1.0651,112,226,0.019794,504,14,0.027778,488,233,47.75,2880.54,23959.86,-21079.32,1.14,15.09,2.22,186.23,125.03,250,8132.37,35462.00,510,1.0000,3.0000,0,200,0,600,0.000000,0.050000,488,0.00,112.00,0.00,112.00,0.00,0.00,0.00,0.00,0
NDX100,PERIOD_H1,15,0,15:00,60,BREAKOUT,2.00,0.10,150,1.00,1.0322,88,254,0.011374,497,8,0.016097,487,235,48.25,3152.47,24183.42,-21030.95,1.15,15.34,2.41,186.36,94.45,250,8132.37,35462.00,510,1.0000,3.0000,0,200,0,600,0.000000,0.050000,487,0.00,88.00,0.00,88.00,0.00,0.00,0.00,0.00,0
NDX100,PERIOD_H1,15,0,15:00,60,BREAKOUT,2.00,0.10,476,1.50,1.1702,111,135,0.047018,513,23,0.044834,488,236,48.36,3101.14,24531.24,-21430.10,1.14,15.15,2.36,185.90,145.03,250,8132.37,35462.00,510,1.0000,3.0000,0,200,0,600,0.000000,0.050000,488,0.00,111.00,0.00,111.00,0.00,0.00,0.00,0.00,0
NDX100,PERIOD_H1,15,0,15:00,60,BREAKOUT,2.00,0.10,479,1.00,1.0978,71,471,0.041499,512,23,0.044922,487,232,47.64,2920.70,23973.46,-21052.76,1.14,11.63,2.27,185.78,90.56,250,8132.37,35462.00,510,1.0000,3.0000,0,200,0,600,0.000000,0.050000,487,0.00,71.00,0.00,71.00,0.00,0.00,0.00,0.00,0
NDX100,PERIOD_H1,15,0,15:00,60,BREAKOUT,2.00,0.10,144,2.50,1.1008,235,229,0.082138,522,35,0.067050,485,232,47.84,2410.60,22021.32,-19610.72,1.12,15.30,1.93,186.51,255.15,250,8132.37,35462.00,510,1.0000,3.0000,0,200,0,600,0.000000,0.050000,485,0.00,235.00,0.00,235.00,0.00,0.00,0.00,0.00,0
NDX100,PERIOD_H1,15,0,15:00,60,BREAKOUT,2.00,0.10,475,3.00,1.3880,26,1088,0.089257,528,40,0.075758,486,233,47.94,2970.35,23220.19,-20249.84,1.15,11.51,2.35,185.84,103.59,250,8132.37,35462.00,510,1.0000,3.0000,0,200,0,600,0.000000,0.050000,486,0.00,26.00,0.00,26.00,0.00,0.00,0.00,0.00,0
NDX100,PERIOD_H1,15,0,15:00,60,BREAKOUT,2.00,0.10,145,2.00,1.0781,319,838,0.055571,509,21,0.041257,486,230,47.33,1429.22,20854.96,-19425.74,1.07,15.82,1.19,185.84,334.63,250,8132.37,35462.00,510,1.0000,3.0000,0,200,0,600,0.000000,0.050000,486,0.00,319.00,0.00,319.00,0.00,0.00,0.00,0.00,0
NDX100,PERIOD_H1,15,0,15:00,60,BREAKOUT,2.00,0.10,316,1.00,1.0653,178,553,0.006513,493,3,0.006085,488,231,47.34,2497.99,22928.41,-20430.42,1.12,11.73,1.97,185.94,191.06,250,8132.37,35462.00,510,1.0000,3.0000,0,200,0,600,0.000000,0.050000,488,0.00,178.00,0.00,178.00,0.00,0.00,0.00,0.00,0
NDX100,PERIOD_H1,15,0,15:00,60,BREAKOUT,2.00,0.10,479,2.00,1.2445,142,942,0.082998,537,48,0.089385,487,230,47.23,2525.44,23021.65,-20496.21,1.12,10.44,2.03,185.90,190.89,250,8132.37,35462.00,510,1.0000,3.0000,0,200,0,600,0.000000,0.050000,487,0.00,142.00,0.00,142.00,0.00,0.00,0.00,0.00,0
NDX100,PERIOD_H1,15,0,15:00,60,BREAKOUT,2.00,0.10,312,2.50,1.2097,288,1112,0.019285,499,11,0.022044,486,230,47.33,1737.80,21723.62,-19985.82,1.09,15.76,1.43,185.73,329.94,250,8132.37,35462.00,510,1.0000,3.0000,0,200,0,600,0.000000,0.050000,486,0.00,288.00,0.00,288.00,0.00,0.00,0.00,0.00,0
NDX100,PERIOD_H1,15,0,15:00,60,BREAKOUT,2.00,0.10,151,1.00,1.0324,153,581,0.048093,517,27,0.052224,488,232,47.54,2375.12,22810.71,-20435.59,1.12,15.31,1.90,185.73,159.48,250,8132.37,35462.00,510,1.0000,3.0000,0,200,0,600,0.000000,0.050000,488,0.00,153.00,0.00,153.00,0.00,0.00,0.00,0.00,0
NDX100,PERIOD_H1,15,0,15:00,60,BREAKOUT,2.00,0.10,310,3.00,1.2564,552,1172,0.072414,516,42,0.081395,474,226,47.68,1378.29,20483.54,-19105.25,1.07,13.70,1.20,186.87,603.27,250,8132.37,35462.00,510,1.0000,3.0000,0,200,0,600,0.000000,0.050000,474,0.00,552.00,0.00,552.00,0.00,0.00,0.00,0.00,0
NDX100,PERIOD_H1,15,0,15:00,60,BREAKOUT,2.00,0.10,146,3.00,1.1257,75,438,0.029005,509,22,0.043222,485,229,47.22,2649.78,23667.00,-21017.22,1.13,13.72,2.10,185.84,100.15,250,8132.37,35462.00,510,1.0000,3.0000,0,200,0,600,0.000000,0.050000,485,0.00,75.00,0.00,75.00,0.00,0.00,0.00,0.00,0
NDX100,PERIOD_H1,15,0,15:00,60,BREAKOUT,2.00,0.10,148,1.50,1.0557,235,300,0.056909,512,24,0.046875,486,233,47.94,3047.68,24070.24,-21022.56,1.14,15.17,2.36,186.42,246.13,250,8132.37,35462.00,510,1.0000,3.0000,0,200,0,600,0.000000,0.050000,486,0.00,235.00,0.00,235.00,0.00,0.00,0.00,0.00,0
NDX100,PERIOD_H1,15,0,15:00,60,BREAKOUT,2.00,0.10,313,1.50,1.1132,271,258,0.069541,521,34,0.065259,485,237,48.87,2451.55,21845.98,-19394.43,1.13,12.04,1.97,186.59,293.64,250,8132.37,35462.00,510,1.0000,3.0000,0,200,0,600,0.000000,0.050000,485,0.00,271.00,0.00,271.00,0.00,0.00,0.00,0.00,0
NDX100,PERIOD_H1,15,0,15:00,60,BREAKOUT,2.00,0.10,474,2.50,1.3146,357,89,0.015818,492,4,0.008130,486,233,47.94,2169.02,22276.21,-20107.19,1.11,17.01,1.74,185.88,419.92,250,8132.37,35462.00,510,1.0000,3.0000,0,200,0,600,0.000000,0.050000,486,0.00,357.00,0.00,357.00,0.00,0.00,0.00,0.00,0
NDX100,PERIOD_H1,15,0,15:00,60,BREAKOUT,2.00,0.10,477,1.50,1.1705,210,625,0.027094,500,12,0.024000,486,231,47.53,2394.86,22829.25,-20434.39,1.12,12.30,1.90,185.93,244.10,250,8132.37,35462.00,510,1.0000,3.0000,0,200,0,600,0.000000,0.050000,486,0.00,210.00,0.00,210.00,0.00,0.00,0.00,0.00,0
NDX100,PERIOD_H1,15,0,15:00,60,BREAKOUT,2.00,0.10,312,2.00,1.1613,231,890,0.019285,500,11,0.022000,487,231,47.43,1999.55,22226.04,-20226.49,1.10,13.43,1.63,185.97,263.26,250,8132.37,35462.00,510,1.0000,3.0000,0,200,0,600,0.000000,0.050000,487,0.00,231.00,0.00,231.00,0.00,0.00,0.00,0.00,0
NDX100,PERIOD_H1,15,0,15:00,60,BREAKOUT,2.00,0.10,480,1.00,1.0980,137,198,0.028216,508,19,0.037402,487,233,47.84,2928.06,24141.77,-21213.71,1.14,15.64,2.28,186.43,156.61,250,8132.37,35462.00,510,1.0000,3.0000,0,200,0,600,0.000000,0.050000,487,0.00,137.00,0.00,137.00,0.00,0.00,0.00,0.00,0
NDX100,PERIOD_H1,15,0,15:00,60,BREAKOUT,2.00,0.10,145,2.50,1.1016,399,1047,0.055571,510,22,0.043137,486,228,46.91,1146.75,20254.40,-19107.65,1.06,15.88,0.98,185.75,419.31,250,8132.37,35462.00,510,1.0000,3.0000,0,200,0,600,0.000000,0.050000,486,0.00,399.00,0.00,399.00,0.00,0.00,0.00,0.00,0
NDX100,PERIOD_H1,15,0,15:00,60,BREAKOUT,2.00,0.10,476,3.00,1.3889,223,269,0.062691,521,33,0.063340,486,236,48.56,2715.35,23174.47,-20459.12,1.13,15.34,2.12,186.43,300.79,250,8132.37,35462.00,510,1.0000,3.0000,0,200,0,600,0.000000,0.050000,486,0.00,223.00,0.00,223.00,0.00,0.00,0.00,0.00,0
NDX100,PERIOD_H1,15,0,15:00,60,BREAKOUT,2.00,0.10,146,2.00,1.0786,50,292,0.029005,509,22,0.043222,485,231,47.63,2799.45,24046.39,-21246.94,1.13,16.09,2.19,186.48,65.72,250,8132.37,35462.00,510,1.0000,3.0000,0,200,0,600,0.000000,0.050000,485,0.00,50.00,0.00,50.00,0.00,0.00,0.00,0.00,0
NDX100,PERIOD_H1,15,0,15:00,60,BREAKOUT,2.00,0.10,480,2.00,1.2451,273,396,0.056432,525,40,0.076190,483,231,47.83,2242.23,22158.07,-19915.84,1.11,14.27,1.85,185.93,322.01,250,8132.37,35462.00,510,1.0000,3.0000,0,200,0,600,0.000000,0.050000,483,0.00,273.00,0.00,273.00,0.00,0.00,0.00,0.00,0
NDX100,PERIOD_H1,15,0,15:00,60,BREAKOUT,2.00,0.10,317,1.00,1.0655,43,280,0.043231,499,10,0.020040,487,234,48.05,2880.38,24010.82,-21130.44,1.14,15.69,2.22,186.48,56.10,250,8132.37,35462.00,510,1.0000,3.0000,0,200,0,600,0.000000,0.050000,487,0.00,43.00,0.00,43.00,0.00,0.00,0.00,0.00,0
NDX100,PERIOD_H1,15,0,15:00,60,BREAKOUT,2.00,0.10,313,2.50,1.2103,452,430,0.092721,528,45,0.085227,482,230,47.72,1297.56,19939.64,-18642.08,1.07,14.99,1.13,186.04,494.05,250,8132.37,35462.00,510,1.0000,3.0000,0,200,0,600,0.000000,0.050000,482,0.00,452.00,0.00,452.00,0.00,0.00,0.00,0.00,0
NDX100,PERIOD_H1,15,0,15:00,60,BREAKOUT,2.00,0.10,152,1.00,1.0326,19,309,0.034809,510,21,0.041176,487,236,48.46,3436.67,25193.65,-21756.98,1.16,15.85,2.58,186.23,25.52,250,8132.37,35462.00,510,1.0000,3.0000,0,200,0,600,0.000000,0.050000,487,0.00,19.00,0.00,19.00,0.00,0.00,0.00,0.00,0
NDX100,PERIOD_H1,15,0,15:00,60,BREAKOUT,2.00,0.10,147,3.00,1.1265,272,1419,0.002441,489,1,0.002045,486,230,47.33,2163.26,22369.68,-20206.42,1.11,12.64,1.74,186.09,297.29,250,8132.37,35462.00,510,1.0000,3.0000,0,200,0,600,0.000000,0.050000,486,0.00,272.00,0.00,272.00,0.00,0.00,0.00,0.00,0
NDX100,PERIOD_H1,15,0,15:00,60,BREAKOUT,2.00,0.10,311,3.00,1.2573,149,353,0.045848,510,25,0.049020,484,235,48.55,3211.35,24133.47,-20922.12,1.15,14.45,2.48,185.89,200.47,250,8132.37,35462.00,510,1.0000,3.0000,0,200,0,600,0.000000,0.050000,484,0.00,149.00,0.00,149.00,0.00,0.00,0.00,0.00,0
NDX100,PERIOD_H1,15,0,15:00,60,BREAKOUT,2.00,0.10,478,1.50,1.1708,8,216,0.007171,491,1,0.002037,488,235,48.16,3053.35,24501.37,-21448.02,1.14,15.96,2.32,186.28,42.16,250,8132.37,35462.00,510,1.0000,3.0000,0,200,0,600,0.000000,0.050000,488,0.00,8.00,0.00,8.00,0.00,0.00,0.00,0.00,0
NDX100,PERIOD_H1,15,0,15:00,60,BREAKOUT,2.00,0.10,149,1.50,1.0561,33,791,0.036984,513,24,0.046784,487,229,47.02,1870.47,22472.65,-20602.18,1.09,14.42,1.52,185.87,44.22,250,8132.37,35462.00,510,1.0000,3.0000,0,200,0,600,0.000000,0.050000,487,0.00,33.00,0.00,33.00,0.00,0.00,0.00,0.00,0
NDX100,PERIOD_H1,15,0,15:00,60,BREAKOUT,2.00,0.10,313,2.00,1.1617,362,344,0.092721,530,46,0.086792,482,233,48.34,1924.47,20770.50,-18846.03,1.10,16.40,1.61,186.27,394.35,250,8132.37,35462.00,510,1.0000,3.0000,0,200,0,600,0.000000,0.050000,482,0.00,362.00,0.00,362.00,0.00,0.00,0.00,0.00,0
NDX100,PERIOD_H1,15,0,15:00,60,BREAKOUT,2.00,0.10,475,2.50,1.3152,21,907,0.089257,528,40,0.075758,486,234,48.15,3024.76,23227.62,-20202.86,1.15,11.53,2.38,185.81,84.04,250,8132.37,35462.00,510,1.0000,3.0000,0,200,0,600,0.000000,0.050000,486,0.00,21.00,0.00,21.00,0.00,0.00,0.00,0.00,0
NDX100,PERIOD_H1,15,0,15:00,60,BREAKOUT,2.00,0.10,314,1.50,1.1137,70,749,0.049616,510,21,0.041176,487,231,47.43,2629.94,23182.58,-20552.64,1.13,13.29,2.07,185.71,92.73,250,8132.37,35462.00,510,1.0000,3.0000,0,200,0,600,0.000000,0.050000,487,0.00,70.00,0.00,70.00,0.00,0.00,0.00,0.00,0
NDX100,PERIOD_H1,15,0,15:00,60,BREAKOUT,2.00,0.10,481,1.00,1.0982,2,525,0.014934,496,6,0.012097,488,231,47.34,3042.68,24177.09,-21134.41,1.14,13.39,2.32,185.80,21.64,250,8132.37,35462.00,510,1.0000,3.0000,0,200,0,600,0.000000,0.050000,488,0.00,2.00,0.00,2.00,0.00,0.00,0.00,0.00,0
NDX100,PERIOD_H1,15,0,15:00,60,BREAKOUT,2.00,0.10,146,2.50,1.1022,63,365,0.029005,509,22,0.043222,485,231,47.63,3073.14,24449.78,-21376.64,1.14,13.44,2.39,186.18,83.43,250,8132.37,35462.00,510,1.0000,3.0000,0,200,0,600,0.000000,0.050000,485,0.00,63.00,0.00,63.00,0.00,0.00,0.00,0.00,0
NDX100,PERIOD_H1,15,0,15:00,60,BREAKOUT,2.00,0.10,477,3.00,1.3897,419,1251,0.036125,503,17,0.033797,485,228,47.01,1067.92,20673.16,-19605.24,1.05,15.27,0.92,186.05,496.93,250,8132.37,35462.00,510,1.0000,3.0000,0,200,0,600,0.000000,0.050000,485,0.00,419.00,0.00,419.00,0.00,0.00,0.00,0.00,0
NDX100,PERIOD_H1,15,0,15:00,60,BREAKOUT,2.00,0.10,147,2.00,1.0790,182,946,0.002441,491,1,0.002037,488,230,47.13,2303.01,22621.58,-20318.57,1.11,11.88,1.83,186.12,197.81,250,8132.37,35462.00,510,1.0000,3.0000,0,200,0,600,0.000000,0.050000,488,0.00,182.00,0.00,182.00,0.00,0.00,0.00,0.00,0
NDX100,PERIOD_H1,15,0,15:00,60,BREAKOUT,2.00,0.10,481,2.00,1.2455,4,1051,0.029868,500,11,0.022000,487,230,47.23,2858.68,23864.19,-21005.51,1.14,12.85,2.22,185.76,53.10,250,8132.37,35462.00,510,1.0000,3.0000,0,200,0,600,0.000000,0.050000,487,0.00,4.00,0.00,4.00,0.00,0.00,0.00,0.00,0
NDX100,PERIOD_H1,15,0,15:00,60,BREAKOUT,2.00,0.10,318,1.00,1.0657,109,8,0.029948,504,15,0.029762,488,234,47.95,2610.92,23747.57,-21136.65,1.12,15.24,2.03,186.14,122.15,250,8132.37,35462.00,510,1.0000,3.0000,0,200,0,600,0.000000,0.050000,488,0.00,109.00,0.00,109.00,0.00,0.00,0.00,0.00,0
NDX100,PERIOD_H1,15,0,15:00,60,BREAKOUT,2.00,0.10,314,2.50,1.2111,116,1248,0.066155,520,31,0.059615,487,230,47.23,2304.98,22703.61,-20398.63,1.11,12.63,1.86,185.90,158.21,250,8132.37,35462.00,510,1.0000,3.0000,0,200,0,600,0.000000,0.050000,487,0.00,116.00,0.00,116.00,0.00,0.00,0.00,0.00,0
NDX100,PERIOD_H1,15,0,15:00,60,BREAKOUT,2.00,0.10,153,1.00,1.0328,84,36,0.021528,497,7,0.014085,489,234,47.85,2595.19,23752.79,-21157.60,1.12,15.76,2.00,185.81,90.57,250,8132.37,35462.00,510,1.0000,3.0000,0,200,0,600,0.000000,0.050000,489,0.00,84.00,0.00,84.00,0.00,0.00,0.00,0.00,0
NDX100,PERIOD_H1,15,0,15:00,60,BREAKOUT,2.00,0.10,312,3.00,1.2581,346,1335,0.019285,499,11,0.022044,486,229,47.12,1729.16,21563.33,-19834.17,1.09,14.80,1.44,185.94,397.61,250,8132.37,35462.00,510,1.0000,3.0000,0,200,0,600,0.000000,0.050000,486,0.00,346.00,0.00,346.00,0.00,0.00,0.00,0.00,0
NDX100,PERIOD_H1,15,0,15:00,60,BREAKOUT,2.00,0.10,148,3.00,1.1272,469,600,0.075878,521,35,0.067179,485,229,47.22,1782.79,21450.36,-19667.57,1.09,15.71,1.50,185.97,494.44,250,8132.37,35462.00,510,1.0000,3.0000,0,200,0,600,0.000000,0.050000,485,0.00,469.00,0.00,469.00,0.00,0.00,0.00,0.00,0
NDX100,PERIOD_H1,15,0,15:00,60,BREAKOUT,2.00,0.10,150,1.50,1.0564,131,381,0.017061,498,9,0.018072,487,234,48.05,3256.40,24280.71,-21024.31,1.15,12.37,2.49,185.98,142.28,250,8132.37,35462.00,510,1.0000,3.0000,0,200,0,600,0.000000,0.050000,487,0.00,131.00,0.00,131.00,0.00,0.00,0.00,0.00,0
NDX100,PERIOD_H1,15,0,15:00,60,BREAKOUT,2.00,0.10,315,1.50,1.1140,168,339,0.029691,507,17,0.033531,488,229,46.93,2370.96,22803.62,-20432.66,1.12,14.22,1.87,186.07,190.79,250,8132.37,35462.00,510,1.0000,3.0000,0,200,0,600,0.000000,0.050000,488,0.00,168.00,0.00,168.00,0.00,0.00,0.00,0.00,0
NDX100,PERIOD_H1,15,0,15:00,60,BREAKOUT,2.00,0.10,314,2.00,1.1624,93,998,0.066155,520,31,0.059615,487,229,47.02,1833.62,22041.87,-20208.25,1.09,15.43,1.50,186.17,125.47,250,8132.37,35462.00,510,1.0000,3.0000,0,200,0,600,0.000000,0.050000,487,0.00,93.00,0.00,93.00,0.00,0.00,0.00,0.00,0
NDX100,PERIOD_H1,15,0,15:00,60,BREAKOUT,2.00,0.10,479,1.50,1.1711,106,707,0.062249,525,36,0.068571,487,233,47.84,2795.10,23646.60,-20851.50,1.13,11.22,2.19,185.73,140.22,250,8132.37,35462.00,510,1.0000,3.0000,0,200,0,600,0.000000,0.050000,487,0.00,106.00,0.00,106.00,0.00,0.00,0.00,0.00,0
NDX100,PERIOD_H1,15,0,15:00,60,BREAKOUT,2.00,0.10,476,2.50,1.3160,185,224,0.062691,522,33,0.063218,487,236,48.46,2844.70,23537.55,-20692.85,1.14,15.37,2.21,186.04,248.20,250,8132.37,35462.00,510,1.0000,3.0000,0,200,0,600,0.000000,0.050000,487,0.00,185.00,0.00,185.00,0.00,0.00,0.00,0.00,0
NDX100,PERIOD_H1,15,0,15:00,60,BREAKOUT,2.00,0.10,482,1.00,1.0984,68,252,0.001651,490,0,0.000000,488,234,47.95,2972.35,24352.94,-21380.59,1.14,15.80,2.28,186.39,87.68,250,8132.37,35462.00,510,1.0000,3.0000,0,200,0,600,0.000000,0.050000,488,0.00,68.00,0.00,68.00,0.00,0.00,0.00,0.00,0
NDX100,PERIOD_H1,15,0,15:00,60,BREAKOUT,2.00,0.10,147,2.50,1.1028,227,1182,0.002441,490,1,0.002041,487,229,47.02,2072.01,22361.95,-20289.94,1.10,12.61,1.67,186.34,247.55,250,8132.37,35462.00,510,1.0000,3.0000,0,200,0,600,0.000000,0.050000,487,0.00,227.00,0.00,227.00,0.00,0.00,0.00,0.00,0
NDX100,PERIOD_H1,15,0,15:00,60,BREAKOUT,2.00,0.10,478,3.00,1.3904,16,432,0.009561,492,2,0.004065,488,231,47.34,2930.82,24298.72,-21367.90,1.14,13.74,2.25,185.94,94.08,250,8132.37,35462.00,510,1.0000,3.0000,0,200,0,600,0.000000,0.050000,488,0.00,16.00,0.00,16.00,0.00,0.00,0.00,0.00,0
NDX100,PERIOD_H1,15,0,15:00,60,BREAKOUT,2.00,0.10,148,2.00,1.0795,313,400,0.075878,520,33,0.063462,485,232,47.84,3111.42,23790.37,-20678.95,1.15,15.35,2.41,185.89,328.90,250,8132.37,35462.00,510,1.0000,3.0000,0,200,0,600,0.000000,0.050000,485,0.00,313.00,0.00,313.00,0.00,0.00,0.00,0.00,0
NDX100,PERIOD_H1,15,0,15:00,60,BREAKOUT,2.00,0.10,482,2.00,1.2460,136,505,0.003302,492,2,0.004065,488,232,47.54,2816.12,23587.68,-20771.56,1.14,12.54,2.18,185.84,185.20,250,8132.37,35462.00,510,1.0000,3.0000,0,200,0,600,0.000000,0.050000,488,0.00,136.00,0.00,136.00,0.00,0.00,0.00,0.00,0
NDX100,PERIOD_H1,15,0,15:00,60,BREAKOUT,2.00,0.10,149,3.00,1.1282,66,1582,0.049312,519,30,0.057803,487,228,46.82,1673.42,22306.84,-20633.42,1.08,14.49,1.39,185.93,91.64,250,8132.37,35462.00,510,1.0000,3.0000,0,200,0,600,0.000000,0.050000,487,0.00,66.00,0.00,66.00,0.00,0.00,0.00,0.00,0
NDX100,PERIOD_H1,15,0,15:00,60,BREAKOUT,2.00,0.10,319,1.00,1.0659,174,335,0.016666,501,11,0.021956,488,235,48.16,3061.81,23827.43,-20765.62,1.15,14.51,2.34,186.02,187.18,250,8132.37,35462.00,510,1.0000,3.0000,0,200,0,600,0.000000,0.050000,488,0.00,174.00,0.00,174.00,0.00,0.00,0.00,0.00,0
NDX100,PERIOD_H1,15,0,15:00,60,BREAKOUT,2.00,0.10,313,3.00,1.2588,543,516,0.092721,525,45,0.085714,480,230,47.92,990.55,19203.88,-18213.33,1.05,15.10,0.88,186.09,594.76,250,8132.37,35462.00,510,1.0000,3.0000,0,200,0,600,0.000000,0.050000,480,0.00,543.00,0.00,543.00,0.00,0.00,0.00,0.00,0
NDX100,PERIOD_H1,15,0,15:00,60,BREAKOUT,2.00,0.10,154,1.00,1.0330,150,363,0.008245,497,7,0.014085,488,234,47.95,3611.27,25086.42,-21475.15,1.17,12.65,2.71,186.04,156.60,250,8132.37,35462.00,510,1.0000,3.0000,0,200,0,600,0.000000,0.050000,488,0.00,150.00,0.00,150.00,0.00,0.00,0.00,0.00,0
NDX100,PERIOD_H1,15,0,15:00,60,BREAKOUT,2.00,0.10,315,2.50,1.2117,280,566,0.039589,512,24,0.046875,486,228,46.91,1839.41,21382.56,-19543.15,1.09,14.59,1.52,185.78,322.33,250,8132.37,35462.00,510,1.0000,3.0000,0,200,0,600,0.000000,0.050000,486,0.00,280.00,0.00,280.00,0.00,0.00,0.00,0.00,0
NDX100,PERIOD_H1,15,0,15:00,60,BREAKOUT,2.00,0.10,151,1.50,1.0567,230,872,0.072139,527,39,0.074004,486,231,47.53,1673.15,21500.82,-19827.67,1.08,16.27,1.39,186.00,241.34,250,8132.37,35462.00,510,1.0000,3.0000,0,200,0,600,0.000000,0.050000,486,0.00,230.00,0.00,230.00,0.00,0.00,0.00,0.00,0
NDX100,PERIOD_H1,15,0,15:00,60,BREAKOUT,2.00,0.10,315,2.00,1.1628,224,453,0.039589,512,23,0.044922,487,229,47.02,2193.29,22008.71,-19815.42,1.11,12.29,1.77,185.77,256.56,250,8132.37,35462.00,510,1.0000,3.0000,0,200,0,600,0.000000,0.050000,487,0.00,224.00,0.00,224.00,0.00,0.00,0.00,0.00,0
NDX100,PERIOD_H1,15,0,15:00,60,BREAKOUT,2.00,0.10,316,1.50,1.1143,267,830,0.009769,491,3,0.006110,486,232,47.74,2082.02,22190.22,-20108.20,1.10,12.56,1.69,185.82,289.86,250,8132.37,35462.00,510,1.0000,3.0000,0,200,0,600,0.000000,0.050000,486,0.00,267.00,0.00,267.00,0.00,0.00,0.00,0.00,0
NDX100,PERIOD_H1,15,0,15:00,60,BREAKOUT,2.00,0.10,480,1.50,1.1715,205,297,0.042324,513,26,0.050682,485,232,47.84,2575.70,23042.24,-20466.54,1.13,15.39,2.05,186.36,239.31,250,8132.37,35462.00,510,1.0000,3.0000,0,200,0,600,0.000000,0.050000,485,0.00,205.00,0.00,205.00,0.00,0.00,0.00,0.00,0
NDX100,PERIOD_H1,15,0,15:00,60,BREAKOUT,2.00,0.10,477,2.50,1.3166,349,1042,0.036125,505,18,0.035644,485,229,47.22,1324.76,20997.49,-19672.73,1.07,15.24,1.12,185.74,412.32,250,8132.37,35462.00,510,1.0000,3.0000,0,200,0,600,0.000000,0.050000,485,0.00,349.00,0.00,349.00,0.00,0.00,0.00,0.00,0
NDX100,PERIOD_H1,15,0,15:00,60,BREAKOUT,2.00,0.10,483,1.00,1.0986,133,580,0.038369,511,23,0.045010,487,229,47.02,2379.82,23020.13,-20640.31,1.12,14.36,1.90,185.79,152.71,250,8132.37,35462.00,510,1.0000,3.0000,0,200,0,600,0.000000,0.050000,487,0.00,133.00,0.00,133.00,0.00,0.00,0.00,0.00,0
NDX100,PERIOD_H1,15,0,15:00,60,BREAKOUT,2.00,0.10,148,2.50,1.1034,391,500,0.075878,520,33,0.063462,485,230,47.42,2616.38,22659.91,-20043.53,1.13,15.25,2.10,185.79,411.67,250,8132.37,35462.00,510,1.0000,3.0000,0,200,0,600,0.000000,0.050000,485,0.00,391.00,0.00,391.00,0.00,0.00,0.00,0.00,0
NDX100,PERIOD_H1,15,0,15:00,60,BREAKOUT,2.00,0.10,479,3.00,1.3911,213,1413,0.082998,534,48,0.089888,484,228,47.11,1957.21,22035.30,-20078.09,1.10,11.54,1.64,185.96,291.23,250,8132.37,35462.00,510,1.0000,3.0000,0,200,0,600,0.000000,0.050000,484,0.00,213.00,0.00,213.00,0.00,0.00,0.00,0.00,0
NDX100,PERIOD_H1,15,0,15:00,60,BREAKOUT,2.00,0.10,149,2.00,1.0801,44,1054,0.049312,519,30,0.057803,487,228,46.82,1674.92,22161.68,-20486.76,1.08,14.50,1.39,185.90,60.02,250,8132.37,35462.00,510,1.0000,3.0000,0,200,0,600,0.000000,0.050000,487,0.00,44.00,0.00,44.00,0.00,0.00,0.00,0.00,0
NDX100,PERIOD_H1,15,0,15:00,60,BREAKOUT,2.00,0.10,483,2.00,1.2464,267,1159,0.076739,528,46,0.087121,481,231,48.02,1926.62,21436.29,-19509.67,1.10,14.64,1.61,186.41,316.29,250,8132.37,35462.00,510,1.0000,3.0000,0,200,0,600,0.000000,0.050000,481,0.00,267.00,0.00,267.00,0.00,0.00,0.00,0.00,0
NDX100,PERIOD_H1,15,0,15:00,60,BREAKOUT,2.00,0.10,150,3.00,1.1289,263,763,0.022748,498,12,0.024096,484,234,48.35,2941.84,23198.83,-20256.99,1.15,11.73,2.29,185.68,288.78,250,8132.37,35462.00,510,1.0000,3.0000,0,200,0,600,0.000000,0.050000,484,0.00,263.00,0.00,263.00,0.00,0.00,0.00,0.00,0
NDX100,PERIOD_H1,15,0,15:00,60,BREAKOUT,2.00,0.10,481,1.50,1.1719,3,788,0.022401,499,9,0.018036,488,231,47.34,2809.70,24010.55,-21200.85,1.13,13.44,2.18,185.88,37.37,250,8132.37,35462.00,510,1.0000,3.0000,0,200,0,600,0.000000,0.050000,488,0.00,3.00,0.00,3.00,0.00,0.00,0.00,0.00,0
NDX100,PERIOD_H1,15,0,15:00,60,BREAKOUT,2.00,0.10,316,2.50,1.2123,444,1383,0.013025,492,5,0.010163,486,226,46.50,1199.19,20615.38,-19416.19,1.06,15.49,1.03,186.19,486.45,250,8132.37,35462.00,510,1.0000,3.0000,0,200,0,600,0.000000,0.050000,486,0.00,444.00,0.00,444.00,0.00,0.00,0.00,0.00,0
NDX100,PERIOD_H1,15,0,15:00,60,BREAKOUT,2.00,0.10,320,1.00,1.0661,40,62,0.003383,490,0,0.000000,489,234,47.85,2746.53,24352.32,-21605.79,1.13,15.99,2.11,185.88,53.22,250,8132.37,35462.00,510,1.0000,3.0000,0,200,0,600,0.000000,0.050000,489,0.00,40.00,0.00,40.00,0.00,0.00,0.00,0.00,0
NDX100,PERIOD_H1,15,0,15:00,60,BREAKOUT,2.00,0.10,152,1.50,1.0570,28,463,0.052214,517,28,0.054159,487,235,48.25,3583.74,25217.18,-21633.44,1.17,13.94,2.68,185.72,39.41,250,8132.37,35462.00,510,1.0000,3.0000,0,200,0,600,0.000000,0.050000,487,0.00,28.00,0.00,28.00,0.00,0.00,0.00,0.00,0
NDX100,PERIOD_H1,15,0,15:00,60,BREAKOUT,2.00,0.10,314,3.00,1.2598,139,1497,0.066155,520,31,0.059615,487,230,47.23,2383.66,22733.41,-20349.75,1.12,11.97,1.91,185.83,190.95,250,8132.37,35462.00,510,1.0000,3.0000,0,200,0,600,0.000000,0.050000,487,0.00,139.00,0.00,139.00,0.00,0.00,0.00,0.00,0
NDX100,PERIOD_H1,15,0,15:00,60,BREAKOUT,2.00,0.10,155,1.00,1.0332,16,90,0.044963,512,24,0.046875,486,231,47.53,2588.80,23774.61,-21185.81,1.12,16.44,2.04,185.77,22.64,250,8132.37,35462.00,510,1.0000,3.0000,0,200,0,600,0.000000,0.050000,486,0.00,16.00,0.00,16.00,0.00,0.00,0.00,0.00,0
NDX100,PERIOD_H1,15,0,15:00,60,BREAKOUT,2.00,0.10,478,2.50,1.3172,13,360,0.009561,492,2,0.004065,488,232,47.54,2937.41,24441.31,-21503.90,1.14,16.05,2.25,186.11,76.44,250,8132.37,35462.00,510,1.0000,3.0000,0,200,0,600,0.000000,0.050000,488,0.00,13.00,0.00,13.00,0.00,0.00,0.00,0.00,0
NDX100,PERIOD_H1,15,0,15:00,60,BREAKOUT,2.00,0.10,317,1.50,1.1146,65,421,0.064846,520,33,0.063462,485,233,48.04,2333.30,22735.58,-20402.28,1.11,14.46,1.87,185.47,87.92,250,8132.37,35462.00,510,1.0000,3.0000,0,200,0,600,0.000000,0.050000,485,0.00,65.00,0.00,65.00,0.00,0.00,0.00,0.00,0
NDX100,PERIOD_H1,15,0,15:00,60,BREAKOUT,2.00,0.10,316,2.00,1.1633,355,1107,0.013025,493,5,0.010142,486,228,46.91,1512.03,21101.66,-19589.63,1.08,14.81,1.27,185.87,387.65,250,8132.37,35462.00,510,1.0000,3.0000,0,200,0,600,0.000000,0.050000,486,0.00,355.00,0.00,355.00,0.00,0.00,0.00,0.00,0
NDX100,PERIOD_H1,15,0,15:00,60,BREAKOUT,2.00,0.10,484,1.00,1.0988,199,307,0.025086,511,22,0.043053,487,232,47.64,2818.30,23616.21,-20797.91,1.14,14.61,2.19,186.50,218.76,250,8132.37,35462.00,510,1.0000,3.0000,0,200,0,600,0.000000,0.050000,487,0.00,199.00,0.00,199.00,0.00,0.00,0.00,0.00,0
NDX100,PERIOD_H1,15,0,15:00,60,BREAKOUT,2.00,0.10,149,2.50,1.1041,55,1318,0.049312,519,30,0.057803,487,229,47.02,1725.06,22333.22,-20608.16,1.08,14.66,1.43,186.03,75.83,250,8132.37,35462.00,510,1.0000,3.0000,0,200,0,600,0.000000,0.050000,487,0.00,55.00,0.00,55.00,0.00,0.00,0.00,0.00,0
NDX100,PERIOD_H1,15,0,15:00,60,BREAKOUT,2.00,0.10,480,3.00,1.3921,410,595,0.056432,522,39,0.074713,482,228,47.30,1344.98,20532.85,-19187.87,1.07,15.53,1.18,186.14,488.42,250,8132.37,35462.00,510,1.0000,3.0000,0,200,0,600,0.000000,0.050000,482,0.00,410.00,0.00,410.00,0.00,0.00,0.00,0.00,0
NDX100,PERIOD_H1,15,0,15:00,60,BREAKOUT,2.00,0.10,150,2.00,1.0806,175,509,0.022748,500,12,0.024000,486,233,47.94,3125.66,23700.98,-20575.32,1.15,11.13,2.40,185.81,191.11,250,8132.37,35462.00,510,1.0000,3.0000,0,200,0,600,0.000000,0.050000,486,0.00,175.00,0.00,175.00,0.00,0.00,0.00,0.00,0
NDX100,PERIOD_H1,15,0,15:00,60,BREAKOUT,2.00,0.10,315,3.00,1.2605,336,679,0.039589,512,24,0.046875,486,227,46.71,1483.82,20869.93,-19386.11,1.08,15.05,1.25,185.73,388.10,250,8132.37,35462.00,510,1.0000,3.0000,0,200,0,600,0.000000,0.050000,486,0.00,336.00,0.00,336.00,0.00,0.00,0.00,0.00,0
NDX100,PERIOD_H1,15,0,15:00,60,BREAKOUT,2.00,0.10,317,2.50,1.2129,108,701,0.086462,533,47,0.088180,484,234,48.35,2602.85,22519.72,-19916.87,1.13,13.33,2.08,185.51,150.57,250,8132.37,35462.00,510,1.0000,3.0000,0,200,0,600,0.000000,0.050000,484,0.00,108.00,0.00,108.00,0.00,0.00,0.00,0.00,0
NDX100,PERIOD_H1,15,0,15:00,60,BREAKOUT,2.00,0.10,484,2.00,1.2470,398,613,0.050172,520,36,0.069231,483,227,47.00,2027.46,21727.09,-19699.63,1.10,14.85,1.68,186.35,447.41,250,8132.37,35462.00,510,1.0000,3.0000,0,200,0,600,0.000000,0.050000,483,0.00,398.00,0.00,398.00,0.00,0.00,0.00,0.00,0
NDX100,PERIOD_H1,15,0,15:00,60,BREAKOUT,2.00,0.10,151,3.00,1.1296,460,1744,0.096185,534,51,0.095506,482,225,46.68,919.87,20122.04,-19202.17,1.05,19.38,0.82,186.15,485.93,250,8132.37,35462.00,510,1.0000,3.0000,0,200,0,600,0.000000,0.050000,482,0.00,460.00,0.00,460.00,0.00,0.00,0.00,0.00,0
NDX100,PERIOD_H1,15,0,15:00,60,BREAKOUT,2.00,0.10,482,1.50,1.1722,102,379,0.002477,491,1,0.002037,488,234,47.95,3436.63,24742.89,-21306.26,1.16,12.69,2.59,186.13,136.44,250,8132.37,35462.00,510,1.0000,3.0000,0,200,0,600,0.000000,0.050000,488,0.00,102.00,0.00,102.00,0.00,0.00,0.00,0.00,0
NDX100,PERIOD_H1,15,0,15:00,60,BREAKOUT,2.00,0.10,153,1.50,1.0575,127,53,0.032292,501,12,0.023952,488,233,47.75,2387.08,23327.53,-20940.45,1.11,14.93,1.88,185.69,138.49,250,8132.37,35462.00,510,1.0000,3.0000,0,200,0,600,0.000000,0.050000,488,0.00,127.00,0.00,127.00,0.00,0.00,0.00,0.00,0
NDX100,PERIOD_H1,15,0,15:00,60,BREAKOUT,2.00,0.10,156,1.00,1.0334,81,417,0.031681,498,9,0.018072,487,231,47.43,2667.66,23668.73,-21001.07,1.13,13.34,2.08,185.56,87.69,250,8132.37,35462.00,510,1.0000,3.0000,0,200,0,600,0.000000,0.050000,487,0.00,81.00,0.00,81.00,0.00,0.00,0.00,0.00,0
NDX100,PERIOD_H1,15,0,15:00,60,BREAKOUT,2.00,0.10,317,2.00,1.1637,87,561,0.086462,533,47,0.088180,484,234,48.35,2671.33,22651.52,-19980.19,1.13,13.23,2.14,185.48,119.75,250,8132.37,35462.00,510,1.0000,3.0000,0,200,0,600,0.000000,0.050000,484,0.00,87.00,0.00,87.00,0.00,0.00,0.00,0.00,0
NDX100,PERIOD_H1,15,0,15:00,60,BREAKOUT,2.00,0.10,479,2.50,1.3178,177,1178,0.082998,537,49,0.091248,486,227,46.71,1755.60,21810.49,-20054.89,1.09,11.49,1.47,185.95,240.56,250,8132.37,35462.00,510,1.0000,3.0000,0,200,0,600,0.000000,0.050000,486,0.00,177.00,0.00,177.00,0.00,0.00,0.00,0.00,0
NDX100,PERIOD_H1,15,0,15:00,60,BREAKOUT,2.00,0.10,318,1.50,1.1150,163,11,0.044922,514,25,0.048638,488,232,47.54,2696.43,23314.86,-20618.43,1.13,12.87,2.11,185.71,186.01,250,8132.37,35462.00,510,1.0000,3.0000,0,200,0,600,0.000000,0.050000,488,0.00,163.00,0.00,163.00,0.00,0.00,0.00,0.00,0
NDX100,PERIOD_H1,15,0,15:00,60,BREAKOUT,2.00,0.10,321,1.00,1.0663,106,389,0.040101,507,18,0.035503,487,231,47.43,3229.28,23892.19,-20662.91,1.16,11.37,2.47,185.79,119.26,250,8132.37,35462.00,510,1.0000,3.0000,0,200,0,600,0.000000,0.050000,487,0.00,106.00,0.00,106.00,0.00,0.00,0.00,0.00,0
NDX100,PERIOD_H1,15,0,15:00,60,BREAKOUT,2.00,0.10,485,1.00,1.0990,65,34,0.011805,496,6,0.012097,489,233,47.65,2607.99,23882.57,-21274.58,1.12,15.70,2.02,185.85,84.80,250,8132.37,35462.00,510,1.0000,3.0000,0,200,0,600,0.000000,0.050000,489,0.00,65.00,0.00,65.00,0.00,0.00,0.00,0.00,0
NDX100,PERIOD_H1,15,0,15:00,60,BREAKOUT,2.00,0.10,150,2.50,1.1047,219,636,0.022748,499,12,0.024048,485,233,48.04,2978.93,23488.76,-20509.83,1.15,11.92,2.31,185.94,239.95,250,8132.37,35462.00,510,1.0000,3.0000,0,200,0,600,0.000000,0.050000,485,0.00,219.00,0.00,219.00,0.00,0.00,0.00,0.00,0
NDX100,PERIOD_H1,15,0,15:00,60,BREAKOUT,2.00,0.10,481,3.00,1.3928,7,1576,0.029868,500,11,0.022000,487,229,47.02,2828.25,23964.47,-21136.22,1.13,12.98,2.20,185.64,85.57,250,8132.37,35462.00,510,1.0000,3.0000,0,200,0,600,0.000000,0.050000,487,0.00,7.00,0.00,7.00,0.00,0.00,0.00,0.00,0
NDX100,PERIOD_H1,15,0,15:00,60,BREAKOUT,2.00,0.10,151,2.00,1.0810,306,1163,0.096185,533,49,0.091932,482,230,47.72,1532.50,21079.75,-19547.25,1.08,18.64,1.29,186.31,322.21,250,8132.37,35462.00,510,1.0000,3.0000,0,200,0,600,0.000000,0.050000,482,0.00,306.00,0.00,306.00,0.00,0.00,0.00,0.00,0
NDX100,PERIOD_H1,15,0,15:00,60,BREAKOUT,2.00,0.10,316,3.00,1.2612,533,1660,0.013025,489,5,0.010225,484,225,46.49,576.50,19389.95,-18813.45,1.03,15.31,0.51,186.32,585.25,250,8132.37,35462.00,510,1.0000,3.0000,0,200,0,600,0.000000,0.050000,484,0.00,533.00,0.00,533.00,0.00,0.00,0.00,0.00,0
NDX100,PERIOD_H1,15,0,15:00,60,BREAKOUT,2.00,0.10,318,2.50,1.2136,272,19,0.059896,516,29,0.056202,486,232,47.74,2538.54,22880.97,-20342.43,1.12,14.79,2.00,185.80,314.73,250,8132.37,35462.00,510,1.0000,3.0000,0,200,0,600,0.000000,0.050000,486,0.00,272.00,0.00,272.00,0.00,0.00,0.00,0.00,0
NDX100,PERIOD_H1,15,0,15:00,60,BREAKOUT,2.00,0.10,485,2.00,1.2475,129,67,0.023609,499,9,0.018036,489,233,47.65,2629.52,23686.47,-21056.95,1.12,15.11,2.05,185.88,178.50,250,8132.37,35462.00,510,1.0000,3.0000,0,200,0,600,0.000000,0.050000,489,0.00,129.00,0.00,129.00,0.00,0.00,0.00,0.00,0
NDX100,PERIOD_H1,15,0,15:00,60,BREAKOUT,2.00,0.10,157,1.00,1.0336,147,144,0.018398,500,10,0.020000,488,236,48.36,3407.73,24812.25,-21404.52,1.16,15.51,2.57,186.15,153.73,250,8132.37,35462.00,510,1.0000,3.0000,0,200,0,600,0.000000,0.050000,488,0.00,147.00,0.00,147.00,0.00,0.00,0.00,0.00,0
NDX100,PERIOD_H1,15,0,15:00,60,BREAKOUT,2.00,0.10,152,3.00,1.1304,56,926,0.069619,527,38,0.072106,487,234,48.05,2929.75,23628.75,-20699.00,1.14,13.83,2.28,185.90,82.08,250,8132.37,35462.00,510,1.0000,3.0000,0,200,0,600,0.000000,0.050000,487,0.00,56.00,0.00,56.00,0.00,0.00,0.00,0.00,0
NDX100,PERIOD_H1,15,0,15:00,60,BREAKOUT,2.00,0.10,322,1.00,1.0665,171,116,0.026820,499,10,0.020040,487,234,48.05,2361.85,22955.04,-20593.19,1.11,14.19,1.86,185.93,184.31,250,8132.37,35462.00,510,1.0000,3.0000,0,200,0,600,0.000000,0.050000,487,0.00,171.00,0.00,171.00,0.00,0.00,0.00,0.00,0
NDX100,PERIOD_H1,15,0,15:00,60,BREAKOUT,2.00,0.10,483,1.50,1.1725,200,869,0.057554,519,33,0.063584,485,228,47.01,1591.35,21371.04,-19779.69,1.08,14.64,1.33,186.18,234.50,250,8132.37,35462.00,510,1.0000,3.0000,0,200,0,600,0.000000,0.050000,485,0.00,200.00,0.00,200.00,0.00,0.00,0.00,0.00,0
NDX100,PERIOD_H1,15,0,15:00,60,BREAKOUT,2.00,0.10,318,2.00,1.1643,218,15,0.059896,517,29,0.056093,487,232,47.64,2577.94,23131.10,-20553.16,1.13,13.08,2.04,185.78,250.87,250,8132.37,35462.00,510,1.0000,3.0000,0,200,0,600,0.000000,0.050000,487,0.00,218.00,0.00,218.00,0.00,0.00,0.00,0.00,0
NDX100,PERIOD_H1,15,0,15:00,60,BREAKOUT,2.00,0.10,480,2.50,1.3186,341,495,0.056432,525,40,0.076190,483,229,47.41,1493.53,20784.58,-19291.05,1.08,15.26,1.29,185.91,404.72,250,8132.37,35462.00,510,1.0000,3.0000,0,200,0,600,0.000000,0.050000,483,0.00,341.00,0.00,341.00,0.00,0.00,0.00,0.00,0
NDX100,PERIOD_H1,15,0,15:00,60,BREAKOUT,2.00,0.10,319,1.50,1.1154,262,502,0.024999,500,12,0.024000,486,234,48.15,2700.47,22904.46,-20203.99,1.13,12.35,2.13,185.74,285.07,250,8132.37,35462.00,510,1.0000,3.0000,0,200,0,600,0.000000,0.050000,486,0.00,262.00,0.00,262.00,0.00,0.00,0.00,0.00,0
NDX100,PERIOD_H1,15,0,15:00,60,BREAKOUT,2.00,0.10,154,1.50,1.0578,225,544,0.012367,498,9,0.018072,487,231,47.43,2730.16,23270.87,-20540.71,1.13,12.63,2.13,185.95,236.56,250,8132.37,35462.00,510,1.0000,3.0000,0,200,0,600,0.000000,0.050000,487,0.00,225.00,0.00,225.00,0.00,0.00,0.00,0.00,0
NDX100,PERIOD_H1,15,0,15:00,60,BREAKOUT,2.00,0.10,486,1.00,1.0992,130,361,0.048523,524,35,0.066794,487,233,47.84,2673.14,23517.19,-20844.05,1.13,15.12,2.11,186.10,149.84,250,8132.37,35462.00,510,1.0000,3.0000,0,200,0,600,0.000000,0.050000,487,0.00,130.00,0.00,130.00,0.00,0.00,0.00,0.00,0
NDX100,PERIOD_H1,15,0,15:00,60,BREAKOUT,2.00,0.10,151,2.50,1.1053,383,1454,0.096185,533,49,0.091932,482,229,47.51,1423.63,20755.45,-19331.82,1.07,18.29,1.23,185.91,404.07,250,8132.37,35462.00,510,1.0000,3.0000,0,200,0,600,0.000000,0.050000,482,0.00,383.00,0.00,383.00,0.00,0.00,0.00,0.00,0
NDX100,PERIOD_H1,15,0,15:00,60,BREAKOUT,2.00,0.10,482,3.00,1.3936,203,757,0.003302,491,2,0.004073,487,232,47.64,2158.58,22348.29,-20189.71,1.11,12.72,1.73,185.75,281.71,250,8132.37,35462.00,510,1.0000,3.0000,0,200,0,600,0.000000,0.050000,487,0.00,203.00,0.00,203.00,0.00,0.00,0.00,0.00,0
NDX100,PERIOD_H1,15,0,15:00,60,BREAKOUT,2.00,0.10,152,2.00,1.0815,38,617,0.069619,527,38,0.072106,487,234,48.05,3014.82,23719.07,-20704.25,1.15,13.39,2.34,185.76,54.30,250,8132.37,35462.00,510,1.0000,3.0000,0,200,0,600,0.000000,0.050000,487,0.00,38.00,0.00,38.00,0.00,0.00,0.00,0.00,0
NDX100,PERIOD_H1,15,0,15:00,60,BREAKOUT,2.00,0.10,319,2.50,1.2142,436,837,0.033332,504,19,0.037698,484,231,47.73,1987.15,21644.61,-19657.46,1.10,14.00,1.65,186.05,478.85,250,8132.37,35462.00,510,1.0000,3.0000,0,200,0,600,0.000000,0.050000,484,0.00,436.00,0.00,436.00,0.00,0.00,0.00,0.00,0
NDX100,PERIOD_H1,15,0,15:00,60,BREAKOUT,2.00,0.10,317,3.00,1.2620,130,841,0.086462,533,47,0.088180,484,234,48.35,2390.03,22205.35,-19815.32,1.12,13.42,1.94,185.55,182.39,250,8132.37,35462.00,510,1.0000,3.0000,0,200,0,600,0.000000,0.050000,484,0.00,130.00,0.00,130.00,0.00,0.00,0.00,0.00,0
NDX100,PERIOD_H1,15,0,15:00,60,BREAKOUT,2.00,0.10,486,2.00,1.2480,260,722,0.097046,559,77,0.137746,480,227,47.29,1578.00,20998.61,-19420.61,1.08,15.06,1.36,186.33,309.59,250,8132.37,35462.00,510,1.0000,3.0000,0,200,0,600,0.000000,0.050000,480,0.00,260.00,0.00,260.00,0.00,0.00,0.00,0.00,0
NDX100,PERIOD_H1,15,0,15:00,60,BREAKOUT,2.00,0.10,153,3.00,1.1314,253,107,0.043056,509,21,0.041257,486,232,47.74,1051.96,20676.62,-19624.66,1.05,15.12,0.89,185.72,279.27,250,8132.37,35462.00,510,1.0000,3.0000,0,200,0,600,0.000000,0.050000,486,0.00,253.00,0.00,253.00,0.00,0.00,0.00,0.00,0
NDX100,PERIOD_H1,15,0,15:00,60,BREAKOUT,2.00,0.10,158,1.00,1.0338,12,471,0.005115,491,1,0.002037,488,232,47.54,2989.01,24247.68,-21258.67,1.14,13.38,2.28,185.83,18.76,250,8132.37,35462.00,510,1.0000,3.0000,0,200,0,600,0.000000,0.050000,488,0.00,12.00,0.00,12.00,0.00,0.00,0.00,0.00,0
NDX100,PERIOD_H1,15,0,15:00,60,BREAKOUT,2.00,0.10,481,2.50,1.3192,5,1313,0.029868,500,11,0.022000,487,230,47.23,2952.56,24075.91,-21123.35,1.14,12.80,2.28,186.14,68.84,250,8132.37,35462.00,510,1.0000,3.0000,0,200,0,600,0.000000,0.050000,487,0.00,5.00,0.00,5.00,0.00,0.00,0.00,0.00,0
NDX100,PERIOD_H1,15,0,15:00,60,BREAKOUT,2.00,0.10,484,1.50,1.1729,299,460,0.037629,514,28,0.054475,484,228,47.11,2260.32,22326.59,-20066.27,1.11,15.27,1.83,186.10,333.59,250,8132.37,35462.00,510,1.0000,3.0000,0,200,0,600,0.000000,0.050000,484,0.00,299.00,0.00,299.00,0.00,0.00,0.00,0.00,0
NDX100,PERIOD_H1,15,0,15:00,60,BREAKOUT,2.00,0.10,323,1.00,1.0667,37,443,0.013536,494,5,0.010121,487,231,47.43,2693.54,23780.75,-21087.21,1.13,13.22,2.09,185.77,50.34,250,8132.37,35462.00,510,1.0000,3.0000,0,200,0,600,0.000000,0.050000,487,0.00,37.00,0.00,37.00,0.00,0.00,0.00,0.00,0
NDX100,PERIOD_H1,15,0,15:00,60,BREAKOUT,2.00,0.10,319,2.00,1.1648,349,669,0.033332,506,20,0.039526,484,232,47.93,2385.30,22346.41,-19961.11,1.12,14.00,1.92,186.10,381.96,250,8132.37,35462.00,510,1.0000,3.0000,0,200,0,600,0.000000,0.050000,484,0.00,349.00,0.00,349.00,0.00,0.00,0.00,0.00,0
NDX100,PERIOD_H1,15,0,15:00,60,BREAKOUT,2.00,0.10,320,1.50,1.1157,60,93,0.005074,492,2,0.004065,488,234,47.95,2753.61,24252.03,-21498.42,1.13,15.85,2.13,185.77,83.14,250,8132.37,35462.00,510,1.0000,3.0000,0,200,0,600,0.000000,0.050000,488,0.00,60.00,0.00,60.00,0.00,0.00,0.00,0.00,0
NDX100,PERIOD_H1,15,0,15:00,60,BREAKOUT,2.00,0.10,155,1.50,1.0581,23,135,0.067444,522,36,0.068966,484,233,48.14,2289.03,22894.98,-20605.95,1.11,16.80,1.86,186.24,34.62,250,8132.37,35462.00,510,1.0000,3.0000,0,200,0,600,0.000000,0.050000,484,0.00,23.00,0.00,23.00,0.00,0.00,0.00,0.00,0
NDX100,PERIOD_H1,15,0,15:00,60,BREAKOUT,2.00,0.10,487,1.00,1.0994,196,88,0.035240,509,20,0.039293,487,235,48.25,2910.20,23693.98,-20783.78,1.14,12.89,2.25,185.83,215.87,250,8132.37,35462.00,510,1.0000,3.0000,0,200,0,600,0.000000,0.050000,487,0.00,196.00,0.00,196.00,0.00,0.00,0.00,0.00,0
NDX100,PERIOD_H1,15,0,15:00,60,BREAKOUT,2.00,0.10,152,2.50,1.1059,47,771,0.069619,527,38,0.072106,487,234,48.05,3034.67,23896.81,-20862.14,1.15,13.87,2.35,185.57,68.19,250,8132.37,35462.00,510,1.0000,3.0000,0,200,0,600,0.000000,0.050000,487,0.00,47.00,0.00,47.00,0.00,0.00,0.00,0.00,0
NDX100,PERIOD_H1,15,0,15:00,60,BREAKOUT,2.00,0.10,483,3.00,1.3943,400,1739,0.076739,526,44,0.083650,481,225,46.78,992.00,20061.56,-19069.56,1.05,17.69,0.89,186.35,478.86,250,8132.37,35462.00,510,1.0000,3.0000,0,200,0,600,0.000000,0.050000,481,0.00,400.00,0.00,400.00,0.00,0.00,0.00,0.00,0
NDX100,PERIOD_H1,15,0,15:00,60,BREAKOUT,2.00,0.10,153,2.00,1.0821,169,71,0.043056,511,22,0.043053,488,231,47.34,1352.52,21158.51,-19805.99,1.07,14.40,1.13,185.57,185.42,250,8132.37,35462.00,510,1.0000,3.0000,0,200,0,600,0.000000,0.050000,488,0.00,169.00,0.00,169.00,0.00,0.00,0.00,0.00,0
NDX100,PERIOD_H1,15,0,15:00,60,BREAKOUT,2.00,0.10,320,2.50,1.2148,100,154,0.006766,493,3,0.006085,488,234,47.95,2824.81,24083.77,-21258.96,1.13,15.17,2.18,186.35,142.97,250,8132.37,35462.00,510,1.0000,3.0000,0,200,0,600,0.000000,0.050000,488,0.00,100.00,0.00,100.00,0.00,0.00,0.00,0.00,0
NDX100,PERIOD_H1,15,0,15:00,60,BREAKOUT,2.00,0.10,318,3.00,1.2629,327,23,0.059896,516,29,0.056202,486,231,47.53,2370.04,22525.55,-20155.51,1.12,15.05,1.90,185.82,379.59,250,8132.37,35462.00,510,1.0000,3.0000,0,200,0,600,0.000000,0.050000,486,0.00,327.00,0.00,327.00,0.00,0.00,0.00,0.00,0
NDX100,PERIOD_H1,15,0,15:00,60,BREAKOUT,2.00,0.10,487,2.00,1.2484,392,176,0.070479,523,36,0.068834,485,233,48.04,2315.47,21950.83,-19635.36,1.12,16.03,1.88,186.46,441.68,250,8132.37,35462.00,510,1.0000,3.0000,0,200,0,600,0.000000,0.050000,485,0.00,392.00,0.00,392.00,0.00,0.00,0.00,0.00,0
NDX100,PERIOD_H1,15,0,15:00,60,BREAKOUT,2.00,0.10,154,3.00,1.1321,450,1088,0.016489,497,10,0.020121,486,228,46.91,1537.32,21081.43,-19544.11,1.08,14.89,1.29,185.99,476.42,250,8132.37,35462.00,510,1.0000,3.0000,0,200,0,600,0.000000,0.050000,486,0.00,450.00,0.00,450.00,0.00,0.00,0.00,0.00,0
NDX100,PERIOD_H1,15,0,15:00,60,BREAKOUT,2.00,0.10,482,2.50,1.3198,169,631,0.003302,492,2,0.004065,488,231,47.34,2202.10,22412.76,-20210.66,1.11,12.29,1.76,185.88,232.95,250,8132.37,35462.00,510,1.0000,3.0000,0,200,0,600,0.000000,0.050000,488,0.00,169.00,0.00,169.00,0.00,0.00,0.00,0.00,0
NDX100,PERIOD_H1,15,0,15:00,60,BREAKOUT,2.00,0.10,159,1.00,1.0340,78,198,0.041835,519,31,0.059730,486,232,47.74,2315.44,23021.77,-20706.33,1.11,15.97,1.85,186.54,84.80,250,8132.37,35462.00,510,1.0000,3.0000,0,200,0,600,0.000000,0.050000,486,0.00,78.00,0.00,78.00,0.00,0.00,0.00,0.00,0
NDX100,PERIOD_H1,15,0,15:00,60,BREAKOUT,2.00,0.10,485,1.50,1.1733,97,51,0.017707,496,6,0.012097,489,233,47.65,2686.52,23828.88,-21142.36,1.13,15.05,2.08,185.88,131.65,250,8132.37,35462.00,510,1.0000,3.0000,0,200,0,600,0.000000,0.050000,489,0.00,97.00,0.00,97.00,0.00,0.00,0.00,0.00,0
NDX100,PERIOD_H1,15,0,15:00,60,BREAKOUT,2.00,0.10,324,1.00,1.0669,103,170,0.000253,490,0,0.000000,488,235,48.16,2961.06,24207.46,-21246.40,1.14,15.75,2.27,186.46,116.38,250,8132.37,35462.00,510,1.0000,3.0000,0,200,0,600,0.000000,0.050000,488,0.00,103.00,0.00,103.00,0.00,0.00,0.00,0.00,0
NDX100,PERIOD_H1,15,0,15:00,60,BREAKOUT,2.00,0.10,320,2.00,1.1653,80,124,0.006766,493,3,0.006085,488,234,47.95,2606.46,24011.16,-21404.70,1.12,15.90,2.03,186.17,113.05,250,8132.37,35462.00,510,1.0000,3.0000,0,200,0,600,0.000000,0.050000,488,0.00,80.00,0.00,80.00,0.00,0.00,0.00,0.00,0
NDX100,PERIOD_H1,15,0,15:00,60,BREAKOUT,2.00,0.10,321,1.50,1.1160,159,583,0.060152,520,32,0.061538,486,227,46.71,1910.22,21528.68,-19618.46,1.10,11.49,1.58,185.75,182.20,250,8132.37,35462.00,510,1.0000,3.0000,0,200,0,600,0.000000,0.050000,486,0.00,159.00,0.00,159.00,0.00,0.00,0.00,0.00,0
NDX100,PERIOD_H1,15,0,15:00,60,BREAKOUT,2.00,0.10,156,1.50,1.0585,122,625,0.047522,504,15,0.029762,487,232,47.64,2851.29,23564.67,-20713.38,1.14,12.88,2.21,185.80,133.71,250,8132.37,35462.00,510,1.0000,3.0000,0,200,0,600,0.000000,0.050000,487,0.00,122.00,0.00,122.00,0.00,0.00,0.00,0.00,0
NDX100,PERIOD_H1,15,0,15:00,60,BREAKOUT,2.00,0.10,488,1.00,1.0996,61,415,0.021958,502,12,0.023904,488,231,47.34,3043.56,24201.10,-21157.54,1.14,13.57,2.34,185.65,80.92,250,8132.37,35462.00,510,1.0000,3.0000,0,200,0,600,0.000000,0.050000,488,0.00,61.00,0.00,61.00,0.00,0.00,0.00,0.00,0
NDX100,PERIOD_H1,15,0,15:00,60,BREAKOUT,2.00,0.10,153,2.50,1.1067,211,89,0.043056,509,21,0.041257,486,231,47.53,1212.87,21000.97,-19788.10,1.06,15.12,1.02,185.72,232.34,250,8132.37,35462.00,510,1.0000,3.0000,0,200,0,600,0.000000,0.050000,486,0.00,211.00,0.00,211.00,0.00,0.00,0.00,0.00,0
NDX100,PERIOD_H1,15,0,15:00,60,BREAKOUT,2.00,0.10,484,3.00,1.3953,597,920,0.050172,516,35,0.067829,481,228,47.40,1804.67,21472.02,-19667.35,1.09,15.42,1.53,186.45,676.06,250,8132.37,35462.00,510,1.0000,3.0000,0,200,0,600,0.000000,0.050000,481,0.00,597.00,0.00,597.00,0.00,0.00,0.00,0.00,0
NDX100,PERIOD_H1,15,0,15:00,60,BREAKOUT,2.00,0.10,154,2.00,1.0826,300,725,0.016489,498,10,0.020080,486,231,47.53,2253.03,22376.97,-20123.94,1.11,14.25,1.80,185.77,316.51,250,8132.37,35462.00,510,1.0000,3.0000,0,200,0,600,0.000000,0.050000,486,0.00,300.00,0.00,300.00,0.00,0.00,0.00,0.00,0
NDX100,PERIOD_H1,15,0,15:00,60,BREAKOUT,2.00,0.10,321,2.50,1.2154,264,972,0.080203,534,49,0.091760,483,228,47.20,1114.88,19668.36,-18553.48,1.06,13.89,0.97,186.16,307.09,250,8132.37,35462.00,510,1.0000,3.0000,0,200,0,600,0.000000,0.050000,483,0.00,264.00,0.00,264.00,0.00,0.00,0.00,0.00,0
NDX100,PERIOD_H1,15,0,15:00,60,BREAKOUT,2.00,0.10,488,2.00,1.2490,123,830,0.043916,517,27,0.052224,488,230,47.13,1809.89,22009.05,-20199.16,1.09,12.86,1.49,185.67,172.81,250,8132.37,35462.00,510,1.0000,3.0000,0,200,0,600,0.000000,0.050000,488,0.00,123.00,0.00,123.00,0.00,0.00,0.00,0.00,0
NDX100,PERIOD_H1,15,0,15:00,60,BREAKOUT,2.00,0.10,319,3.00,1.2637,523,1004,0.033332,501,19,0.037924,482,229,47.51,1293.70,20615.70,-19322.00,1.07,16.79,1.11,186.52,575.74,250,8132.37,35462.00,510,1.0000,3.0000,0,200,0,600,0.000000,0.050000,482,0.00,523.00,0.00,523.00,0.00,0.00,0.00,0.00,0
NDX100,PERIOD_H1,15,0,15:00,60,BREAKOUT,2.00,0.10,155,3.00,1.1328,47,269,0.089926,533,47,0.088180,484,233,48.14,2792.99,23073.13,-20280.14,1.14,17.10,2.21,186.59,73.56,250,8132.37,35462.00,510,1.0000,3.0000,0,200,0,600,0.000000,0.050000,484,0.00,47.00,0.00,47.00,0.00,0.00,0.00,0.00,0
NDX100,PERIOD_H1,15,0,15:00,60,BREAKOUT,2.00,0.10,160,1.00,1.0342,144,525,0.028552,507,17,0.033531,488,233,47.75,2841.21,23561.27,-20720.06,1.14,13.17,2.23,185.78,150.85,250,8132.37,35462.00,510,1.0000,3.0000,0,200,0,600,0.000000,0.050000,488,0.00,144.00,0.00,144.00,0.00,0.00,0.00,0.00,0
NDX100,PERIOD_H1,15,0,15:00,60,BREAKOUT,2.00,0.10,486,1.50,1.1736,195,541,0.072784,538,51,0.094796,485,230,47.42,2138.56,21988.26,-19849.70,1.11,12.33,1.76,186.11,229.71,250,8132.37,35462.00,510,1.0000,3.0000,0,200,0,600,0.000000,0.050000,485,0.00,195.00,0.00,195.00,0.00,0.00,0.00,0.00,0
NDX100,PERIOD_H1,15,0,15:00,60,BREAKOUT,2.00,0.10,321,2.00,1.1657,211,778,0.080203,535,49,0.091589,484,228,47.11,1407.71,20296.62,-18888.91,1.07,13.73,1.21,185.79,244.14,250,8132.37,35462.00,510,1.0000,3.0000,0,200,0,600,0.000000,0.050000,484,0.00,211.00,0.00,211.00,0.00,0.00,0.00,0.00,0
NDX100,PERIOD_H1,15,0,15:00,60,BREAKOUT,2.00,0.10,483,2.50,1.3204,333,1449,0.076739,527,45,0.085389,481,229,47.61,1563.10,20955.83,-19392.73,1.08,15.54,1.35,186.25,397.07,250,8132.37,35462.00,510,1.0000,3.0000,0,200,0,600,0.000000,0.050000,481,0.00,333.00,0.00,333.00,0.00,0.00,0.00,0.00,0
NDX100,PERIOD_H1,15,0,15:00,60,BREAKOUT,2.00,0.10,325,1.00,1.0671,168,497,0.036973,505,15,0.029703,488,231,47.34,2401.18,22666.31,-20265.13,1.12,12.17,1.91,185.67,181.42,250,8132.37,35462.00,510,1.0000,3.0000,0,200,0,600,0.000000,0.050000,488,0.00,168.00,0.00,168.00,0.00,0.00,0.00,0.00,0
NDX100,PERIOD_H1,15,0,15:00,60,BREAKOUT,2.00,0.10,322,1.50,1.1164,257,174,0.040229,506,18,0.035573,486,236,48.56,2378.21,22634.69,-20256.48,1.12,14.66,1.90,186.61,280.29,250,8132.37,35462.00,510,1.0000,3.0000,0,200,0,600,0.000000,0.050000,486,0.00,257.00,0.00,257.00,0.00,0.00,0.00,0.00,0
NDX100,PERIOD_H1,15,0,15:00,60,BREAKOUT,2.00,0.10,157,1.50,1.0589,220,216,0.027597,502,13,0.025896,487,235,48.25,2920.95,23685.11,-20764.16,1.14,15.30,2.25,186.27,231.77,250,8132.37,35462.00,510,1.0000,3.0000,0,200,0,600,0.000000,0.050000,487,0.00,220.00,0.00,220.00,0.00,0.00,0.00,0.00,0
NDX100,PERIOD_H1,15,0,15:00,60,BREAKOUT,2.00,0.10,489,1.00,1.0998,127,142,0.008675,491,1,0.002037,488,234,47.95,3016.13,24247.73,-21231.60,1.14,15.10,2.31,186.15,146.96,250,8132.37,35462.00,510,1.0000,3.0000,0,200,0,600,0.000000,0.050000,488,0.00,127.00,0.00,127.00,0.00,0.00,0.00,0.00,0
NDX100,PERIOD_H1,15,0,15:00,60,BREAKOUT,2.00,0.10,485,3.00,1.3960,194,101,0.023609,497,8,0.016097,487,233,47.84,2374.81,22908.67,-20533.86,1.12,14.85,1.87,186.09,273.20,250,8132.37,35462.00,510,1.0000,3.0000,0,200,0,600,0.000000,0.050000,487,0.00,194.00,0.00,194.00,0.00,0.00,0.00,0.00,0
NDX100,PERIOD_H1,15,0,15:00,60,BREAKOUT,2.00,0.10,154,2.50,1.1073,375,907,0.016489,498,10,0.020080,486,231,47.53,1961.90,21764.94,-19803.04,1.10,14.09,1.61,185.96,396.46,250,8132.37,35462.00,510,1.0000,3.0000,0,200,0,600,0.000000,0.050000,486,0.00,375.00,0.00,375.00,0.00,0.00,0.00,0.00,0
NDX100,PERIOD_H1,15,0,15:00,60,BREAKOUT,2.00,0.10,155,2.00,1.0830,31,180,0.089926,533,47,0.088180,484,234,48.35,2917.77,23278.80,-20361.03,1.14,16.94,2.30,186.67,47.60,250,8132.37,35462.00,510,1.0000,3.0000,0,200,0,600,0.000000,0.050000,484,0.00,31.00,0.00,31.00,0.00,0.00,0.00,0.00,0
NDX100,PERIOD_H1,15,0,15:00,60,BREAKOUT,2.00,0.10,322,2.50,1.2162,428,290,0.053639,512,26,0.050781,485,233,48.04,1728.01,21511.72,-19783.71,1.09,17.35,1.45,186.46,471.24,250,8132.37,35462.00,510,1.0000,3.0000,0,200,0,600,0.000000,0.050000,485,0.00,428.00,0.00,428.00,0.00,0.00,0.00,0.00,0
NDX100,PERIOD_H1,15,0,15:00,60,BREAKOUT,2.00,0.10,489,2.00,1.2495,254,284,0.017350,494,6,0.012146,486,234,48.15,2720.35,23200.88,-20480.53,1.13,14.62,2.12,186.41,303.90,250,8132.37,35462.00,510,1.0000,3.0000,0,200,0,600,0.000000,0.050000,486,0.00,254.00,0.00,254.00,0.00,0.00,0.00,0.00,0
NDX100,PERIOD_H1,15,0,15:00,60,BREAKOUT,2.00,0.10,320,3.00,1.2644,120,185,0.006766,493,3,0.006085,488,234,47.95,2643.95,23794.07,-21150.12,1.13,15.13,2.06,186.60,172.88,250,8132.37,35462.00,510,1.0000,3.0000,0,200,0,600,0.000000,0.050000,488,0.00,120.00,0.00,120.00,0.00,0.00,0.00,0.00,0
NDX100,PERIOD_H1,15,0,15:00,60,BREAKOUT,2.00,0.10,326,1.00,1.0673,34,224,0.023690,499,11,0.022044,486,234,48.15,3552.62,24758.22,-21205.60,1.17,16.26,2.65,186.18,47.46,250,8132.37,35462.00,510,1.0000,3.0000,0,200,0,600,0.000000,0.050000,486,0.00,34.00,0.00,34.00,0.00,0.00,0.00,0.00,0
NDX100,PERIOD_H1,15,0,15:00,60,BREAKOUT,2.00,0.10,161,1.00,1.0344,9,252,0.015268,496,7,0.014113,487,231,47.43,2460.84,23359.47,-20898.63,1.12,15.63,1.94,186.45,15.88,250,8132.37,35462.00,510,1.0000,3.0000,0,200,0,600,0.000000,0.050000,487,0.00,9.00,0.00,9.00,0.00,0.00,0.00,0.00,0
NDX100,PERIOD_H1,15,0,15:00,60,BREAKOUT,2.00,0.10,484,2.50,1.3212,498,767,0.050172,517,35,0.067698,482,226,46.89,1630.31,21124.16,-19493.85,1.08,15.33,1.39,186.23,562.23,250,8132.37,35462.00,510,1.0000,3.0000,0,200,0,600,0.000000,0.050000,482,0.00,498.00,0.00,498.00,0.00,0.00,0.00,0.00,0
NDX100,PERIOD_H1,15,0,15:00,60,BREAKOUT,2.00,0.10,322,2.00,1.1663,343,232,0.053639,514,27,0.052529,485,234,48.25,2163.84,22180.24,-20016.40,1.11,17.05,1.78,186.29,376.27,250,8132.37,35462.00,510,1.0000,3.0000,0,200,0,600,0.000000,0.050000,485,0.00,343.00,0.00,343.00,0.00,0.00,0.00,0.00,0
NDX100,PERIOD_H1,15,0,15:00,60,BREAKOUT,2.00,0.10,156,3.00,1.1338,244,1251,0.063363,508,20,0.039370,486,232,47.74,2576.73,22712.23,-20135.50,1.13,11.29,2.03,185.90,270.76,250,8132.37,35462.00,510,1.0000,3.0000,0,200,0,600,0.000000,0.050000,486,0.00,244.00,0.00,244.00,0.00,0.00,0.00,0.00,0
NDX100,PERIOD_H1,15,0,15:00,60,BREAKOUT,2.00,0.10,487,1.50,1.1739,294,132,0.052860,517,29,0.056093,486,236,48.56,2973.77,23127.57,-20153.80,1.15,15.23,2.29,186.20,328.78,250,8132.37,35462.00,510,1.0000,3.0000,0,200,0,600,0.000000,0.050000,486,0.00,294.00,0.00,294.00,0.00,0.00,0.00,0.00,0
NDX100,PERIOD_H1,15,0,15:00,60,BREAKOUT,2.00,0.10,323,1.50,1.1167,55,665,0.020305,497,8,0.016097,487,231,47.43,2357.61,23143.47,-20785.86,1.11,13.37,1.86,185.95,78.35,250,8132.37,35462.00,510,1.0000,3.0000,0,200,0,600,0.000000,0.050000,487,0.00,55.00,0.00,55.00,0.00,0.00,0.00,0.00,0
NDX100,PERIOD_H1,15,0,15:00,60,BREAKOUT,2.00,0.10,158,1.50,1.0592,19,707,0.007672,492,2,0.004065,488,232,47.54,2636.11,23822.80,-21186.69,1.12,13.23,2.04,185.75,30.84,250,8132.37,35462.00,510,1.0000,3.0000,0,200,0,600,0.000000,0.050000,488,0.00,19.00,0.00,19.00,0.00,0.00,0.00,0.00,0
NDX100,PERIOD_H1,15,0,15:00,60,BREAKOUT,2.00,0.10,155,2.50,1.1079,39,224,0.089926,533,47,0.088180,484,234,48.35,2894.49,23223.25,-20328.76,1.14,17.01,2.29,186.28,60.58,250,8132.37,35462.00,510,1.0000,3.0000,0,200,0,600,0.000000,0.050000,484,0.00,39.00,0.00,39.00,0.00,0.00,0.00,0.00,0
NDX100,PERIOD_H1,15,0,15:00,60,BREAKOUT,2.00,0.10,486,3.00,1.3967,391,1082,0.097046,553,72,0.130199,480,226,47.08,1348.92,20442.10,-19093.18,1.07,14.95,1.19,186.34,470.35,250,8132.37,35462.00,510,1.0000,3.0000,0,200,0,600,0.000000,0.050000,480,0.00,391.00,0.00,391.00,0.00,0.00,0.00,0.00,0
NDX100,PERIOD_H1,15,0,15:00,60,BREAKOUT,2.00,0.10,490,1.00,1.1000,193,469,0.045393,508,19,0.037402,487,229,47.02,2311.83,22347.83,-20036.00,1.12,11.10,1.84,185.70,213.00,250,8132.37,35462.00,510,1.0000,3.0000,0,200,0,600,0.000000,0.050000,487,0.00,193.00,0.00,193.00,0.00,0.00,0.00,0.00,0
NDX100,PERIOD_H1,15,0,15:00,60,BREAKOUT,2.00,0.10,156,2.00,1.0836,162,834,0.063363,509,20,0.039293,487,233,47.84,2968.39,23717.98,-20749.59,1.14,11.50,2.29,185.75,178.72,250,8132.37,35462.00,510,1.0000,3.0000,0,200,0,600,0.000000,0.050000,487,0.00,162.00,0.00,162.00,0.00,0.00,0.00,0.00,0
NDX100,PERIOD_H1,15,0,15:00,60,BREAKOUT,2.00,0.10,490,2.00,1.2499,385,938,0.090786,534,47,0.088015,485,230,47.42,1239.83,20430.50,-19190.67,1.06,14.12,1.08,185.97,434.99,250,8132.37,35462.00,510,1.0000,3.0000,0,200,0,600,0.000000,0.050000,485,0.00,385.00,0.00,385.00,0.00,0.00,0.00,0.00,0
NDX100,PERIOD_H1,15,0,15:00,60,BREAKOUT,2.00,0.10,327,1.00,1.0675,99,551,0.010407,498,10,0.020080,486,229,47.12,2614.21,23594.43,-20980.22,1.12,13.50,2.07,185.88,112.50,250,8132.37,35462.00,510,1.0000,3.0000,0,200,0,600,0.000000,0.050000,486,0.00,99.00,0.00,99.00,0.00,0.00,0.00,0.00,0
NDX100,PERIOD_H1,15,0,15:00,60,BREAKOUT,2.00,0.10,323,2.50,1.2168,92,1108,0.027073,501,12,0.023952,487,229,47.02,1982.53,22105.14,-20122.61,1.10,12.59,1.60,185.72,135.36,250,8132.37,35462.00,510,1.0000,3.0000,0,200,0,600,0.000000,0.050000,487,0.00,92.00,0.00,92.00,0.00,0.00,0.00,0.00,0
NDX100,PERIOD_H1,15,0,15:00,60,BREAKOUT,2.00,0.10,321,3.00,1.2651,317,1167,0.080203,534,49,0.091760,483,226,46.79,1048.26,19518.34,-18470.08,1.06,13.90,0.92,186.00,370.03,250,8132.37,35462.00,510,1.0000,3.0000,0,200,0,600,0.000000,0.050000,483,0.00,317.00,0.00,317.00,0.00,0.00,0.00,0.00,0
NDX100,PERIOD_H1,15,0,15:00,60,BREAKOUT,2.00,0.10,485,2.50,1.3218,162,84,0.023609,499,9,0.018036,488,232,47.54,2523.05,23116.47,-20593.42,1.12,13.80,1.98,185.80,226.35,250,8132.37,35462.00,510,1.0000,3.0000,0,200,0,600,0.000000,0.050000,488,0.00,162.00,0.00,162.00,0.00,0.00,0.00,0.00,0
NDX100,PERIOD_H1,15,0,15:00,60,BREAKOUT,2.00,0.10,162,1.00,1.0346,75,580,0.001985,493,3,0.006085,488,232,47.54,2938.95,24152.99,-21214.04,1.14,13.57,2.27,185.76,81.92,250,8132.37,35462.00,510,1.0000,3.0000,0,200,0,600,0.000000,0.050000,488,0.00,75.00,0.00,75.00,0.00,0.00,0.00,0.00,0
NDX100,PERIOD_H1,15,0,15:00,60,BREAKOUT,2.00,0.10,323,2.00,1.1668,74,886,0.027073,501,12,0.023952,487,230,47.23,1939.76,22140.19,-20200.43,1.10,13.31,1.57,185.94,107.36,250,8132.37,35462.00,510,1.0000,3.0000,0,200,0,600,0.000000,0.050000,487,0.00,74.00,0.00,74.00,0.00,0.00,0.00,0.00,0
NDX100,PERIOD_H1,15,0,15:00,60,BREAKOUT,2.00,0.10,157,3.00,1.1345,440,432,0.036796,503,16,0.031809,486,232,47.74,2755.03,22859.31,-20104.28,1.14,15.10,2.18,185.95,466.91,250,8132.37,35462.00,510,1.0000,3.0000,0,200,0,600,0.000000,0.050000,486,0.00,440.00,0.00,440.00,0.00,0.00,0.00,0.00,0
NDX100,PERIOD_H1,15,0,15:00,60,BREAKOUT,2.00,0.10,324,1.50,1.1171,154,255,0.000380,490,0,0.000000,488,234,47.95,2920.08,24026.46,-21106.38,1.14,15.01,2.24,186.39,177.41,250,8132.37,35462.00,510,1.0000,3.0000,0,200,0,600,0.000000,0.050000,488,0.00,154.00,0.00,154.00,0.00,0.00,0.00,0.00,0
NDX100,PERIOD_H1,15,0,15:00,60,BREAKOUT,2.00,0.10,488,1.50,1.1743,92,623,0.032937,511,21,0.041096,488,230,47.13,2244.23,22626.61,-20382.38,1.11,12.94,1.80,186.04,126.86,250,8132.37,35462.00,510,1.0000,3.0000,0,200,0,600,0.000000,0.050000,488,0.00,92.00,0.00,92.00,0.00,0.00,0.00,0.00,0
NDX100,PERIOD_H1,15,0,15:00,60,BREAKOUT,2.00,0.10,159,1.50,1.0595,117,297,0.062752,526,40,0.076046,485,233,48.04,2363.16,22841.92,-20478.76,1.12,16.20,1.89,186.51,128.90,250,8132.37,35462.00,510,1.0000,3.0000,0,200,0,600,0.000000,0.050000,485,0.00,117.00,0.00,117.00,0.00,0.00,0.00,0.00,0
NDX100,PERIOD_H1,15,0,15:00,60,BREAKOUT,2.00,0.10,156,2.50,1.1087,203,1042,0.063363,509,20,0.039293,487,231,47.43,2708.30,22923.52,-20215.22,1.13,10.94,2.13,185.53,224.74,250,8132.37,35462.00,510,1.0000,3.0000,0,200,0,600,0.000000,0.050000,487,0.00,203.00,0.00,203.00,0.00,0.00,0.00,0.00,0
NDX100,PERIOD_H1,15,0,15:00,60,BREAKOUT,2.00,0.10,487,3.00,1.3975,587,264,0.070479,518,36,0.069498,482,230,47.72,1602.89,20924.98,-19322.09,1.08,16.18,1.36,186.74,666.49,250,8132.37,35462.00,510,1.0000,3.0000,0,200,0,600,0.000000,0.050000,482,0.00,587.00,0.00,587.00,0.00,0.00,0.00,0.00,0
NDX100,PERIOD_H1,15,0,15:00,60,BREAKOUT,2.00,0.10,491,1.00,1.1002,58,196,0.032112,503,14,0.027833,487,233,47.84,2254.15,22955.25,-20701.10,1.11,15.26,1.80,186.53,78.04,250,8132.37,35462.00,510,1.0000,3.0000,0,200,0,600,0.000000,0.050000,487,0.00,58.00,0.00,58.00,0.00,0.00,0.00,0.00,0
NDX100,PERIOD_H1,15,0,15:00,60,BREAKOUT,2.00,0.10,157,2.00,1.0841,294,288,0.036796,505,17,0.033663,486,235,48.35,2917.96,23332.23,-20414.27,1.14,16.62,2.25,186.36,310.82,250,8132.37,35462.00,510,1.0000,3.0000,0,200,0,600,0.000000,0.050000,486,0.00,294.00,0.00,294.00,0.00,0.00,0.00,0.00,0
NDX100,PERIOD_H1,15,0,15:00,60,BREAKOUT,2.00,0.10,491,2.00,1.2506,116,393,0.064223,520,31,0.059615,487,228,46.82,2232.49,22449.43,-20216.94,1.11,12.36,1.80,185.89,166.11,250,8132.37,35462.00,510,1.0000,3.0000,0,200,0,600,0.000000,0.050000,487,0.00,116.00,0.00,116.00,0.00,0.00,0.00,0.00,0
NDX100,PERIOD_H1,15,0,15:00,60,BREAKOUT,2.00,0.10,324,2.50,1.2174,256,425,0.000507,488,0,0.000000,486,232,47.74,2736.07,23169.39,-20433.32,1.13,12.44,2.14,185.89,299.48,250,8132.37,35462.00,510,1.0000,3.0000,0,200,0,600,0.000000,0.050000,486,0.00,256.00,0.00,256.00,0.00,0.00,0.00,0.00,0
NDX100,PERIOD_H1,15,0,15:00,60,BREAKOUT,2.00,0.10,328,1.00,1.0677,165,279,0.047127,516,27,0.052326,487,236,48.46,2795.06,22666.97,-19871.91,1.14,13.49,2.18,186.29,178.54,250,8132.37,35462.00,510,1.0000,3.0000,0,200,0,600,0.000000,0.050000,487,0.00,165.00,0.00,165.00,0.00,0.00,0.00,0.00,0
NDX100,PERIOD_H1,15,0,15:00,60,BREAKOUT,2.00,0.10,322,3.00,1.2661,514,348,0.053639,511,28,0.054795,483,231,47.83,1288.88,20837.09,-19548.21,1.07,18.01,1.12,186.40,567.22,250,8132.37,35462.00,510,1.0000,3.0000,0,200,0,600,0.000000,0.050000,483,0.00,514.00,0.00,514.00,0.00,0.00,0.00,0.00,0
NDX100,PERIOD_H1,15,0,15:00,60,BREAKOUT,2.00,0.10,486,2.50,1.3224,326,902,0.097046,557,75,0.134650,480,226,47.08,1237.97,20396.99,-19159.02,1.06,15.80,1.10,186.53,390.47,250,8132.37,35462.00,510,1.0000,3.0000,0,200,0,600,0.000000,0.050000,480,0.00,326.00,0.00,326.00,0.00,0.00,0.00,0.00,0
NDX100,PERIOD_H1,15,0,15:00,60,BREAKOUT,2.00,0.10,163,1.00,1.0348,140,307,0.038705,502,17,0.033865,483,232,48.03,2832.08,23449.64,-20617.56,1.14,15.34,2.21,186.47,146.96,250,8132.37,35462.00,510,1.0000,3.0000,0,200,0,600,0.000000,0.050000,483,0.00,140.00,0.00,140.00,0.00,0.00,0.00,0.00,0
NDX100,PERIOD_H1,15,0,15:00,60,BREAKOUT,2.00,0.10,324,2.00,1.1672,205,340,0.000507,489,0,0.000000,487,232,47.64,2460.24,22977.95,-20517.71,1.12,14.69,1.93,186.18,238.45,250,8132.37,35462.00,510,1.0000,3.0000,0,200,0,600,0.000000,0.050000,487,0.00,205.00,0.00,205.00,0.00,0.00,0.00,0.00,0
NDX100,PERIOD_H1,15,0,15:00,60,BREAKOUT,2.00,0.10,158,3.00,1.1353,37,1413,0.010230,493,3,0.006085,488,231,47.34,2548.85,23665.69,-21116.84,1.12,13.82,2.00,186.07,64.05,250,8132.37,35462.00,510,1.0000,3.0000,0,200,0,600,0.000000,0.050000,488,0.00,37.00,0.00,37.00,0.00,0.00,0.00,0.00,0
NDX100,PERIOD_H1,15,0,15:00,60,BREAKOUT,2.00,0.10,489,1.50,1.1746,191,213,0.013012,495,5,0.010101,488,234,47.95,2933.96,23657.44,-20723.48,1.14,13.71,2.26,186.22,225.93,250,8132.37,35462.00,510,1.0000,3.0000,0,200,0,600,0.000000,0.050000,488,0.00,191.00,0.00,191.00,0.00,0.00,0.00,0.00,0
NDX100,PERIOD_H1,15,0,15:00,60,BREAKOUT,2.00,0.10,325,1.50,1.1174,252,746,0.055460,514,26,0.050584,486,234,48.15,2126.20,22072.99,-19946.79,1.11,14.58,1.73,185.72,275.48,250,8132.37,35462.00,510,1.0000,3.0000,0,200,0,600,0.000000,0.050000,486,0.00,252.00,0.00,252.00,0.00,0.00,0.00,0.00,0
NDX100,PERIOD_H1,15,0,15:00,60,BREAKOUT,2.00,0.10,157,2.50,1.1093,367,360,0.036796,506,18,0.035573,486,234,48.15,2907.16,23343.57,-20436.41,1.14,17.57,2.26,186.15,388.86,250,8132.37,35462.00,510,1.0000,3.0000,0,200,0,600,0.000000,0.050000,486,0.00,367.00,0.00,367.00,0.00,0.00,0.00,0.00,0
NDX100,PERIOD_H1,15,0,15:00,60,BREAKOUT,2.00,0.10,160,1.50,1.0599,215,788,0.042827,513,23,0.044834,488,230,47.13,2096.98,22275.16,-20178.18,1.10,12.16,1.71,185.90,226.98,250,8132.37,35462.00,510,1.0000,3.0000,0,200,0,600,0.000000,0.050000,488,0.00,215.00,0.00,215.00,0.00,0.00,0.00,0.00,0
NDX100,PERIOD_H1,15,0,15:00,60,BREAKOUT,2.00,0.10,488,3.00,1.3984,184,1245,0.043916,516,27,0.052326,487,229,47.02,1455.54,21079.19,-19623.65,1.07,13.12,1.23,185.94,263.69,250,8132.37,35462.00,510,1.0000,3.0000,0,200,0,600,0.000000,0.050000,487,0.00,184.00,0.00,184.00,0.00,0.00,0.00,0.00,0
NDX100,PERIOD_H1,15,0,15:00,60,BREAKOUT,2.00,0.10,492,1.00,1.1004,124,523,0.018828,499,9,0.018036,488,229,46.93,2602.16,23344.10,-20741.94,1.13,12.61,2.05,185.76,144.08,250,8132.37,35462.00,510,1.0000,3.0000,0,200,0,600,0.000000,0.050000,488,0.00,124.00,0.00,124.00,0.00,0.00,0.00,0.00,0
NDX100,PERIOD_H1,15,0,15:00,60,BREAKOUT,2.00,0.10,491,3.00,1.4009,175,589,0.064223,518,30,0.057915,486,227,46.71,1649.75,21246.83,-19597.08,1.08,13.64,1.38,185.98,255.18,250,8132.37,35462.00,510,1.0000,3.0000,0,200,0,600,0.000000,0.050000,486,0.00,175.00,0.00,175.00,0.00,0.00,0.00,0.00,0
NDX100,PERIOD_H1,15,0,15:00,60,BREAKOUT,2.00,0.10,158,2.00,1.0845,25,942,0.010230,493,3,0.006085,488,232,47.54,2509.22,23635.63,-21126.41,1.12,13.61,1.96,186.03,41.91,250,8132.37,35462.00,510,1.0000,3.0000,0,200,0,600,0.000000,0.050000,488,0.00,25.00,0.00,25.00,0.00,0.00,0.00,0.00,0
NDX100,PERIOD_H1,15,0,15:00,60,BREAKOUT,2.00,0.10,492,2.00,1.2510,248,1047,0.037657,504,16,0.031746,486,227,46.71,1526.48,21325.62,-19799.14,1.08,15.66,1.28,185.90,298.20,250,8132.37,35462.00,510,1.0000,3.0000,0,200,0,600,0.000000,0.050000,486,0.00,248.00,0.00,248.00,0.00,0.00,0.00,0.00,0
NDX100,PERIOD_H1,15,0,15:00,60,BREAKOUT,2.00,0.10,164,1.00,1.0350,6,34,0.025422,503,12,0.023857,490,232,47.35,2657.31,24050.28,-21392.97,1.12,15.82,2.05,185.76,13.01,250,8132.37,35462.00,510,1.0000,3.0000,0,200,0,600,0.000000,0.050000,490,0.00,6.00,0.00,6.00,0.00,0.00,0.00,0.00,0
NDX100,PERIOD_H1,15,0,15:00,60,BREAKOUT,2.00,0.10,323,3.00,1.2669,111,1329,0.027073,501,12,0.023952,487,229,47.02,2007.36,22216.08,-20208.72,1.10,12.62,1.62,185.94,164.37,250,8132.37,35462.00,510,1.0000,3.0000,0,200,0,600,0.000000,0.050000,487,0.00,111.00,0.00,111.00,0.00,0.00,0.00,0.00,0
NDX100,PERIOD_H1,15,0,15:00,60,BREAKOUT,2.00,0.10,325,2.00,1.1677,336,995,0.073946,518,31,0.059846,485,231,47.63,1651.19,21299.75,-19648.56,1.08,16.42,1.39,186.28,369.54,250,8132.37,35462.00,510,1.0000,3.0000,0,200,0,600,0.000000,0.050000,485,0.00,336.00,0.00,336.00,0.00,0.00,0.00,0.00,0
NDX100,PERIOD_H1,15,0,15:00,60,BREAKOUT,2.00,0.10,325,2.50,1.2180,420,1243,0.073946,517,31,0.059961,485,231,47.63,1552.83,20956.23,-19403.40,1.08,14.90,1.32,186.09,463.60,250,8132.37,35462.00,510,1.0000,3.0000,0,200,0,600,0.000000,0.050000,485,0.00,420.00,0.00,420.00,0.00,0.00,0.00,0.00,0
NDX100,PERIOD_H1,15,0,15:00,60,BREAKOUT,2.00,0.10,329,1.00,1.0679,31,6,0.033844,502,13,0.025896,488,232,47.54,2266.65,23238.06,-20971.41,1.11,15.34,1.80,185.95,44.57,250,8132.37,35462.00,510,1.0000,3.0000,0,200,0,600,0.000000,0.050000,488,0.00,31.00,0.00,31.00,0.00,0.00,0.00,0.00,0
NDX100,PERIOD_H1,15,0,15:00,60,BREAKOUT,2.00,0.10,487,2.50,1.3229,490,220,0.070479,520,36,0.069231,484,233,48.14,1981.28,21487.66,-19506.38,1.10,16.33,1.64,186.42,554.59,250,8132.37,35462.00,510,1.0000,3.0000,0,200,0,600,0.000000,0.050000,484,0.00,490.00,0.00,490.00,0.00,0.00,0.00,0.00,0
NDX100,PERIOD_H1,15,0,15:00,60,BREAKOUT,2.00,0.10,490,1.50,1.1750,289,704,0.068090,523,36,0.068834,485,230,47.42,1670.16,20986.29,-19316.13,1.09,13.86,1.40,185.79,323.99,250,8132.37,35462.00,510,1.0000,3.0000,0,200,0,600,0.000000,0.050000,485,0.00,289.00,0.00,289.00,0.00,0.00,0.00,0.00,0
NDX100,PERIOD_H1,15,0,15:00,60,BREAKOUT,2.00,0.10,326,1.50,1.1178,51,337,0.035535,506,18,0.035573,486,231,47.53,2959.50,23768.41,-20808.91,1.14,16.00,2.26,186.21,74.56,250,8132.37,35462.00,510,1.0000,3.0000,0,200,0,600,0.000000,0.050000,486,0.00,51.00,0.00,51.00,0.00,0.00,0.00,0.00,0
NDX100,PERIOD_H1,15,0,15:00,60,BREAKOUT,2.00,0.10,158,2.50,1.1099,31,1178,0.010230,493,3,0.006085,488,231,47.34,2551.59,23621.87,-21070.28,1.12,13.48,2.00,186.17,52.98,250,8132.37,35462.00,510,1.0000,3.0000,0,200,0,600,0.000000,0.050000,488,0.00,31.00,0.00,31.00,0.00,0.00,0.00,0.00,0
NDX100,PERIOD_H1,15,0,15:00,60,BREAKOUT,2.00,0.10,161,1.50,1.0602,14,379,0.022903,497,8,0.016097,487,230,47.23,2327.53,23252.31,-20924.78,1.11,15.57,1.84,186.18,26.05,250,8132.37,35462.00,510,1.0000,3.0000,0,200,0,600,0.000000,0.050000,487,0.00,14.00,0.00,14.00,0.00,0.00,0.00,0.00,0
NDX100,PERIOD_H1,15,0,15:00,60,BREAKOUT,2.00,0.10,489,3.00,1.3992,381,426,0.017350,493,6,0.012170,486,229,47.12,1980.97,21979.61,-19998.64,1.10,14.68,1.63,186.02,460.84,250,8132.37,35462.00,510,1.0000,3.0000,0,200,0,600,0.000000,0.050000,486,0.00,381.00,0.00,381.00,0.00,0.00,0.00,0.00,0
NDX100,PERIOD_H1,15,0,15:00,60,BREAKOUT,2.00,0.10,493,1.00,1.1006,189,251,0.005545,492,2,0.004065,488,232,47.54,2576.42,22993.55,-20417.13,1.13,14.26,2.01,186.35,209.12,250,8132.37,35462.00,510,1.0000,3.0000,0,200,0,600,0.000000,0.050000,488,0.00,189.00,0.00,189.00,0.00,0.00,0.00,0.00,0
NDX100,PERIOD_H1,15,0,15:00,60,BREAKOUT,2.00,0.10,492,3.00,1.4016,371,1570,0.037657,504,17,0.033730,485,222,45.77,1051.42,20334.18,-19282.76,1.05,17.36,0.91,185.93,451.32,250,8132.37,35462.00,510,1.0000,3.0000,0,200,0,600,0.000000,0.050000,485,0.00,371.00,0.00,371.00,0.00,0.00,0.00,0.00,0
NDX100,PERIOD_H1,15,0,15:00,60,BREAKOUT,2.00,0.10,159,2.00,1.0850,156,396,0.083670,537,51,0.094972,485,229,47.22,2104.37,22233.71,-20129.34,1.10,12.72,1.72,185.88,173.00,250,8132.37,35462.00,510,1.0000,3.0000,0,200,0,600,0.000000,0.050000,485,0.00,156.00,0.00,156.00,0.00,0.00,0.00,0.00,0
NDX100,PERIOD_H1,15,0,15:00,60,BREAKOUT,2.00,0.10,165,1.00,1.0352,72,361,0.012139,493,3,0.006085,488,234,47.95,3117.71,24523.61,-21405.90,1.15,15.98,2.36,186.11,79.04,250,8132.37,35462.00,510,1.0000,3.0000,0,200,0,600,0.000000,0.050000,488,0.00,72.00,0.00,72.00,0.00,0.00,0.00,0.00,0
NDX100,PERIOD_H1,15,0,15:00,60,BREAKOUT,2.00,0.10,493,2.00,1.2515,379,501,0.011090,492,4,0.008130,486,228,46.91,1400.97,20794.86,-19393.89,1.07,14.89,1.18,185.76,429.29,250,8132.37,35462.00,510,1.0000,3.0000,0,200,0,600,0.000000,0.050000,486,0.00,379.00,0.00,379.00,0.00,0.00,0.00,0.00,0
NDX100,PERIOD_H1,15,0,15:00,60,BREAKOUT,2.00,0.10,324,3.00,1.2676,308,510,0.000507,488,0,0.000000,486,230,47.33,1930.33,21844.73,-19914.40,1.10,14.81,1.58,185.89,361.52,250,8132.37,35462.00,510,1.0000,3.0000,0,200,0,600,0.000000,0.050000,486,0.00,308.00,0.00,308.00,0.00,0.00,0.00,0.00,0
NDX100,PERIOD_H1,15,0,15:00,60,BREAKOUT,2.00,0.10,326,2.00,1.1683,67,449,0.047380,516,28,0.054264,486,231,47.53,3109.91,23866.47,-20756.56,1.15,14.01,2.39,185.61,100.66,250,8132.37,35462.00,510,1.0000,3.0000,0,200,0,600,0.000000,0.050000,486,0.00,67.00,0.00,67.00,0.00,0.00,0.00,0.00,0
NDX100,PERIOD_H1,15,0,15:00,60,BREAKOUT,2.00,0.10,326,2.50,1.2188,84,561,0.047380,517,29,0.056093,486,231,47.53,3138.01,23528.68,-20390.67,1.15,13.24,2.41,185.59,127.76,250,8132.37,35462.00,510,1.0000,3.0000,0,200,0,600,0.000000,0.050000,486,0.00,84.00,0.00,84.00,0.00,0.00,0.00,0.00,0
NDX100,PERIOD_H1,15,0,15:00,60,BREAKOUT,2.00,0.10,330,1.00,1.0681,96,333,0.020560,498,8,0.016064,488,233,47.75,2938.56,24329.00,-21390.44,1.14,14.62,2.26,186.27,109.62,250,8132.37,35462.00,510,1.0000,3.0000,0,200,0,600,0.000000,0.050000,488,0.00,96.00,0.00,96.00,0.00,0.00,0.00,0.00,0
NDX100,PERIOD_H1,15,0,15:00,60,BREAKOUT,2.00,0.10,488,2.50,1.3237,154,1038,0.043916,517,27,0.052224,488,228,46.72,1659.32,21478.01,-19818.69,1.08,12.43,1.37,185.64,218.75,250,8132.37,35462.00,510,1.0000,3.0000,0,200,0,600,0.000000,0.050000,488,0.00,154.00,0.00,154.00,0.00,0.00,0.00,0.00,0
NDX100,PERIOD_H1,15,0,15:00,60,BREAKOUT,2.00,0.10,491,1.50,1.1754,87,294,0.048167,512,23,0.044922,487,232,47.64,2209.74,22426.87,-20217.13,1.11,14.72,1.76,186.45,122.08,250,8132.37,35462.00,510,1.0000,3.0000,0,200,0,600,0.000000,0.050000,487,0.00,87.00,0.00,87.00,0.00,0.00,0.00,0.00,0
NDX100,PERIOD_H1,15,0,15:00,60,BREAKOUT,2.00,0.10,327,1.50,1.1181,149,827,0.015610,499,11,0.022044,486,229,47.12,2361.53,23094.36,-20732.83,1.11,12.66,1.89,185.88,172.63,250,8132.37,35462.00,510,1.0000,3.0000,0,200,0,600,0.000000,0.050000,486,0.00,149.00,0.00,149.00,0.00,0.00,0.00,0.00,0
NDX100,PERIOD_H1,15,0,15:00,60,BREAKOUT,2.00,0.10,159,2.50,1.1105,195,496,0.083670,536,50,0.093284,485,227,46.80,1555.93,21025.98,-19470.05,1.08,12.78,1.31,185.73,217.10,250,8132.37,35462.00,510,1.0000,3.0000,0,200,0,600,0.000000,0.050000,485,0.00,195.00,0.00,195.00,0.00,0.00,0.00,0.00,0
NDX100,PERIOD_H1,15,0,15:00,60,BREAKOUT,2.00,0.10,162,1.50,1.0606,112,869,0.002978,493,3,0.006085,488,232,47.54,2727.49,23608.41,-20880.92,1.13,12.74,2.12,186.05,124.11,250,8132.37,35462.00,510,1.0000,3.0000,0,200,0,600,0.000000,0.050000,488,0.00,112.00,0.00,112.00,0.00,0.00,0.00,0.00,0
NDX100,PERIOD_H1,15,0,15:00,60,BREAKOUT,2.00,0.10,490,3.00,1.3999,578,1408,0.090786,528,47,0.089015,481,227,47.19,670.87,19320.00,-18649.13,1.04,14.31,0.61,186.10,657.98,250,8132.37,35462.00,510,1.0000,3.0000,0,200,0,600,0.000000,0.050000,481,0.00,578.00,0.00,578.00,0.00,0.00,0.00,0.00,0
NDX100,PERIOD_H1,15,0,15:00,60,BREAKOUT,2.00,0.10,494,1.00,1.1008,55,578,0.042265,512,23,0.044922,487,232,47.64,3093.02,24259.82,-21166.80,1.15,13.59,2.39,185.81,75.15,250,8132.37,35462.00,510,1.0000,3.0000,0,200,0,600,0.000000,0.050000,487,0.00,55.00,0.00,55.00,0.00,0.00,0.00,0.00,0
NDX100,PERIOD_H1,15,0,15:00,60,BREAKOUT,2.00,0.10,493,3.00,1.4024,568,752,0.011090,487,4,0.008214,483,227,47.00,907.94,19801.73,-18893.79,1.05,14.93,0.79,185.78,648.47,250,8132.37,35462.00,510,1.0000,3.0000,0,200,0,600,0.000000,0.050000,483,0.00,568.00,0.00,568.00,0.00,0.00,0.00,0.00,0
NDX100,PERIOD_H1,15,0,15:00,60,BREAKOUT,2.00,0.10,494,2.00,1.2519,110,1155,0.084530,536,50,0.093284,484,229,47.31,3045.21,23796.14,-20750.93,1.15,13.32,2.41,185.79,160.39,250,8132.37,35462.00,510,1.0000,3.0000,0,200,0,600,0.000000,0.050000,484,0.00,110.00,0.00,110.00,0.00,0.00,0.00,0.00,0
NDX100,PERIOD_H1,15,0,15:00,60,BREAKOUT,2.00,0.10,160,2.00,1.0856,287,1051,0.057103,518,30,0.057915,486,230,47.33,2099.26,22004.58,-19905.32,1.11,12.47,1.72,185.87,304.12,250,8132.37,35462.00,510,1.0000,3.0000,0,200,0,600,0.000000,0.050000,486,0.00,287.00,0.00,287.00,0.00,0.00,0.00,0.00,0
NDX100,PERIOD_H1,15,0,15:00,60,BREAKOUT,2.00,0.10,166,1.00,1.0354,137,88,0.048859,525,37,0.070476,486,235,48.35,2998.44,24019.64,-21021.20,1.14,15.66,2.32,185.96,144.08,250,8132.37,35462.00,510,1.0000,3.0000,0,200,0,600,0.000000,0.050000,486,0.00,137.00,0.00,137.00,0.00,0.00,0.00,0.00,0
NDX100,PERIOD_H1,15,0,15:00,60,BREAKOUT,2.00,0.10,492,2.50,1.3263,310,1309,0.037657,504,16,0.031746,486,225,46.30,1386.30,20889.46,-19503.16,1.07,17.24,1.18,186.22,375.26,250,8132.37,35462.00,510,1.0000,3.0000,0,200,0,600,0.000000,0.050000,486,0.00,310.00,0.00,310.00,0.00,0.00,0.00,0.00,0
NDX100,PERIOD_H1,15,0,15:00,60,BREAKOUT,2.00,0.10,327,2.00,1.1688,199,1103,0.020814,502,14,0.027888,486,227,46.71,1798.33,21908.75,-20110.42,1.09,12.36,1.49,185.76,232.75,250,8132.37,35462.00,510,1.0000,3.0000,0,200,0,600,0.000000,0.050000,486,0.00,199.00,0.00,199.00,0.00,0.00,0.00,0.00,0
NDX100,PERIOD_H1,15,0,15:00,60,BREAKOUT,2.00,0.10,331,1.00,1.0683,162,60,0.007277,495,5,0.010101,489,233,47.65,2697.31,23946.94,-21249.63,1.13,14.97,2.08,185.88,175.66,250,8132.37,35462.00,510,1.0000,3.0000,0,200,0,600,0.000000,0.050000,489,0.00,162.00,0.00,162.00,0.00,0.00,0.00,0.00,0
NDX100,PERIOD_H1,15,0,15:00,60,BREAKOUT,2.00,0.10,489,2.50,1.3243,318,355,0.017350,494,6,0.012146,486,231,47.53,2110.25,22266.89,-20156.64,1.10,17.24,1.71,186.01,382.87,250,8132.37,35462.00,510,1.0000,3.0000,0,200,0,600,0.000000,0.050000,486,0.00,318.00,0.00,318.00,0.00,0.00,0.00,0.00,0
NDX100,PERIOD_H1,15,0,15:00,60,BREAKOUT,2.00,0.10,491,2.50,1.3257,146,491,0.064223,519,30,0.057803,487,226,46.41,1389.45,20862.50,-19473.05,1.07,12.51,1.17,185.75,211.14,250,8132.37,35462.00,510,1.0000,3.0000,0,200,0,600,0.000000,0.050000,487,0.00,146.00,0.00,146.00,0.00,0.00,0.00,0.00,0
NDX100,PERIOD_H1,15,0,15:00,60,BREAKOUT,2.00,0.10,492,1.50,1.1757,186,785,0.028243,505,15,0.029703,488,228,46.72,2309.04,22365.08,-20056.04,1.12,11.59,1.85,185.68,221.14,250,8132.37,35462.00,510,1.0000,3.0000,0,200,0,600,0.000000,0.050000,488,0.00,186.00,0.00,186.00,0.00,0.00,0.00,0.00,0
NDX100,PERIOD_H1,15,0,15:00,60,BREAKOUT,2.00,0.10,160,2.50,1.1113,359,1313,0.057103,518,30,0.057915,486,228,46.91,1548.09,21266.46,-19718.37,1.08,14.28,1.31,186.20,381.26,250,8132.37,35462.00,510,1.0000,3.0000,0,200,0,600,0.000000,0.050000,486,0.00,359.00,0.00,359.00,0.00,0.00,0.00,0.00,0
NDX100,PERIOD_H1,15,0,15:00,60,BREAKOUT,2.00,0.10,328,1.50,1.1185,247,418,0.070690,527,40,0.075901,485,235,48.45,2338.17,21635.99,-19297.82,1.12,11.16,1.91,185.63,270.69,250,8132.37,35462.00,510,1.0000,3.0000,0,200,0,600,0.000000,0.050000,485,0.00,247.00,0.00,247.00,0.00,0.00,0.00,0.00,0
NDX100,PERIOD_H1,15,0,15:00,60,BREAKOUT,2.00,0.10,163,1.50,1.0609,211,460,0.058058,520,37,0.071154,481,229,47.61,2124.24,21694.18,-19569.94,1.11,12.91,1.74,185.93,223.18,250,8132.37,35462.00,510,1.0000,3.0000,0,200,0,600,0.000000,0.050000,481,0.00,211.00,0.00,211.00,0.00,0.00,0.00,0.00,0
NDX100,PERIOD_H1,15,0,15:00,60,BREAKOUT,2.00,0.10,499,3.00,1.4072,549,1239,0.051704,516,35,0.067829,481,225,46.78,119.25,18982.53,-18863.28,1.01,18.50,0.11,186.15,630.45,250,8132.37,35462.00,510,1.0000,3.0000,0,200,0,600,0.000000,0.050000,481,0.00,549.00,0.00,549.00,0.00,0.00,0.00,0.00,0
NDX100,PERIOD_H1,15,0,15:00,60,BREAKOUT,2.00,0.10,494,3.00,1.4031,165,1733,0.084530,537,51,0.094972,484,227,46.90,2504.92,22811.99,-20307.07,1.12,13.00,2.05,185.52,245.62,250,8132.37,35462.00,510,1.0000,3.0000,0,200,0,600,0.000000,0.050000,484,0.00,165.00,0.00,165.00,0.00,0.00,0.00,0.00,0
NDX100,PERIOD_H1,15,0,15:00,60,BREAKOUT,2.00,0.10,495,1.00,1.1010,121,305,0.028982,507,17,0.033531,488,230,47.13,1167.39,21714.18,-20546.79,1.06,15.69,0.98,186.34,141.20,250,8132.37,35462.00,510,1.0000,3.0000,0,200,0,600,0.000000,0.050000,488,0.00,121.00,0.00,121.00,0.00,0.00,0.00,0.00,0
NDX100,PERIOD_H1,15,0,15:00,60,BREAKOUT,2.00,0.10,498,1.00,1.1016,117,86,0.039135,505,15,0.029703,488,234,47.95,2625.54,24181.40,-21555.86,1.12,15.23,2.05,185.88,137.31,250,8132.37,35462.00,510,1.0000,3.0000,0,200,0,600,0.000000,0.050000,488,0.00,117.00,0.00,117.00,0.00,0.00,0.00,0.00,0
NDX100,PERIOD_H1,15,0,15:00,60,BREAKOUT,2.00,0.10,497,3.00,1.4055,156,1077,0.004834,494,4,0.008097,488,230,47.13,1948.86,22062.50,-20113.64,1.10,12.77,1.58,185.76,237.11,250,8132.37,35462.00,510,1.0000,3.0000,0,200,0,600,0.000000,0.050000,488,0.00,156.00,0.00,156.00,0.00,0.00,0.00,0.00,0
NDX100,PERIOD_H1,15,0,15:00,60,BREAKOUT,2.00,0.10,161,2.00,1.0861,18,505,0.030537,501,12,0.023952,487,229,47.02,1619.28,22156.88,-20537.60,1.08,15.72,1.33,185.90,35.21,250,8132.37,35462.00,510,1.0000,3.0000,0,200,0,600,0.000000,0.050000,487,0.00,18.00,0.00,18.00,0.00,0.00,0.00,0.00,0
NDX100,PERIOD_H1,15,0,15:00,60,BREAKOUT,2.00,0.10,495,1.50,1.1768,181,457,0.043473,520,31,0.059615,487,225,46.20,493.46,19971.65,-19478.19,1.03,14.64,0.43,185.81,216.36,250,8132.37,35462.00,510,1.0000,3.0000,0,200,0,600,0.000000,0.050000,487,0.00,181.00,0.00,181.00,0.00,0.00,0.00,0.00,0
NDX100,PERIOD_H1,15,0,15:00,60,BREAKOUT,2.00,0.10,328,2.00,1.1692,330,557,0.094253,545,60,0.110092,483,228,47.20,1021.42,19145.95,-18124.53,1.06,14.03,0.90,185.45,363.85,250,8132.37,35462.00,510,1.0000,3.0000,0,200,0,600,0.000000,0.050000,483,0.00,330.00,0.00,330.00,0.00,0.00,0.00,0.00,0
NDX100,PERIOD_H1,15,0,15:00,60,BREAKOUT,2.00,0.10,490,2.50,1.3249,482,1173,0.090786,530,47,0.088679,483,228,47.20,987.09,20032.54,-19045.45,1.05,14.56,0.88,186.23,546.99,250,8132.37,35462.00,510,1.0000,3.0000,0,200,0,600,0.000000,0.050000,483,0.00,482.00,0.00,482.00,0.00,0.00,0.00,0.00,0
NDX100,PERIOD_H1,15,0,15:00,60,BREAKOUT,2.00,0.10,500,3.00,1.4080,146,421,0.025138,496,6,0.012097,488,231,47.34,3074.88,23881.00,-20806.12,1.15,10.65,2.36,185.76,227.59,250,8132.37,35462.00,510,1.0000,3.0000,0,200,0,600,0.000000,0.050000,488,0.00,146.00,0.00,146.00,0.00,0.00,0.00,0.00,0
NDX100,PERIOD_H1,15,0,15:00,60,BREAKOUT,2.00,0.10,332,1.00,1.0685,27,387,0.043997,514,24,0.046693,488,230,47.13,3306.09,25079.41,-21773.32,1.15,13.40,2.50,185.80,40.70,250,8132.37,35462.00,510,1.0000,3.0000,0,200,0,600,0.000000,0.050000,488,0.00,27.00,0.00,27.00,0.00,0.00,0.00,0.00,0
NDX100,PERIOD_H1,15,0,15:00,60,BREAKOUT,2.00,0.10,493,1.50,1.1760,284,376,0.008318,490,2,0.004082,486,232,47.74,2650.80,22825.93,-20175.13,1.13,14.05,2.08,186.41,319.21,250,8132.37,35462.00,510,1.0000,3.0000,0,200,0,600,0.000000,0.050000,486,0.00,284.00,0.00,284.00,0.00,0.00,0.00,0.00,0
NDX100,PERIOD_H1,15,0,15:00,60,BREAKOUT,2.00,0.10,329,1.50,1.1188,46,9,0.050765,509,20,0.039293,488,232,47.54,2065.31,22715.98,-20650.67,1.10,15.39,1.66,185.91,69.76,250,8132.37,35462.00,510,1.0000,3.0000,0,200,0,600,0.000000,0.050000,488,0.00,46.00,0.00,46.00,0.00,0.00,0.00,0.00,0
NDX100,PERIOD_H1,15,0,15:00,60,BREAKOUT,2.00,0.10,496,3.00,1.4048,559,96,0.031397,493,10,0.020284,483,229,47.41,655.65,19717.89,-19062.24,1.03,17.29,0.58,186.00,639.96,250,8132.37,35462.00,510,1.0000,3.0000,0,200,0,600,0.000000,0.050000,483,0.00,559.00,0.00,559.00,0.00,0.00,0.00,0.00,0
NDX100,PERIOD_H1,15,0,15:00,60,BREAKOUT,2.00,0.10,164,1.50,1.0613,9,51,0.038133,512,23,0.044922,488,233,47.75,2467.54,23740.63,-21273.09,1.12,15.79,1.92,185.99,21.26,250,8132.37,35462.00,510,1.0000,3.0000,0,200,0,600,0.000000,0.050000,488,0.00,9.00,0.00,9.00,0.00,0.00,0.00,0.00,0
NDX100,PERIOD_H1,15,0,15:00,60,BREAKOUT,2.00,0.10,497,1.00,1.1014,52,359,0.002417,493,3,0.006085,488,233,47.75,2961.82,24493.09,-21531.27,1.14,16.07,2.27,186.09,72.28,250,8132.37,35462.00,510,1.0000,3.0000,0,200,0,600,0.000000,0.050000,488,0.00,52.00,0.00,52.00,0.00,0.00,0.00,0.00,0
NDX100,PERIOD_H1,15,0,15:00,60,BREAKOUT,2.00,0.10,495,3.00,1.4041,362,914,0.057964,523,36,0.068834,485,224,46.19,-356.18,18204.63,-18560.81,0.98,20.33,-0.33,186.08,442.81,250,8132.37,35462.00,510,1.0000,3.0000,0,200,0,600,0.000000,0.050000,485,0.00,362.00,0.00,362.00,0.00,0.00,0.00,0.00,0
NDX100,PERIOD_H1,15,0,15:00,60,BREAKOUT,2.00,0.10,496,1.00,1.1012,186,32,0.015699,499,9,0.018036,489,234,47.85,2363.79,22654.28,-20290.49,1.12,13.79,1.86,185.88,206.24,250,8132.37,35462.00,510,1.0000,3.0000,0,200,0,600,0.000000,0.050000,489,0.00,186.00,0.00,186.00,0.00,0.00,0.00,0.00,0
NDX100,PERIOD_H1,15,0,15:00,60,BREAKOUT,2.00,0.10,162,2.00,1.0865,150,1159,0.003970,493,3,0.006085,488,231,47.34,2580.08,23438.31,-20858.23,1.12,12.68,2.03,186.09,167.30,250,8132.37,35462.00,510,1.0000,3.0000,0,200,0,600,0.000000,0.050000,488,0.00,150.00,0.00,150.00,0.00,0.00,0.00,0.00,0
NDX100,PERIOD_H1,15,0,15:00,60,BREAKOUT,2.00,0.10,330,1.50,1.1192,144,499,0.030840,505,15,0.029703,488,234,47.95,3268.53,24557.26,-21288.73,1.15,11.33,2.50,185.72,167.84,250,8132.37,35462.00,510,1.0000,3.0000,0,200,0,600,0.000000,0.050000,488,0.00,144.00,0.00,144.00,0.00,0.00,0.00,0.00,0
NDX100,PERIOD_H1,15,0,15:00,60,BREAKOUT,2.00,0.10,496,1.50,1.1771,279,48,0.023548,498,10,0.020080,487,232,47.64,1390.48,21092.88,-19702.40,1.07,16.45,1.15,185.97,314.42,250,8132.37,35462.00,510,1.0000,3.0000,0,200,0,600,0.000000,0.050000,487,0.00,279.00,0.00,279.00,0.00,0.00,0.00,0.00,0
NDX100,PERIOD_H1,15,0,15:00,60,BREAKOUT,2.00,0.10,498,3.00,1.4063,352,258,0.078271,525,41,0.078095,482,231,47.93,1538.24,21287.86,-19749.62,1.08,17.63,1.31,186.86,433.25,250,8132.37,35462.00,510,1.0000,3.0000,0,200,0,600,0.000000,0.050000,482,0.00,352.00,0.00,352.00,0.00,0.00,0.00,0.00,0
NDX100,PERIOD_H1,15,0,15:00,60,BREAKOUT,2.00,0.10,494,1.50,1.1764,83,866,0.063398,523,35,0.066922,486,233,47.94,3027.03,23952.66,-20925.63,1.14,13.49,2.37,185.89,118.27,250,8132.37,35462.00,510,1.0000,3.0000,0,200,0,600,0.000000,0.050000,486,0.00,83.00,0.00,83.00,0.00,0.00,0.00,0.00,0
